[2026-02-16T04:02:00.293Z] [INFO] GET /dashboard 
[2026-02-16T04:02:38.818Z] [INFO] GET /api/users/ 
[2026-02-16T04:03:07.555Z] [INFO] GET /api/appointments 
[2026-02-16T04:03:13.154Z] [INFO] OPTIONS /api/login 
[2026-02-16T04:03:13.156Z] [INFO] POST /api/login 
[2026-02-16T04:03:13.229Z] [INFO] GET /api/assistance 
[2026-02-16T04:05:06.696Z] [INFO] GET / 
[2026-02-16T04:05:09.706Z] [INFO] GET / 
[2026-02-16T04:05:10.844Z] [INFO] GET /apple-touch-icon-precomposed.png 
[2026-02-16T04:05:10.908Z] [INFO] GET /apple-touch-icon.png 
[2026-02-16T04:05:10.971Z] [INFO] GET /favicon.ico 
[2026-02-16T04:05:17.580Z] [INFO] POST /api/login 
[2026-02-16T04:05:24.627Z] [INFO] POST /api/login 
[2026-02-16T04:06:38.191Z] [INFO] GET /api/appointments 
[2026-02-16T04:06:42.780Z] [INFO] OPTIONS /api/login 
[2026-02-16T04:06:42.782Z] [INFO] POST /api/login 
[2026-02-16T04:06:42.898Z] [INFO] GET /api/assistance 
[2026-02-16T04:06:45.950Z] [INFO] GET /api/vehicles/joedoe%40gmail.com 
[2026-02-16T04:07:05.822Z] [INFO] GET /api/users/check-phone/%2B1%202222222222 
[2026-02-16T04:07:10.081Z] [INFO] GET /api/users 
[2026-02-16T04:07:10.102Z] [INFO] GET /api/users 
[2026-02-16T04:07:17.223Z] [INFO] GET /api/appointments 
[2026-02-16T04:07:17.225Z] [INFO] GET /api/appointments 
[2026-02-16T04:07:22.245Z] [INFO] GET /api/users/check-phone/%2B1%202222222222 
[2026-02-16T04:07:59.870Z] [INFO] OPTIONS /api/users 
[2026-02-16T04:07:59.872Z] [INFO] POST /api/users 
[2026-02-16T04:08:04.762Z] [INFO] OPTIONS /api/login 
[2026-02-16T04:08:04.763Z] [INFO] POST /api/login 
[2026-02-16T04:08:04.840Z] [INFO] GET /api/assistance 
[2026-02-16T04:08:11.553Z] [INFO] OPTIONS /api/users/smmet135@gmail.com 
[2026-02-16T04:08:11.554Z] [INFO] PATCH /api/users/smmet135@gmail.com 
[2026-02-16T04:08:11.625Z] [INFO] GET /api/assistance 
[2026-02-16T04:08:22.458Z] [INFO] OPTIONS /api/appointments/2 
[2026-02-16T04:08:22.461Z] [INFO] PATCH /api/appointments/2 
[2026-02-16T04:08:23.260Z] [INFO] GET /api/assistance 
[2026-02-16T04:08:27.175Z] [INFO] OPTIONS /api/appointments 
[2026-02-16T04:08:27.177Z] [INFO] POST /api/appointments 
[2026-02-16T04:08:28.198Z] [INFO] GET /api/assistance 
[2026-02-16T04:08:29.225Z] [INFO] GET /api/assistance 
[2026-02-16T04:08:29.540Z] [INFO] OPTIONS /api/appointments/3 
[2026-02-16T04:08:29.541Z] [INFO] PATCH /api/appointments/3 
[2026-02-16T04:08:29.541Z] [INFO] OPTIONS /api/appointments/3 
[2026-02-16T04:08:29.542Z] [INFO] PATCH /api/appointments/3 
[2026-02-16T04:08:46.360Z] [INFO] GET /api/users/ 
[2026-02-16T04:08:49.737Z] [INFO] GET /api/users 
[2026-02-16T04:08:49.742Z] [INFO] GET /api/users 
[2026-02-16T04:10:45.165Z] [INFO] GET /api/appointments 
[2026-02-16T04:10:45.173Z] [INFO] GET /api/appointments 
[2026-02-16T04:10:47.861Z] [INFO] GET /api/users 
[2026-02-16T04:10:47.873Z] [INFO] GET /api/users 
[2026-02-16T04:10:48.378Z] [INFO] GET /api/appointments 
[2026-02-16T04:10:48.381Z] [INFO] GET /api/appointments 
[2026-02-16T04:10:55.791Z] [INFO] GET /api/users 
[2026-02-16T04:10:55.795Z] [INFO] GET /api/users 
[2026-02-16T04:10:56.998Z] [INFO] GET /api/users 
[2026-02-16T04:10:57.002Z] [INFO] GET /api/users 
[2026-02-16T04:11:14.617Z] [INFO] GET /api/users/ 
[2026-02-16T04:11:38.600Z] [INFO] OPTIONS /api/login 
[2026-02-16T04:11:38.603Z] [INFO] POST /api/login 
[2026-02-16T04:11:38.703Z] [INFO] GET /api/assistance 
[2026-02-16T04:11:38.747Z] [INFO] GET /api/assistance 
[2026-02-16T04:11:48.282Z] [INFO] GET /api/vehicles/joedoe%40gmail.com 
[2026-02-16T04:14:59.030Z] [INFO] GET /api/users 
[2026-02-16T04:15:05.698Z] [INFO] GET /api/users 
[2026-02-16T04:15:05.704Z] [INFO] GET /api/users 
[2026-02-16T04:15:43.757Z] [INFO] GET /api/users 
[2026-02-16T04:15:43.763Z] [INFO] GET /api/users 
[2026-02-16T04:17:10.661Z] [INFO] OPTIONS /api/users/ssammet135@gmail.com 
[2026-02-16T04:17:10.663Z] [INFO] PATCH /api/users/ssammet135@gmail.com 
[2026-02-16T04:18:06.623Z] [INFO] OPTIONS /api/users/john.doe@example.com 
[2026-02-16T04:18:06.624Z] [INFO] PATCH /api/users/john.doe@example.com 
[2026-02-16T04:18:11.234Z] [INFO] GET /api/assistance 
[2026-02-16T04:18:11.236Z] [INFO] GET /api/assistance 
[2026-02-16T04:18:18.855Z] [INFO] GET /api/assistance 
[2026-02-16T04:18:18.860Z] [INFO] GET /api/assistance 
[2026-02-16T04:18:25.858Z] [INFO] GET /api/users 
[2026-02-16T04:18:25.863Z] [INFO] GET /api/users 
[2026-02-16T04:19:05.036Z] [INFO] GET /api/appointments 
[2026-02-16T04:19:35.291Z] [INFO] OPTIONS /api/users/john.doe@example.com 
[2026-02-16T04:19:35.296Z] [INFO] PATCH /api/users/john.doe@example.com 
[2026-02-16T04:19:44.148Z] [INFO] POST /api/login 
[2026-02-16T04:19:44.249Z] [INFO] GET /api/assistance 
[2026-02-16T04:19:49.386Z] [INFO] OPTIONS /api/users/john.doe@example.com 
[2026-02-16T04:19:49.389Z] [INFO] PATCH /api/users/john.doe@example.com 
[2026-02-16T04:20:12.567Z] [INFO] OPTIONS /api/users/john.doe@example.com 
[2026-02-16T04:20:12.569Z] [INFO] PATCH /api/users/john.doe@example.com 
[2026-02-16T04:20:34.276Z] [INFO] OPTIONS /api/users/john.doe@example.com 
[2026-02-16T04:20:34.278Z] [INFO] PATCH /api/users/john.doe@example.com 
[2026-02-16T04:20:54.204Z] [INFO] GET /api/users 
[2026-02-16T04:20:54.219Z] [INFO] GET /api/users 
[2026-02-16T04:21:38.968Z] [INFO] GET /api/assistance 
[2026-02-16T04:21:38.975Z] [INFO] GET /api/assistance 
[2026-02-16T04:21:39.001Z] [INFO] GET /api/assistance 
[2026-02-16T04:21:53.061Z] [INFO] GET /api/assistance?userEmail=joedoe%40gmail.com 
[2026-02-16T04:21:53.068Z] [INFO] GET /api/assistance?userEmail=joedoe%40gmail.com 
[2026-02-16T04:21:53.165Z] [INFO] GET /api/assistance?mechanicEmail=smmet135%40gmail.com 
[2026-02-16T04:22:17.086Z] [INFO] GET /api/users 
[2026-02-16T04:22:17.097Z] [INFO] GET /api/users 
[2026-02-16T04:22:31.192Z] [INFO] GET /api/users 
[2026-02-16T04:22:31.198Z] [INFO] GET /api/users 
[2026-02-16T04:22:43.818Z] [INFO] GET /api/appointments 
[2026-02-16T04:22:43.858Z] [INFO] GET /api/assistance?userEmail=joedoe%40gmail.com 
[2026-02-16T04:22:55.211Z] [INFO] OPTIONS /api/login 
[2026-02-16T04:22:55.216Z] [INFO] POST /api/login 
[2026-02-16T04:22:55.264Z] [INFO] GET /api/assistance?mechanicEmail=smmet135%40gmail.com 
[2026-02-16T04:22:56.691Z] [INFO] GET /api/users 
[2026-02-16T04:22:56.698Z] [INFO] GET /api/users 
[2026-02-16T04:23:06.516Z] [INFO] OPTIONS /api/appointments/3 
[2026-02-16T04:23:06.518Z] [INFO] PATCH /api/appointments/3 
[2026-02-16T04:23:07.548Z] [INFO] GET /api/assistance?mechanicEmail=smmet135%40gmail.com 
[2026-02-16T04:23:32.335Z] [INFO] OPTIONS /api/login 
[2026-02-16T04:23:32.336Z] [INFO] POST /api/login 
[2026-02-16T04:23:32.394Z] [INFO] GET /api/assistance?mechanicEmail=smmet135%40gmail.com 
[2026-02-16T04:23:32.441Z] [INFO] GET /api/assistance?mechanicEmail=smmet135%40gmail.com 
[2026-02-16T04:23:44.473Z] [INFO] OPTIONS /api/login 
[2026-02-16T04:23:44.477Z] [INFO] POST /api/login 
[2026-02-16T04:23:44.582Z] [INFO] GET /api/assistance?userEmail=joedoe%40gmail.com 
[2026-02-16T04:23:44.626Z] [INFO] GET /api/assistance?userEmail=joedoe%40gmail.com 
[2026-02-16T04:23:48.333Z] [INFO] GET /api/users 
[2026-02-16T04:23:48.338Z] [INFO] GET /api/users 
[2026-02-16T04:24:08.425Z] [INFO] OPTIONS /api/users/ssammet135@gmail.com 
[2026-02-16T04:24:08.427Z] [INFO] PATCH /api/users/ssammet135@gmail.com 
[2026-02-16T04:24:35.964Z] [INFO] GET /api/assistance?userEmail=joedoe@gmail.com 
[2026-02-16T04:24:45.782Z] [INFO] GET /api/users 
[2026-02-16T04:24:45.787Z] [INFO] GET /api/users 
[2026-02-16T04:25:15.030Z] [INFO] GET /api/users 
[2026-02-16T04:25:15.046Z] [INFO] GET /api/users 
[2026-02-16T04:25:15.094Z] [INFO] GET /api/users 
[2026-02-16T04:25:15.099Z] [INFO] GET /api/users 
[2026-02-16T04:25:18.166Z] [INFO] GET /api/assistance?userEmail=joedoe@gmail.com 
[2026-02-16T04:26:11.159Z] [INFO] GET /api/users 
[2026-02-16T04:26:11.173Z] [INFO] GET /api/users 
[2026-02-16T04:26:13.390Z] [INFO] GET /api/assistance?userEmail=joedoe%40gmail.com 
[2026-02-16T04:26:13.391Z] [INFO] GET /api/appointments 
[2026-02-16T04:26:13.598Z] [INFO] GET /api/appointments 
[2026-02-16T04:26:25.470Z] [INFO] GET /api/assistance?userEmail=joedoe%40gmail.com 
[2026-02-16T04:26:25.478Z] [INFO] GET /api/appointments?userEmail=joedoe%40gmail.com 
[2026-02-16T04:26:25.682Z] [INFO] GET /api/appointments?mechanicEmail=smmet135%40gmail.com 
[2026-02-16T04:26:33.946Z] [INFO] GET /api/assistance?userEmail=joedoe%40gmail.com 
[2026-02-16T04:27:11.013Z] [INFO] GET /api/users 
[2026-02-16T04:27:11.019Z] [INFO] GET /api/users 
[2026-02-16T04:27:21.410Z] [INFO] OPTIONS /api/users/mechanic@example.com 
[2026-02-16T04:27:21.412Z] [INFO] PATCH /api/users/mechanic@example.com 
[2026-02-16T04:27:22.564Z] [INFO] GET /api/users 
[2026-02-16T04:27:22.570Z] [INFO] GET /api/users 
[2026-02-16T04:27:29.628Z] [INFO] OPTIONS /api/users/ezequielcarson1@gmail.com 
[2026-02-16T04:27:29.631Z] [INFO] PATCH /api/users/ezequielcarson1@gmail.com 
[2026-02-16T04:28:00.329Z] [INFO] GET /api/appointments?userEmail=joedoe%40gmail.com 
[2026-02-16T04:28:01.480Z] [INFO] GET /api/users 
[2026-02-16T04:28:01.499Z] [INFO] GET /api/users 
[2026-02-16T04:28:07.123Z] [INFO] OPTIONS /api/login 
[2026-02-16T04:28:07.125Z] [INFO] POST /api/login 
[2026-02-16T04:28:07.191Z] [INFO] GET /api/assistance?userEmail=joedoe%40gmail.com 
[2026-02-16T04:29:17.949Z] [INFO] GET /api/users 
[2026-02-16T04:29:17.953Z] [INFO] GET /api/users 
[2026-02-16T04:29:20.346Z] [INFO] OPTIONS /api/users/ssammet135@gmail.com 
[2026-02-16T04:29:20.348Z] [INFO] DELETE /api/users/ssammet135@gmail.com 
[2026-02-16T04:29:52.821Z] [INFO] OPTIONS /api/login 
[2026-02-16T04:29:52.825Z] [INFO] POST /api/login 
[2026-02-16T04:29:52.874Z] [INFO] GET /api/appointments?mechanicEmail=smmet135%40gmail.com 
[2026-02-16T04:29:52.902Z] [INFO] GET /api/assistance?mechanicEmail=smmet135%40gmail.com 
[2026-02-16T04:30:13.324Z] [INFO] OPTIONS /api/login 
[2026-02-16T04:30:13.328Z] [INFO] POST /api/login 
[2026-02-16T04:30:13.369Z] [INFO] GET /api/appointments?userEmail=joedoe%40gmail.com 
[2026-02-16T04:30:13.400Z] [INFO] GET /api/assistance?userEmail=joedoe%40gmail.com 
[2026-02-16T04:30:24.527Z] [INFO] GET /api/vehicles/joedoe%40gmail.com 
[2026-02-16T04:31:54.063Z] [INFO] GET /api/appointments 
[2026-02-16T04:31:54.067Z] [INFO] GET /api/appointments 
[2026-02-16T04:31:55.101Z] [INFO] GET /api/users 
[2026-02-16T04:31:55.109Z] [INFO] GET /api/users 
[2026-02-16T04:32:01.737Z] [INFO] GET /api/appointments?userEmail=joedoe%40gmail.com 
[2026-02-16T04:32:02.002Z] [INFO] GET /api/appointments?mechanicEmail=smmet135%40gmail.com 
[2026-02-16T04:32:15.014Z] [INFO] GET /api/appointments?userEmail=joedoe%40gmail.com 
[2026-02-16T04:32:15.191Z] [INFO] GET /api/appointments?mechanicEmail=smmet135%40gmail.com 
[2026-02-16T04:32:15.630Z] [INFO] OPTIONS /api/users/mike.brown@example.com 
[2026-02-16T04:32:15.633Z] [INFO] DELETE /api/users/mike.brown@example.com 
[2026-02-16T04:32:26.891Z] [INFO] GET /api/appointments?userEmail=joedoe%40gmail.com 
[2026-02-16T04:32:27.013Z] [INFO] GET /api/appointments?mechanicEmail=smmet135%40gmail.com 
[2026-02-16T04:32:28.874Z] [INFO] GET /api/appointments?userEmail=joedoe%40gmail.com 
[2026-02-16T04:32:28.985Z] [INFO] GET /api/appointments?mechanicEmail=smmet135%40gmail.com 
[2026-02-16T04:32:30.950Z] [INFO] GET /api/appointments?userEmail=joedoe%40gmail.com 
[2026-02-16T04:32:31.087Z] [INFO] GET /api/appointments?mechanicEmail=smmet135%40gmail.com 
[2026-02-16T04:33:34.197Z] [INFO] GET /api/users/ 
[2026-02-16T04:35:47.520Z] [INFO] OPTIONS /api/login 
[2026-02-16T04:35:47.523Z] [INFO] POST /api/login 
[2026-02-16T04:35:50.974Z] [INFO] GET /api/users 
[2026-02-16T04:35:50.982Z] [INFO] GET /api/users 
[2026-02-16T04:35:56.282Z] [INFO] GET /api/users/ 
[2026-02-16T04:36:51.557Z] [INFO] GET /api/users/ 
[2026-02-16T04:36:58.826Z] [INFO] GET /api/users 
[2026-02-16T04:36:58.830Z] [INFO] GET /api/users 
[2026-02-16T04:38:16.936Z] [INFO] OPTIONS /api/login 
[2026-02-16T04:38:16.938Z] [INFO] POST /api/login 
[2026-02-16T04:38:39.583Z] [INFO] POST /api/login 
[2026-02-16T04:38:51.433Z] [INFO] GET /api/users/ 
[2026-02-16T04:39:08.792Z] [INFO] GET /api/users 
[2026-02-16T04:39:08.802Z] [INFO] GET /api/users 
[2026-02-16T04:39:16.079Z] [INFO] GET /api/users/ 
[2026-02-16T04:39:19.309Z] [INFO] POST /api/login 
[2026-02-16T04:39:30.083Z] [INFO] OPTIONS /api/login 
[2026-02-16T04:39:30.085Z] [INFO] POST /api/login 
[2026-02-16T04:39:33.871Z] [INFO] GET /api/users/ 
[2026-02-16T04:39:45.548Z] [INFO] OPTIONS /api/login 
[2026-02-16T04:39:45.552Z] [INFO] POST /api/login 
[2026-02-16T04:39:52.537Z] [INFO] GET /api/users 
[2026-02-16T04:39:52.538Z] [INFO] GET /api/users 
[2026-02-16T04:40:02.467Z] [INFO] GET /api/users 
[2026-02-16T04:40:02.468Z] [INFO] GET /api/users 
[2026-02-16T04:40:23.866Z] [INFO] GET /api/users/ 
[2026-02-16T04:40:32.153Z] [INFO] OPTIONS /api/login 
[2026-02-16T04:40:32.154Z] [INFO] POST /api/login 
[2026-02-16T04:40:46.164Z] [INFO] GET /api/assistance?userId=user-111 
[2026-02-16T04:40:46.172Z] [INFO] GET /api/appointments?userId=user-111 
[2026-02-16T04:40:46.179Z] [INFO] GET /api/users/user-111/vehicles 
[2026-02-16T04:41:34.936Z] [INFO] OPTIONS /api/login 
[2026-02-16T04:41:34.941Z] [INFO] POST /api/login 
[2026-02-16T04:42:38.344Z] [INFO] OPTIONS /api/login 
[2026-02-16T04:42:38.354Z] [INFO] POST /api/login 
[2026-02-16T04:42:38.411Z] [INFO] GET /api/appointments?userId=user-111 
[2026-02-16T04:42:38.437Z] [INFO] GET /api/assistance?userId=user-111 
[2026-02-16T04:42:45.671Z] [INFO] OPTIONS /api/login 
[2026-02-16T04:42:45.673Z] [INFO] POST /api/login 
[2026-02-16T04:42:49.375Z] [INFO] GET /api/appointments 
[2026-02-16T04:42:49.380Z] [INFO] GET /api/appointments 
[2026-02-16T04:42:50.722Z] [INFO] GET /api/users 
[2026-02-16T04:42:50.727Z] [INFO] GET /api/users 
[2026-02-16T04:42:51.683Z] [INFO] GET /api/users 
[2026-02-16T04:42:51.685Z] [INFO] GET /api/users 
[2026-02-16T04:42:57.865Z] [INFO] OPTIONS /api/users/mechanic@example.com 
[2026-02-16T04:42:57.868Z] [INFO] PATCH /api/users/mechanic@example.com 
[2026-02-16T04:42:58.849Z] [INFO] GET /api/users 
[2026-02-16T04:42:58.850Z] [INFO] GET /api/users 
[2026-02-16T04:43:24.518Z] [INFO] OPTIONS /api/login 
[2026-02-16T04:43:24.521Z] [INFO] POST /api/login 
[2026-02-16T04:43:24.569Z] [INFO] GET /api/appointments?userId=user-111 
[2026-02-16T04:43:24.596Z] [INFO] GET /api/assistance?userId=user-111 
[2026-02-16T04:43:32.381Z] [INFO] OPTIONS /api/users/user-111 
[2026-02-16T04:43:32.383Z] [INFO] PATCH /api/users/user-111 
[2026-02-16T04:43:32.442Z] [INFO] GET /api/assistance?userId=user-111 
[2026-02-16T04:43:38.112Z] [INFO] OPTIONS /api/login 
[2026-02-16T04:43:38.114Z] [INFO] POST /api/login 
[2026-02-16T04:43:38.154Z] [INFO] GET /api/appointments?userId=user-111 
[2026-02-16T04:43:38.179Z] [INFO] GET /api/assistance?userId=user-111 
[2026-02-16T04:43:48.132Z] [INFO] OPTIONS /api/users/user-111 
[2026-02-16T04:43:48.134Z] [INFO] PATCH /api/users/user-111 
[2026-02-16T04:43:48.198Z] [INFO] GET /api/assistance?userId=user-111 
[2026-02-16T04:44:37.565Z] [INFO] POST /api/login 
[2026-02-16T04:44:40.375Z] [INFO] OPTIONS /api/login 
[2026-02-16T04:44:40.376Z] [INFO] POST /api/login 
[2026-02-16T04:44:40.410Z] [INFO] GET /api/appointments?userId=user-111 
[2026-02-16T04:44:40.436Z] [INFO] GET /api/assistance?userId=user-111 
[2026-02-16T04:45:41.900Z] [INFO] GET /api/users/check-phone/%2B1%202222222222 
[2026-02-16T04:46:21.049Z] [INFO] OPTIONS /api/users 
[2026-02-16T04:46:21.051Z] [INFO] POST /api/users 
[2026-02-16T04:46:54.047Z] [INFO] OPTIONS /api/login 
[2026-02-16T04:46:54.049Z] [INFO] POST /api/login 
[2026-02-16T04:46:59.323Z] [INFO] OPTIONS /api/login 
[2026-02-16T04:46:59.324Z] [INFO] POST /api/login 
[2026-02-16T04:46:59.372Z] [INFO] GET /api/appointments?userId=user-111 
[2026-02-16T04:46:59.397Z] [INFO] GET /api/assistance?userId=user-111 
[2026-02-16T04:47:24.739Z] [INFO] GET /api/users 
[2026-02-16T04:47:24.801Z] [INFO] GET /favicon.ico 
[2026-02-16T04:47:31.727Z] [INFO] GET /api/users 
[2026-02-16T04:47:42.059Z] [INFO] GET /api/users 
[2026-02-16T04:47:42.130Z] [INFO] GET /favicon.ico 
[2026-02-16T04:48:21.129Z] [INFO] GET /api/users 
[2026-02-16T04:48:51.246Z] [INFO] GET /api/users/ 
[2026-02-16T04:48:52.228Z] [INFO] GET /api/users 
[2026-02-16T04:48:57.013Z] [INFO] GET / 
[2026-02-16T04:49:41.102Z] [INFO] OPTIONS /api/login 
[2026-02-16T04:49:41.113Z] [INFO] POST /api/login 
[2026-02-16T04:49:48.806Z] [INFO] GET /api/users 
[2026-02-16T04:49:48.807Z] [INFO] GET /api/users 
[2026-02-16T04:50:46.848Z] [INFO] GET /api/users 
[2026-02-16T04:50:46.850Z] [INFO] GET /api/users 
[2026-02-16T04:50:58.420Z] [INFO] GET /api/users 
[2026-02-16T04:50:58.421Z] [INFO] GET /api/users 
[2026-02-16T04:51:11.139Z] [INFO] OPTIONS /api/login 
[2026-02-16T04:51:11.140Z] [INFO] POST /api/login 
[2026-02-16T04:51:11.179Z] [INFO] GET /api/appointments?mechanicId=f351179b-4b23-4d70-8278-9799600dc85f 
[2026-02-16T04:51:11.208Z] [INFO] GET /api/assistance?mechanicId=f351179b-4b23-4d70-8278-9799600dc85f 
[2026-02-16T04:51:17.334Z] [INFO] OPTIONS /api/users/f351179b-4b23-4d70-8278-9799600dc85f 
[2026-02-16T04:51:17.335Z] [INFO] PATCH /api/users/f351179b-4b23-4d70-8278-9799600dc85f 
[2026-02-16T04:51:17.381Z] [INFO] GET /api/assistance?mechanicId=f351179b-4b23-4d70-8278-9799600dc85f 
[2026-02-16T04:51:56.394Z] [INFO] OPTIONS /api/users/mech-basic 
[2026-02-16T04:51:56.395Z] [INFO] PATCH /api/users/mech-basic 
[2026-02-16T04:51:57.644Z] [INFO] GET /api/users 
[2026-02-16T04:51:57.647Z] [INFO] GET /api/users 
[2026-02-16T04:51:58.851Z] [INFO] GET /api/users 
[2026-02-16T04:51:58.853Z] [INFO] GET /api/users 
[2026-02-16T04:52:01.735Z] [INFO] OPTIONS /api/users/user-basic 
[2026-02-16T04:52:01.736Z] [INFO] DELETE /api/users/user-basic 
[2026-02-16T04:52:02.295Z] [INFO] GET /api/users 
[2026-02-16T04:52:02.298Z] [INFO] GET /api/users 
[2026-02-16T04:52:16.202Z] [INFO] GET /api/appointments?mechanicId=f351179b-4b23-4d70-8278-9799600dc85f 
[2026-02-16T04:52:16.646Z] [INFO] GET /api/appointments 
[2026-02-16T04:52:16.647Z] [INFO] GET /api/appointments 
[2026-02-16T04:52:17.391Z] [INFO] GET /api/users 
[2026-02-16T04:52:17.393Z] [INFO] GET /api/users 
[2026-02-16T04:52:44.851Z] [INFO] GET /api/appointments 
[2026-02-16T04:52:44.855Z] [INFO] GET /api/appointments 
[2026-02-16T04:52:45.567Z] [INFO] GET /api/users 
[2026-02-16T04:52:45.570Z] [INFO] GET /api/users 
[2026-02-16T04:52:51.837Z] [INFO] GET /api/appointments 
[2026-02-16T04:52:51.838Z] [INFO] GET /api/appointments 
[2026-02-16T04:52:53.574Z] [INFO] GET /api/users 
[2026-02-16T04:52:53.577Z] [INFO] GET /api/users 
[2026-02-16T04:52:55.014Z] [INFO] GET /api/users/user-111 
[2026-02-16T04:53:10.408Z] [INFO] GET /api/assistance?mechanicId=f351179b-4b23-4d70-8278-9799600dc85f 
[2026-02-16T04:53:29.966Z] [INFO] OPTIONS /api/login 
[2026-02-16T04:53:29.968Z] [INFO] POST /api/login 
[2026-02-16T04:53:30.012Z] [INFO] GET /api/appointments?mechanicId=f351179b-4b23-4d70-8278-9799600dc85f 
[2026-02-16T04:53:30.039Z] [INFO] GET /api/assistance?mechanicId=f351179b-4b23-4d70-8278-9799600dc85f 
[2026-02-16T04:55:57.375Z] [INFO] GET /api/appointments?mechanicId=f351179b-4b23-4d70-8278-9799600dc85f 
[2026-02-16T04:56:49.349Z] [INFO] GET /api/users 
[2026-02-16T04:56:49.353Z] [INFO] GET /api/users 
[2026-02-16T04:56:52.671Z] [INFO] GET /api/users 
[2026-02-16T04:56:52.672Z] [INFO] GET /api/users 
[2026-02-16T04:57:00.755Z] [INFO] GET /api/appointments 
[2026-02-16T04:57:00.758Z] [INFO] GET /api/appointments 
[2026-02-16T04:57:01.168Z] [INFO] GET /api/users 
[2026-02-16T04:57:01.170Z] [INFO] GET /api/users 
[2026-02-16T04:57:05.499Z] [INFO] GET /api/users 
[2026-02-16T04:57:05.502Z] [INFO] GET /api/users 
[2026-02-16T04:57:25.545Z] [INFO] GET /api/users 
[2026-02-16T04:57:27.838Z] [INFO] GET /api/appointments?mechanicId=f351179b-4b23-4d70-8278-9799600dc85f 
[2026-02-16T04:58:11.357Z] [INFO] OPTIONS /api/users 
[2026-02-16T04:58:11.359Z] [INFO] POST /api/users 
[2026-02-16T04:58:11.365Z] [INFO] GET /api/users 
[2026-02-16T04:58:38.049Z] [INFO] GET /api/users 
[2026-02-16T04:58:38.052Z] [INFO] GET /api/users 
[2026-02-16T04:59:05.709Z] [INFO] GET /api/appointments?mechanicId=f351179b-4b23-4d70-8278-9799600dc85f 
[2026-02-16T04:59:11.024Z] [INFO] OPTIONS /api/users 
[2026-02-16T04:59:11.025Z] [INFO] POST /api/users 
[2026-02-16T04:59:11.032Z] [INFO] GET /api/users 
[2026-02-16T05:00:15.419Z] [INFO] GET /api/users 
[2026-02-16T05:00:15.423Z] [INFO] GET /api/users 
[2026-02-16T05:00:31.111Z] [INFO] OPTIONS /api/users 
[2026-02-16T05:00:31.112Z] [INFO] POST /api/users 
[2026-02-16T05:00:31.115Z] [INFO] GET /api/users 
[2026-02-16T05:00:32.195Z] [INFO] GET /api/users 
[2026-02-16T05:00:32.197Z] [INFO] GET /api/users 
[2026-02-16T05:02:23.238Z] [INFO] GET /api/users/check-phone/%2B15555555555 
[2026-02-16T05:05:17.685Z] [INFO] GET /api/users/ 
[2026-02-16T05:06:34.054Z] [INFO] GET /api/users 
[2026-02-16T05:06:34.059Z] [INFO] GET /api/users 
[2026-02-16T05:07:01.941Z] [INFO] OPTIONS /api/users 
[2026-02-16T05:07:01.942Z] [INFO] POST /api/users 
[2026-02-16T05:07:31.252Z] [INFO] GET /api/users/check-phone/%2B12222222221 
[2026-02-16T05:08:05.602Z] [INFO] OPTIONS /api/users 
[2026-02-16T05:08:05.605Z] [INFO] POST /api/users 
[2026-02-16T05:08:12.681Z] [INFO] GET /api/users/check-phone/%2B12222222221 
[2026-02-16T05:08:44.464Z] [INFO] OPTIONS /api/users 
[2026-02-16T05:08:44.467Z] [INFO] POST /api/users 
[2026-02-16T05:08:47.543Z] [INFO] GET /api/users 
[2026-02-16T05:08:47.546Z] [INFO] GET /api/users 
[2026-02-16T05:08:52.877Z] [INFO] OPTIONS /api/login 
[2026-02-16T05:08:52.878Z] [INFO] POST /api/login 
[2026-02-16T05:08:52.916Z] [INFO] GET /api/appointments?mechanicId=a92b6b90-faff-4f9e-b152-52967c699a0e 
[2026-02-16T05:08:52.943Z] [INFO] GET /api/assistance?mechanicId=a92b6b90-faff-4f9e-b152-52967c699a0e 
[2026-02-16T05:09:56.504Z] [INFO] OPTIONS /api/login 
[2026-02-16T05:09:56.506Z] [INFO] POST /api/login 
[2026-02-16T05:09:56.541Z] [INFO] GET /api/appointments?userId=user-111 
[2026-02-16T05:09:56.574Z] [INFO] GET /api/assistance?userId=user-111 
[2026-02-16T05:10:14.935Z] [INFO] OPTIONS /api/users/user-111 
[2026-02-16T05:10:14.938Z] [INFO] PATCH /api/users/user-111 
[2026-02-16T05:10:15.001Z] [INFO] GET /api/assistance?userId=user-111 
[2026-02-16T05:10:22.115Z] [INFO] OPTIONS /api/login 
[2026-02-16T05:10:22.116Z] [INFO] POST /api/login 
[2026-02-16T05:10:22.158Z] [INFO] GET /api/appointments?userId=user-111 
[2026-02-16T05:10:22.182Z] [INFO] GET /api/assistance?userId=user-111 
[2026-02-16T05:11:10.035Z] [INFO] GET /api/users 
[2026-02-16T05:11:10.056Z] [INFO] GET /api/users 
[2026-02-16T05:11:30.843Z] [INFO] OPTIONS /api/users/a92b6b90-faff-4f9e-b152-52967c699a0e 
[2026-02-16T05:11:30.848Z] [INFO] DELETE /api/users/a92b6b90-faff-4f9e-b152-52967c699a0e 
[2026-02-16T05:11:36.641Z] [INFO] GET /api/users/check-phone/%2B12222222221 
[2026-02-16T05:12:13.479Z] [INFO] OPTIONS /api/users 
[2026-02-16T05:12:13.481Z] [INFO] POST /api/users 
[2026-02-16T05:12:25.803Z] [INFO] GET /api/users/ 
[2026-02-16T05:13:37.894Z] [INFO] OPTIONS /api/login 
[2026-02-16T05:13:37.896Z] [INFO] POST /api/login 
[2026-02-16T05:13:37.949Z] [INFO] GET /api/appointments?userId=user-111 
[2026-02-16T05:13:37.981Z] [INFO] GET /api/assistance?userId=user-111 
[2026-02-16T05:13:44.616Z] [INFO] OPTIONS /api/login 
[2026-02-16T05:13:44.618Z] [INFO] POST /api/login 
[2026-02-16T05:13:44.653Z] [INFO] GET /api/appointments?mechanicId=833977e9-15fd-4f85-92e2-16b9aded6991 
[2026-02-16T05:13:44.675Z] [INFO] GET /api/assistance?mechanicId=833977e9-15fd-4f85-92e2-16b9aded6991 
[2026-02-16T05:13:54.056Z] [INFO] GET /api/users 
[2026-02-16T05:13:54.061Z] [INFO] GET /api/users 
[2026-02-16T05:13:58.932Z] [INFO] GET /api/assistance?mechanicId=833977e9-15fd-4f85-92e2-16b9aded6991 
[2026-02-16T05:13:58.935Z] [INFO] GET /api/appointments?mechanicId=833977e9-15fd-4f85-92e2-16b9aded6991 
[2026-02-16T05:15:29.552Z] [INFO] GET /api/users/check-phone/%2B14444444444 
[2026-02-16T05:16:06.673Z] [INFO] GET /api/users 
[2026-02-16T05:16:06.677Z] [INFO] GET /api/users 
[2026-02-16T05:16:40.910Z] [INFO] OPTIONS /api/users 
[2026-02-16T05:16:40.912Z] [INFO] POST /api/users 
[2026-02-16T05:17:04.195Z] [INFO] GET /api/users 
[2026-02-16T05:17:04.198Z] [INFO] GET /api/users 
[2026-02-16T05:17:13.351Z] [INFO] OPTIONS /api/login 
[2026-02-16T05:17:13.352Z] [INFO] POST /api/login 
[2026-02-16T05:17:13.363Z] [INFO] GET /api/appointments?mechanicId=833977e9-15fd-4f85-92e2-16b9aded6991 
[2026-02-16T05:17:13.386Z] [INFO] GET /api/assistance?mechanicId=833977e9-15fd-4f85-92e2-16b9aded6991 
[2026-02-16T05:17:19.869Z] [INFO] OPTIONS /api/users/833977e9-15fd-4f85-92e2-16b9aded6991 
[2026-02-16T05:17:19.870Z] [INFO] PATCH /api/users/833977e9-15fd-4f85-92e2-16b9aded6991 
[2026-02-16T05:17:19.912Z] [INFO] GET /api/assistance?mechanicId=833977e9-15fd-4f85-92e2-16b9aded6991 
[2026-02-16T05:17:25.099Z] [INFO] GET /api/users 
[2026-02-16T05:17:25.104Z] [INFO] GET /api/users 
[2026-02-16T05:19:06.376Z] [INFO] GET /api/users 
[2026-02-16T05:19:06.381Z] [INFO] GET /api/users 
[2026-02-16T05:19:12.399Z] [INFO] GET /api/appointments 
[2026-02-16T05:19:12.400Z] [INFO] GET /api/appointments 
[2026-02-16T05:19:13.050Z] [INFO] GET /api/users 
[2026-02-16T05:19:13.053Z] [INFO] GET /api/users 
[2026-02-16T05:19:38.289Z] [INFO] OPTIONS /api/login 
[2026-02-16T05:19:38.291Z] [INFO] POST /api/login 
[2026-02-16T05:19:38.344Z] [INFO] GET /api/appointments?userId=user-111 
[2026-02-16T05:19:38.373Z] [INFO] GET /api/assistance?userId=user-111 
[2026-02-16T05:19:43.727Z] [INFO] OPTIONS /api/login 
[2026-02-16T05:19:43.729Z] [INFO] POST /api/login 
[2026-02-16T05:19:43.783Z] [INFO] GET /api/appointments?userId=user-111 
[2026-02-16T05:19:43.806Z] [INFO] GET /api/assistance?userId=user-111 
[2026-02-16T05:20:17.583Z] [INFO] GET /api/vehicles/user-111 
[2026-02-16T05:21:02.880Z] [INFO] GET /api/users 
[2026-02-16T05:21:02.883Z] [INFO] GET /api/users 
[2026-02-16T05:22:05.329Z] [INFO] POST /api/login 
[2026-02-16T05:22:05.418Z] [INFO] GET /api/appointments?mechanicId=f351179b-4b23-4d70-8278-9799600dc85f 
[2026-02-16T05:22:05.497Z] [INFO] GET /api/assistance?mechanicId=f351179b-4b23-4d70-8278-9799600dc85f 
[2026-02-16T05:22:25.471Z] [INFO] GET /api/appointments?userId=user-111 
[2026-02-16T05:22:26.728Z] [INFO] OPTIONS /api/login 
[2026-02-16T05:22:26.729Z] [INFO] POST /api/login 
[2026-02-16T05:22:26.801Z] [INFO] GET /api/assistance?userId=user-111 
[2026-02-16T05:22:46.558Z] [INFO] POST /api/login 
[2026-02-16T05:22:46.653Z] [INFO] GET /api/appointments?mechanicId=f351179b-4b23-4d70-8278-9799600dc85f 
[2026-02-16T05:22:46.710Z] [INFO] GET /api/assistance?mechanicId=f351179b-4b23-4d70-8278-9799600dc85f 
[2026-02-16T05:22:56.017Z] [INFO] PATCH /api/users/f351179b-4b23-4d70-8278-9799600dc85f 
[2026-02-16T05:22:56.135Z] [INFO] GET /api/assistance?mechanicId=f351179b-4b23-4d70-8278-9799600dc85f 
[2026-02-16T05:23:00.975Z] [INFO] POST /api/login 
[2026-02-16T05:23:01.047Z] [INFO] GET /api/appointments?mechanicId=f351179b-4b23-4d70-8278-9799600dc85f 
[2026-02-16T05:23:01.100Z] [INFO] GET /api/assistance?mechanicId=f351179b-4b23-4d70-8278-9799600dc85f 
[2026-02-16T05:23:03.374Z] [INFO] GET /api/users 
[2026-02-16T05:23:03.377Z] [INFO] GET /api/users 
[2026-02-16T05:23:19.402Z] [INFO] OPTIONS /api/users/mech-basic 
[2026-02-16T05:23:19.404Z] [INFO] DELETE /api/users/mech-basic 
[2026-02-16T05:23:24.241Z] [INFO] GET /api/users/check-phone/%2B13333333333 
[2026-02-16T05:24:03.722Z] [INFO] OPTIONS /api/users 
[2026-02-16T05:24:03.724Z] [INFO] POST /api/users 
[2026-02-16T05:24:05.374Z] [INFO] GET /api/users 
[2026-02-16T05:24:05.383Z] [INFO] GET /api/users 
[2026-02-16T05:24:12.969Z] [INFO] OPTIONS /api/login 
[2026-02-16T05:24:12.974Z] [INFO] POST /api/login 
[2026-02-16T05:24:13.024Z] [INFO] GET /api/appointments?mechanicId=079adaf7-c371-4f92-909b-d802d6a6a636 
[2026-02-16T05:24:13.047Z] [INFO] GET /api/assistance?mechanicId=079adaf7-c371-4f92-909b-d802d6a6a636 
[2026-02-16T05:25:30.113Z] [INFO] GET /api/users 
[2026-02-16T05:25:47.918Z] [INFO] GET /api/users 
[2026-02-16T05:26:47.348Z] [INFO] GET /api/users 
[2026-02-16T05:26:47.358Z] [INFO] GET /api/users 
[2026-02-16T05:26:48.085Z] [INFO] GET /api/users 
[2026-02-16T05:26:48.088Z] [INFO] GET /api/users 
[2026-02-16T05:27:42.312Z] [INFO] GET /api/users 
[2026-02-16T05:27:42.316Z] [INFO] GET /api/users 
[2026-02-16T05:31:42.207Z] [INFO] GET /api/users 
[2026-02-16T05:31:42.219Z] [INFO] GET /api/users 
[2026-02-16T05:31:44.127Z] [INFO] OPTIONS /api/users/079adaf7-c371-4f92-909b-d802d6a6a636 
[2026-02-16T05:31:44.129Z] [INFO] DELETE /api/users/079adaf7-c371-4f92-909b-d802d6a6a636 
[2026-02-16T05:31:54.156Z] [INFO] GET /api/appointments?mechanicId=079adaf7-c371-4f92-909b-d802d6a6a636 
[2026-02-16T05:31:55.175Z] [INFO] GET /api/appointments?mechanicId=f351179b-4b23-4d70-8278-9799600dc85f 
[2026-02-16T05:32:33.555Z] [INFO] GET /api/users/check-phone/%2B13333333333 
[2026-02-16T05:33:12.416Z] [INFO] OPTIONS /api/users 
[2026-02-16T05:33:12.418Z] [INFO] POST /api/users 
[2026-02-16T05:33:14.098Z] [INFO] GET /api/users 
[2026-02-16T05:33:14.103Z] [INFO] GET /api/users 
[2026-02-16T05:33:16.314Z] [INFO] OPTIONS /api/login 
[2026-02-16T05:33:16.315Z] [INFO] POST /api/login 
[2026-02-16T05:33:16.360Z] [INFO] GET /api/appointments?mechanicId=311c2648-9fe3-4c2d-96cc-48b74eae323d 
[2026-02-16T05:33:16.389Z] [INFO] GET /api/assistance?mechanicId=311c2648-9fe3-4c2d-96cc-48b74eae323d 
[2026-02-16T05:33:22.416Z] [INFO] GET /api/appointments?mechanicId=f351179b-4b23-4d70-8278-9799600dc85f 
[2026-02-16T05:33:22.782Z] [INFO] GET /api/appointments?mechanicId=311c2648-9fe3-4c2d-96cc-48b74eae323d 
[2026-02-16T05:33:22.932Z] [INFO] GET /api/appointments?mechanicId=f351179b-4b23-4d70-8278-9799600dc85f 
[2026-02-16T05:33:24.484Z] [INFO] OPTIONS /api/users/311c2648-9fe3-4c2d-96cc-48b74eae323d 
[2026-02-16T05:33:24.484Z] [INFO] PATCH /api/users/311c2648-9fe3-4c2d-96cc-48b74eae323d 
[2026-02-16T05:33:30.191Z] [INFO] OPTIONS /api/users/311c2648-9fe3-4c2d-96cc-48b74eae323d 
[2026-02-16T05:33:30.193Z] [INFO] PATCH /api/users/311c2648-9fe3-4c2d-96cc-48b74eae323d 
[2026-02-16T05:33:33.381Z] [INFO] GET /api/users 
[2026-02-16T05:33:33.393Z] [INFO] GET /api/users 
[2026-02-16T05:33:56.826Z] [INFO] GET /api/users 
[2026-02-16T05:33:56.834Z] [INFO] GET /api/users 
[2026-02-16T05:34:34.688Z] [INFO] OPTIONS /api/login 
[2026-02-16T05:34:34.690Z] [INFO] POST /api/login 
[2026-02-16T05:34:34.738Z] [INFO] GET /api/appointments?userId=user-111 
[2026-02-16T05:34:34.768Z] [INFO] GET /api/assistance?userId=user-111 
[2026-02-16T05:34:52.840Z] [INFO] GET /api/vehicles/user-111 
[2026-02-16T05:34:57.168Z] [INFO] GET /api/vehicles/user-111 
[2026-02-16T05:35:06.201Z] [INFO] OPTIONS /api/vehicles 
[2026-02-16T05:35:06.202Z] [INFO] POST /api/vehicles 
[2026-02-16T05:35:06.206Z] [INFO] GET /api/vehicles/user-111 
[2026-02-16T05:35:13.488Z] [INFO] OPTIONS /api/login 
[2026-02-16T05:35:13.490Z] [INFO] POST /api/login 
[2026-02-16T05:35:13.543Z] [INFO] GET /api/appointments?userId=user-111 
[2026-02-16T05:35:13.574Z] [INFO] GET /api/assistance?userId=user-111 
[2026-02-16T05:35:15.669Z] [INFO] GET /api/vehicles/user-111 
[2026-02-16T05:35:17.614Z] [INFO] GET /api/users 
[2026-02-16T05:35:20.644Z] [INFO] GET /api/vehicles/user-111 
[2026-02-16T05:35:25.515Z] [INFO] GET /api/vehicles/user-111 
[2026-02-16T05:35:28.305Z] [INFO] GET /api/vehicles/user-111 
[2026-02-16T05:35:36.055Z] [INFO] GET /api/users?role=mechanic 
[2026-02-16T05:35:43.334Z] [INFO] GET /api/users 
[2026-02-16T05:35:43.341Z] [INFO] GET /api/users 
[2026-02-16T05:35:47.272Z] [INFO] GET /api/users?role=user 
[2026-02-16T05:35:49.028Z] [INFO] GET /api/users?role=mechanic 
[2026-02-16T05:36:57.896Z] [INFO] GET /api/users 
[2026-02-16T05:36:57.909Z] [INFO] GET /api/users 
[2026-02-16T05:37:00.301Z] [INFO] GET /api/users?role=user 
[2026-02-16T05:37:01.381Z] [INFO] GET /api/users?role=mechanic 
[2026-02-16T05:37:02.572Z] [INFO] GET /api/users 
[2026-02-16T05:37:10.885Z] [INFO] GET /api/users?role=mechanic 
[2026-02-16T05:37:10.972Z] [INFO] GET /api/users 
[2026-02-16T05:37:10.977Z] [INFO] GET /api/users 
[2026-02-16T05:37:12.519Z] [INFO] GET /api/users?role=user 
[2026-02-16T05:37:13.717Z] [INFO] GET /api/users?role=mechanic 
[2026-02-16T05:37:15.186Z] [INFO] GET /api/users 
[2026-02-16T05:37:18.767Z] [INFO] GET /api/users 
[2026-02-16T05:37:18.770Z] [INFO] GET /api/users 
[2026-02-16T05:37:20.583Z] [INFO] GET /api/users 
[2026-02-16T05:37:20.587Z] [INFO] GET /api/users 
[2026-02-16T05:37:21.866Z] [INFO] GET /api/users?role=user 
[2026-02-16T05:37:29.191Z] [INFO] GET /api/users 
[2026-02-16T05:37:32.542Z] [INFO] GET /api/assistance?userId=user-111 
[2026-02-16T05:37:32.542Z] [INFO] GET /api/appointments?userId=user-111 
[2026-02-16T05:37:32.831Z] [INFO] GET /api/appointments?mechanicId=f351179b-4b23-4d70-8278-9799600dc85f 
[2026-02-16T05:37:43.643Z] [INFO] GET /api/assistance?userId=user-111 
[2026-02-16T05:37:49.645Z] [INFO] GET /api/assistance?userId=user-111 
[2026-02-16T05:37:49.647Z] [INFO] GET /api/appointments?userId=user-111 
[2026-02-16T05:38:03.215Z] [INFO] GET /api/vehicles/user-111 
[2026-02-16T05:40:05.874Z] [INFO] GET /api/assistance?userId=user-111 
[2026-02-16T05:40:05.881Z] [INFO] GET /api/vehicles/user-111 
[2026-02-16T05:40:05.883Z] [INFO] GET /api/appointments?userId=user-111 
[2026-02-16T05:40:06.240Z] [INFO] GET /api/assistance?userId=user-111 
[2026-02-16T05:40:06.241Z] [INFO] GET /api/vehicles/user-111 
[2026-02-16T05:40:06.242Z] [INFO] GET /api/appointments?userId=user-111 
[2026-02-16T05:40:06.284Z] [INFO] GET /api/appointments?mechanicId=f351179b-4b23-4d70-8278-9799600dc85f 
[2026-02-16T05:40:07.269Z] [INFO] GET /api/vehicles/user-111 
[2026-02-16T05:40:18.195Z] [INFO] GET /api/assistance?userId=user-111 
[2026-02-16T05:40:18.197Z] [INFO] GET /api/vehicles/user-111 
[2026-02-16T05:40:18.198Z] [INFO] GET /api/appointments?userId=user-111 
[2026-02-16T05:40:18.376Z] [INFO] GET /api/appointments?mechanicId=f351179b-4b23-4d70-8278-9799600dc85f 
[2026-02-16T05:40:18.556Z] [INFO] GET /api/assistance?userId=user-111 
[2026-02-16T05:40:18.556Z] [INFO] GET /api/vehicles/user-111 
[2026-02-16T05:40:18.557Z] [INFO] GET /api/appointments?userId=user-111 
[2026-02-16T05:40:18.819Z] [INFO] GET /api/appointments?mechanicId=f351179b-4b23-4d70-8278-9799600dc85f 
[2026-02-16T05:41:03.284Z] [INFO] GET /api/vehicles/user-111 
[2026-02-16T05:41:03.287Z] [INFO] GET /api/appointments?userId=user-111 
[2026-02-16T05:42:36.167Z] [INFO] GET /api/assistance?userId=user-111 
[2026-02-16T05:42:38.345Z] [INFO] GET /api/appointments 
[2026-02-16T05:42:38.348Z] [INFO] GET /api/appointments 
[2026-02-16T05:42:38.845Z] [INFO] GET /api/users 
[2026-02-16T05:42:38.849Z] [INFO] GET /api/users 
[2026-02-16T05:46:27.449Z] [INFO] GET /api/users 
[2026-02-16T05:46:27.461Z] [INFO] GET /api/users 
[2026-02-16T05:46:31.852Z] [INFO] GET /api/assistance?userId=user-111 
[2026-02-16T05:46:31.853Z] [INFO] GET /api/vehicles/user-111 
[2026-02-16T05:46:31.856Z] [INFO] GET /api/appointments?userId=user-111 
[2026-02-16T05:46:31.996Z] [INFO] GET /api/appointments?mechanicId=f351179b-4b23-4d70-8278-9799600dc85f 
[2026-02-16T05:46:33.415Z] [INFO] GET /api/appointments?mechanicId=f351179b-4b23-4d70-8278-9799600dc85f 
[2026-02-16T05:46:55.546Z] [INFO] GET /api/appointments?mechanicId=f351179b-4b23-4d70-8278-9799600dc85f 
[2026-02-16T05:46:57.378Z] [INFO] GET /api/appointments?mechanicId=f351179b-4b23-4d70-8278-9799600dc85f 
[2026-02-16T05:47:30.669Z] [INFO] GET /api/appointments 
[2026-02-16T05:47:30.675Z] [INFO] GET /api/appointments 
[2026-02-16T05:47:31.262Z] [INFO] GET /api/users 
[2026-02-16T05:47:31.266Z] [INFO] GET /api/users 
[2026-02-16T05:47:57.560Z] [INFO] GET /api/users 
[2026-02-16T05:47:57.572Z] [INFO] GET /api/users 
[2026-02-16T05:49:32.307Z] [INFO] GET /api/assistance?userId=user-111 
[2026-02-16T05:49:32.309Z] [INFO] GET /api/appointments?userId=user-111 
[2026-02-16T05:49:35.027Z] [INFO] GET /api/vehicles/user-111 
[2026-02-16T05:49:56.766Z] [INFO] POST /api/login 
[2026-02-16T05:49:56.881Z] [INFO] GET /api/assistance?mechanicId=f351179b-4b23-4d70-8278-9799600dc85f 
[2026-02-16T05:50:08.768Z] [INFO] POST /api/login 
[2026-02-16T05:50:08.833Z] [INFO] GET /api/appointments?userId=user-111 
[2026-02-16T05:50:08.884Z] [INFO] GET /api/assistance?userId=user-111 
[2026-02-16T05:50:11.709Z] [INFO] GET /api/vehicles/user-111 
[2026-02-16T05:50:38.707Z] [INFO] POST /api/assistance 
[2026-02-16T05:50:38.796Z] [INFO] GET /api/assistance?userId=user-111 
[2026-02-16T05:50:46.319Z] [INFO] GET /api/appointments?userId=user-111 
[2026-02-16T05:52:18.371Z] [INFO] GET /api/appointments?userId=user-111 
[2026-02-16T05:52:55.401Z] [INFO] GET /api/appointments?userId=user-111 
[2026-02-16T05:52:59.703Z] [INFO] POST /api/login 
[2026-02-16T05:52:59.797Z] [INFO] GET /api/assistance?userId=user-111 
[2026-02-16T05:53:04.862Z] [INFO] GET /api/vehicles/user-111 
[2026-02-16T05:54:13.266Z] [INFO] GET /api/appointments?userId=user-111 
[2026-02-16T05:55:10.742Z] [INFO] OPTIONS /api/assistance 
[2026-02-16T05:55:10.745Z] [INFO] POST /api/assistance 
[2026-02-16T05:55:13.721Z] [INFO] GET /api/assistance?userId=user-111 
[2026-02-16T05:55:33.266Z] [INFO] GET /api/vehicles/user-111 
[2026-02-16T05:55:55.924Z] [INFO] OPTIONS /api/assistance 
[2026-02-16T05:55:55.926Z] [INFO] POST /api/assistance 
[2026-02-16T05:56:07.370Z] [INFO] GET /api/assistance?userId=user-111 
[2026-02-16T05:57:34.038Z] [INFO] POST /api/login 
[2026-02-16T05:57:34.113Z] [INFO] GET /api/appointments?mechanicId=f351179b-4b23-4d70-8278-9799600dc85f 
[2026-02-16T05:57:34.167Z] [INFO] GET /api/assistance?mechanicId=f351179b-4b23-4d70-8278-9799600dc85f 
[2026-02-16T05:57:49.405Z] [INFO] PATCH /api/users/f351179b-4b23-4d70-8278-9799600dc85f 
[2026-02-16T05:57:49.509Z] [INFO] GET /api/assistance?mechanicId=f351179b-4b23-4d70-8278-9799600dc85f 
[2026-02-16T05:57:59.612Z] [INFO] GET /api/users 
[2026-02-16T05:57:59.618Z] [INFO] GET /api/users 
[2026-02-16T05:59:38.988Z] [INFO] GET /api/users 
[2026-02-16T05:59:39.009Z] [INFO] GET /api/users 
[2026-02-16T05:59:50.350Z] [INFO] GET /api/users?role=mechanic 
[2026-02-16T05:59:55.086Z] [INFO] GET /api/users?role=user 
[2026-02-16T05:59:59.182Z] [INFO] GET /api/users 
[2026-02-16T06:00:08.318Z] [INFO] GET /api/users 
[2026-02-16T06:00:08.324Z] [INFO] GET /api/users 
[2026-02-16T06:00:44.661Z] [INFO] GET /api/assistance?userId=user-111 
[2026-02-16T06:00:44.697Z] [INFO] GET /api/vehicles/user-111 
[2026-02-16T06:00:44.715Z] [INFO] GET /api/appointments?userId=user-111 
[2026-02-16T06:00:44.717Z] [INFO] GET /api/assistance?userId=user-111 
[2026-02-16T06:00:44.795Z] [INFO] GET /api/appointments?mechanicId=f351179b-4b23-4d70-8278-9799600dc85f 
[2026-02-16T06:00:57.452Z] [INFO] GET /api/assistance?userId=user-111 
[2026-02-16T06:00:57.463Z] [INFO] GET /api/appointments?userId=user-111 
[2026-02-16T06:01:00.511Z] [INFO] GET /api/vehicles/user-111 
[2026-02-16T06:01:25.507Z] [INFO] OPTIONS /api/assistance 
[2026-02-16T06:01:25.509Z] [INFO] POST /api/assistance 
[2026-02-16T06:01:32.827Z] [INFO] GET /api/users 
[2026-02-16T06:01:32.833Z] [INFO] GET /api/users 
[2026-02-16T06:01:33.798Z] [INFO] GET /api/appointments 
[2026-02-16T06:01:33.799Z] [INFO] GET /api/appointments 
[2026-02-16T06:01:34.241Z] [INFO] GET /api/appointments 
[2026-02-16T06:01:34.242Z] [INFO] GET /api/appointments 
[2026-02-16T06:01:34.823Z] [INFO] GET /api/users 
[2026-02-16T06:01:34.827Z] [INFO] GET /api/users 
[2026-02-16T06:01:59.111Z] [INFO] GET /api/assistance?zip=33327 
[2026-02-16T06:04:13.676Z] [INFO] GET /api/assistance 
[2026-02-16T06:04:13.678Z] [INFO] GET /api/appointments 
[2026-02-16T06:04:13.679Z] [INFO] GET /api/assistance 
[2026-02-16T06:04:13.679Z] [INFO] GET /api/appointments 
[2026-02-16T06:04:15.018Z] [INFO] GET /api/users 
[2026-02-16T06:04:15.021Z] [INFO] GET /api/users 
[2026-02-16T06:04:15.357Z] [INFO] GET /api/appointments 
[2026-02-16T06:04:15.357Z] [INFO] GET /api/assistance 
[2026-02-16T06:04:15.358Z] [INFO] GET /api/appointments 
[2026-02-16T06:04:15.359Z] [INFO] GET /api/assistance 
[2026-02-16T06:04:19.546Z] [INFO] GET /api/appointments 
[2026-02-16T06:04:19.547Z] [INFO] GET /api/assistance 
[2026-02-16T06:04:19.549Z] [INFO] GET /api/appointments 
[2026-02-16T06:04:19.554Z] [INFO] GET /api/assistance 
[2026-02-16T06:04:56.224Z] [INFO] GET /api/users 
[2026-02-16T06:04:56.234Z] [INFO] GET /api/users 
[2026-02-16T06:04:57.842Z] [INFO] GET /api/appointments 
[2026-02-16T06:04:57.843Z] [INFO] GET /api/assistance 
[2026-02-16T06:04:57.845Z] [INFO] GET /api/appointments 
[2026-02-16T06:04:57.846Z] [INFO] GET /api/assistance 
[2026-02-16T06:04:58.326Z] [INFO] GET /api/appointments 
[2026-02-16T06:04:58.327Z] [INFO] GET /api/assistance 
[2026-02-16T06:04:58.328Z] [INFO] GET /api/appointments 
[2026-02-16T06:04:58.328Z] [INFO] GET /api/assistance 
[2026-02-16T06:05:39.433Z] [INFO] GET /api/appointments 
[2026-02-16T06:05:51.352Z] [INFO] GET /api/appointments 
[2026-02-16T06:05:51.352Z] [INFO] GET /api/assistance 
[2026-02-16T06:05:51.354Z] [INFO] GET /api/appointments 
[2026-02-16T06:05:51.355Z] [INFO] GET /api/assistance 
[2026-02-16T06:06:11.755Z] [INFO] GET /api/appointments 
[2026-02-16T06:06:11.763Z] [INFO] GET /api/assistance 
[2026-02-16T06:06:36.802Z] [INFO] GET /api/appointments 
[2026-02-16T06:06:36.804Z] [INFO] GET /api/assistance 
[2026-02-16T06:06:36.806Z] [INFO] GET /api/appointments 
[2026-02-16T06:06:36.809Z] [INFO] GET /api/assistance 
[2026-02-16T06:07:06.556Z] [INFO] GET /api/appointments?mechanicId=f351179b-4b23-4d70-8278-9799600dc85f 
[2026-02-16T06:07:08.496Z] [INFO] GET /api/appointments?userId=user-111 
[2026-02-16T06:07:12.528Z] [INFO] POST /api/login 
[2026-02-16T06:07:17.652Z] [INFO] GET /api/users/ 
[2026-02-16T06:07:22.769Z] [INFO] GET /api/users 
[2026-02-16T06:07:22.774Z] [INFO] GET /api/users 
[2026-02-16T06:07:23.321Z] [INFO] GET /api/users 
[2026-02-16T06:07:23.329Z] [INFO] GET /api/users 
[2026-02-16T06:07:28.377Z] [INFO] GET /api/users?role=mechanic 
[2026-02-16T06:07:31.528Z] [INFO] POST /api/login 
[2026-02-16T06:08:15.844Z] [INFO] GET /api/users 
[2026-02-16T06:08:15.852Z] [INFO] GET /api/users 
[2026-02-16T06:08:18.325Z] [INFO] GET /api/appointments 
[2026-02-16T06:08:18.326Z] [INFO] GET /api/assistance 
[2026-02-16T06:08:18.327Z] [INFO] GET /api/appointments 
[2026-02-16T06:08:18.328Z] [INFO] GET /api/assistance 
[2026-02-16T06:08:18.843Z] [INFO] GET /api/appointments 
[2026-02-16T06:08:18.844Z] [INFO] GET /api/assistance 
[2026-02-16T06:08:18.846Z] [INFO] GET /api/appointments 
[2026-02-16T06:08:18.847Z] [INFO] GET /api/assistance 
[2026-02-16T06:08:24.044Z] [INFO] GET /api/users 
[2026-02-16T06:08:24.047Z] [INFO] GET /api/users 
[2026-02-16T06:08:24.731Z] [INFO] GET /api/appointments 
[2026-02-16T06:08:24.732Z] [INFO] GET /api/assistance 
[2026-02-16T06:08:24.737Z] [INFO] GET /api/appointments 
[2026-02-16T06:08:24.737Z] [INFO] GET /api/assistance 
[2026-02-16T06:08:47.834Z] [INFO] GET /api/users/ 
[2026-02-16T06:09:11.248Z] [INFO] POST /api/login 
[2026-02-16T06:09:11.262Z] [DEBUG] Login attempt with phone: 11111111111
[2026-02-16T06:09:13.240Z] [INFO] GET /api/appointments 
[2026-02-16T06:09:13.241Z] [INFO] GET /api/assistance 
[2026-02-16T06:09:16.808Z] [INFO] POST /api/login 
[2026-02-16T06:09:16.810Z] [DEBUG] Login attempt with phone: +12222222222
[2026-02-16T06:09:16.811Z] [WARN] Login failed: User not found for phone: +12222222222
[2026-02-16T06:09:56.478Z] [INFO] GET /api/users 
[2026-02-16T06:09:56.485Z] [INFO] GET /api/users 
[2026-02-16T06:09:57.015Z] [INFO] GET /api/appointments 
[2026-02-16T06:09:57.016Z] [INFO] GET /api/assistance 
[2026-02-16T06:09:57.018Z] [INFO] GET /api/appointments 
[2026-02-16T06:09:57.020Z] [INFO] GET /api/assistance 
[2026-02-16T06:10:19.229Z] [INFO] POST /api/login 
[2026-02-16T06:10:19.236Z] [DEBUG] Login attempt with phone: +12222222222
[2026-02-16T06:10:33.173Z] [INFO] POST /api/login 
[2026-02-16T06:10:33.179Z] [DEBUG] Login attempt with phone: +12222222222
[2026-02-16T06:10:33.302Z] [INFO] GET /api/assistance? 
[2026-02-16T06:11:20.876Z] [INFO] GET /api/appointments 
[2026-02-16T06:11:20.877Z] [INFO] GET /api/assistance 
[2026-02-16T06:11:20.880Z] [INFO] GET /api/appointments 
[2026-02-16T06:11:20.881Z] [INFO] GET /api/assistance 
[2026-02-16T06:11:33.169Z] [INFO] GET /api/assistance?userId=user-111 
[2026-02-16T06:11:36.015Z] [INFO] GET /api/vehicles/user-111 
[2026-02-16T06:11:49.980Z] [INFO] OPTIONS /api/assistance 
[2026-02-16T06:11:49.983Z] [INFO] POST /api/assistance 
[2026-02-16T06:11:51.917Z] [INFO] GET /api/users 
[2026-02-16T06:11:51.924Z] [INFO] GET /api/users 
[2026-02-16T06:11:52.607Z] [INFO] GET /api/appointments 
[2026-02-16T06:11:52.609Z] [INFO] GET /api/assistance 
[2026-02-16T06:11:52.611Z] [INFO] GET /api/appointments 
[2026-02-16T06:11:52.614Z] [INFO] GET /api/assistance 
[2026-02-16T06:11:52.922Z] [INFO] GET /api/appointments 
[2026-02-16T06:11:52.923Z] [INFO] GET /api/assistance 
[2026-02-16T06:11:52.928Z] [INFO] GET /api/appointments 
[2026-02-16T06:11:52.929Z] [INFO] GET /api/assistance 
[2026-02-16T06:12:14.461Z] [INFO] POST /api/login 
[2026-02-16T06:12:14.548Z] [INFO] GET /api/appointments?mechanicId=f351179b-4b23-4d70-8278-9799600dc85f 
[2026-02-16T06:12:14.605Z] [INFO] GET /api/assistance? 
[2026-02-16T06:12:43.525Z] [INFO] PATCH /api/assistance/16bf103c-ca4f-4e9c-b14a-f4fe1dcf9e15 
[2026-02-16T06:12:43.534Z] [INFO] POST /api/appointments 
[2026-02-16T06:13:48.710Z] [INFO] GET /api/assistance?userId=user-111 
[2026-02-16T06:13:48.874Z] [INFO] GET /api/assistance? 
[2026-02-16T06:14:31.027Z] [INFO] PATCH /api/assistance/16bf103c-ca4f-4e9c-b14a-f4fe1dcf9e15 
[2026-02-16T06:14:31.051Z] [INFO] POST /api/appointments 
[2026-02-16T06:14:32.349Z] [INFO] GET /api/assistance? 
[2026-02-16T06:14:33.112Z] [INFO] GET /api/assistance? 
[2026-02-16T06:14:52.234Z] [INFO] GET /api/appointments?userId=user-111 
[2026-02-16T06:14:59.024Z] [INFO] GET /api/appointments?userId=user-111 
[2026-02-16T06:15:00.796Z] [INFO] OPTIONS /api/login 
[2026-02-16T06:15:00.797Z] [INFO] POST /api/login 
[2026-02-16T06:15:00.891Z] [INFO] GET /api/assistance?userId=user-111 
[2026-02-16T06:16:10.241Z] [INFO] GET /api/appointments?userId=user-111 
[2026-02-16T06:16:10.512Z] [INFO] GET /api/appointments?mechanicId=f351179b-4b23-4d70-8278-9799600dc85f 
[2026-02-16T06:16:20.390Z] [INFO] GET /api/assistance?userId=user-111&status=pending 
[2026-02-16T06:16:20.391Z] [INFO] GET /api/appointments?userId=user-111 
[2026-02-16T06:16:20.666Z] [INFO] GET /api/appointments?mechanicId=f351179b-4b23-4d70-8278-9799600dc85f 
[2026-02-16T06:16:25.174Z] [INFO] GET /api/appointments?userId=user-111 
[2026-02-16T06:16:25.175Z] [INFO] GET /api/assistance?userId=user-111&status=pending 
[2026-02-16T06:16:25.320Z] [INFO] GET /api/appointments?mechanicId=f351179b-4b23-4d70-8278-9799600dc85f 
[2026-02-16T06:16:34.436Z] [INFO] GET /api/appointments?userId=user-111 
[2026-02-16T06:16:34.437Z] [INFO] GET /api/assistance?userId=user-111&status=pending 
[2026-02-16T06:16:34.668Z] [INFO] GET /api/appointments?mechanicId=f351179b-4b23-4d70-8278-9799600dc85f 
[2026-02-16T06:17:02.705Z] [INFO] GET /api/users 
[2026-02-16T06:17:02.714Z] [INFO] GET /api/users 
[2026-02-16T06:17:03.648Z] [INFO] GET /api/appointments 
[2026-02-16T06:17:03.648Z] [INFO] GET /api/assistance 
[2026-02-16T06:17:03.650Z] [INFO] GET /api/appointments 
[2026-02-16T06:17:03.650Z] [INFO] GET /api/assistance 
[2026-02-16T06:17:27.784Z] [INFO] GET /api/assistance?userId=user-111&status=pending 
[2026-02-16T06:17:27.789Z] [INFO] GET /api/appointments?userId=user-111 
[2026-02-16T06:17:30.235Z] [INFO] GET /api/assistance?userId=user-111 
[2026-02-16T06:17:30.237Z] [INFO] GET /api/appointments?userId=user-111 
[2026-02-16T06:17:30.238Z] [INFO] GET /api/assistance?userId=user-111&status=pending 
[2026-02-16T06:18:01.145Z] [INFO] PATCH /api/appointments/16bf103c-ca4f-4e9c-b14a-f4fe1dcf9e15 
[2026-02-16T06:18:02.868Z] [INFO] GET /api/assistance? 
[2026-02-16T06:19:16.264Z] [INFO] PATCH /api/assistance/12c4d425-b098-4c52-bcbe-e36567deb048 
[2026-02-16T06:19:48.865Z] [INFO] GET /api/appointments?userId=user-111 
[2026-02-16T06:19:48.897Z] [INFO] GET /api/assistance?userId=user-111&status=pending 
[2026-02-16T06:19:49.212Z] [INFO] GET /api/assistance? 
[2026-02-16T06:19:49.213Z] [INFO] GET /api/appointments?mechanicId=f351179b-4b23-4d70-8278-9799600dc85f 
[2026-02-16T06:19:55.081Z] [INFO] GET /api/assistance?status=pending 
[2026-02-16T06:20:07.124Z] [INFO] GET /api/appointments?userId=user-111 
[2026-02-16T06:20:07.140Z] [INFO] GET /api/assistance?userId=user-111&status=pending 
[2026-02-16T06:20:07.549Z] [INFO] GET /api/assistance?status=pending 
[2026-02-16T06:20:07.551Z] [INFO] GET /api/appointments?mechanicId=f351179b-4b23-4d70-8278-9799600dc85f 
[2026-02-16T06:20:34.233Z] [INFO] GET /api/appointments 
[2026-02-16T06:20:34.234Z] [INFO] GET /api/assistance 
[2026-02-16T06:20:34.236Z] [INFO] GET /api/appointments 
[2026-02-16T06:20:34.237Z] [INFO] GET /api/assistance 
[2026-02-16T06:20:49.456Z] [INFO] GET /api/appointments?mechanicId=f351179b-4b23-4d70-8278-9799600dc85f 
[2026-02-16T06:20:52.318Z] [INFO] GET /api/appointments?userId=user-111 
[2026-02-16T06:20:52.326Z] [INFO] GET /api/assistance?userId=user-111&status=pending 
[2026-02-16T06:21:31.613Z] [INFO] POST /api/login 
[2026-02-16T06:21:31.715Z] [INFO] GET /api/assistance?status=pending 
[2026-02-16T06:22:10.130Z] [INFO] GET /api/appointments 
[2026-02-16T06:22:10.132Z] [INFO] GET /api/assistance 
[2026-02-16T06:22:10.135Z] [INFO] GET /api/appointments 
[2026-02-16T06:22:10.138Z] [INFO] GET /api/assistance 
[2026-02-16T06:22:20.897Z] [INFO] GET /api/appointments 
[2026-02-16T06:22:21.991Z] [INFO] GET /api/appointments 
[2026-02-16T06:22:21.992Z] [INFO] GET /api/assistance 
[2026-02-16T06:22:21.994Z] [INFO] GET /api/appointments 
[2026-02-16T06:22:21.994Z] [INFO] GET /api/assistance 
[2026-02-16T06:22:29.893Z] [INFO] GET /api/appointments 
[2026-02-16T06:22:29.893Z] [INFO] GET /api/assistance 
[2026-02-16T06:22:29.895Z] [INFO] GET /api/appointments 
[2026-02-16T06:22:29.896Z] [INFO] GET /api/assistance 
[2026-02-16T06:22:30.763Z] [INFO] GET /api/appointments 
[2026-02-16T06:22:30.764Z] [INFO] GET /api/assistance 
[2026-02-16T06:22:30.766Z] [INFO] GET /api/appointments 
[2026-02-16T06:22:30.767Z] [INFO] GET /api/assistance 
[2026-02-16T06:22:32.755Z] [INFO] GET /api/assistance 
[2026-02-16T06:22:40.273Z] [INFO] GET /api/appointments 
[2026-02-16T06:22:40.279Z] [INFO] GET /api/assistance 
[2026-02-16T06:22:40.295Z] [INFO] GET /api/appointments 
[2026-02-16T06:22:40.295Z] [INFO] GET /api/assistance 
[2026-02-16T06:22:45.133Z] [INFO] PATCH /api/assistance/06f5203c-7e69-45fb-841f-56c5b150ddd4 
[2026-02-16T06:22:45.154Z] [INFO] POST /api/appointments 
[2026-02-16T06:22:46.124Z] [INFO] GET /api/assistance?status=pending 
[2026-02-16T06:22:47.236Z] [INFO] GET /api/assistance?status=pending 
[2026-02-16T06:22:47.876Z] [INFO] GET /api/appointments 
[2026-02-16T06:22:47.877Z] [INFO] GET /api/assistance 
[2026-02-16T06:22:47.881Z] [INFO] GET /api/appointments 
[2026-02-16T06:22:47.882Z] [INFO] GET /api/assistance 
[2026-02-16T06:22:47.892Z] [INFO] GET /api/users 
[2026-02-16T06:23:01.013Z] [INFO] PATCH /api/appointments/06f5203c-7e69-45fb-841f-56c5b150ddd4 
[2026-02-16T06:23:03.794Z] [INFO] GET /api/assistance?userId=user-111&status=pending 
[2026-02-16T06:23:05.868Z] [INFO] GET /api/vehicles/user-111 
[2026-02-16T06:23:11.541Z] [INFO] OPTIONS /api/assistance 
[2026-02-16T06:23:11.543Z] [INFO] POST /api/assistance 
[2026-02-16T06:23:12.854Z] [INFO] GET /api/appointments 
[2026-02-16T06:23:12.857Z] [INFO] GET /api/assistance 
[2026-02-16T06:23:12.861Z] [INFO] GET /api/appointments 
[2026-02-16T06:23:12.862Z] [INFO] GET /api/assistance 
[2026-02-16T06:23:20.395Z] [INFO] GET /api/assistance?userId=user-111&status=pending 
[2026-02-16T06:24:05.897Z] [INFO] GET /api/vehicles/user-111 
[2026-02-16T06:24:21.356Z] [INFO] HEAD /api/appointments 
[2026-02-16T06:24:21.357Z] [INFO] GET /api/appointments 
[2026-02-16T06:24:21.803Z] [INFO] HEAD /api/assistance 
[2026-02-16T06:24:21.804Z] [INFO] GET /api/assistance 
[2026-02-16T06:24:44.930Z] [INFO] HEAD /api/users 
[2026-02-16T06:24:44.941Z] [INFO] GET /api/users 
[2026-02-16T06:26:12.837Z] [INFO] GET /api/appointments?userId=user-111 
[2026-02-16T06:26:12.843Z] [INFO] GET /api/assistance?userId=user-111&status=pending 
[2026-02-16T06:26:35.403Z] [INFO] OPTIONS /api/assistance 
[2026-02-16T06:26:35.411Z] [INFO] POST /api/assistance 
[2026-02-16T06:26:37.602Z] [INFO] GET /api/appointments 
[2026-02-16T06:26:37.603Z] [INFO] GET /api/assistance 
[2026-02-16T06:26:37.605Z] [INFO] GET /api/appointments 
[2026-02-16T06:26:37.606Z] [INFO] GET /api/assistance 
[2026-02-16T06:26:55.138Z] [INFO] GET /api/assistance?status=pending 
[2026-02-16T06:27:37.481Z] [INFO] GET /api/appointments 
[2026-02-16T06:27:37.483Z] [INFO] GET /api/assistance 
[2026-02-16T06:27:37.487Z] [INFO] GET /api/appointments 
[2026-02-16T06:27:37.491Z] [INFO] GET /api/assistance 
[2026-02-16T06:27:38.359Z] [INFO] GET /api/users 
[2026-02-16T06:27:38.379Z] [INFO] GET /api/users 
[2026-02-16T06:27:38.980Z] [INFO] GET /api/appointments 
[2026-02-16T06:27:38.980Z] [INFO] GET /api/assistance 
[2026-02-16T06:27:38.984Z] [INFO] GET /api/appointments 
[2026-02-16T06:27:38.985Z] [INFO] GET /api/assistance 
[2026-02-16T06:27:54.225Z] [INFO] GET /api/appointments 
[2026-02-16T06:27:54.228Z] [INFO] GET /api/assistance 
[2026-02-16T06:27:54.230Z] [INFO] GET /api/appointments 
[2026-02-16T06:27:54.231Z] [INFO] GET /api/assistance 
[2026-02-16T06:27:55.163Z] [INFO] GET /api/users 
[2026-02-16T06:27:55.173Z] [INFO] GET /api/users 
[2026-02-16T06:27:55.718Z] [INFO] GET /api/users 
[2026-02-16T06:27:55.721Z] [INFO] GET /api/users 
[2026-02-16T06:27:56.306Z] [INFO] GET /api/appointments 
[2026-02-16T06:27:56.308Z] [INFO] GET /api/assistance 
[2026-02-16T06:27:56.309Z] [INFO] GET /api/appointments 
[2026-02-16T06:27:56.310Z] [INFO] GET /api/assistance 
[2026-02-16T06:27:56.619Z] [INFO] GET /api/appointments 
[2026-02-16T06:27:56.620Z] [INFO] GET /api/assistance 
[2026-02-16T06:27:56.621Z] [INFO] GET /api/appointments 
[2026-02-16T06:27:56.622Z] [INFO] GET /api/assistance 
[2026-02-16T06:27:59.567Z] [INFO] GET /api/appointments 
[2026-02-16T06:27:59.568Z] [INFO] GET /api/assistance 
[2026-02-16T06:27:59.569Z] [INFO] GET /api/appointments 
[2026-02-16T06:27:59.569Z] [INFO] GET /api/assistance 
[2026-02-16T06:28:15.142Z] [INFO] GET /api/appointments 
[2026-02-16T06:28:15.144Z] [INFO] GET /api/assistance 
[2026-02-16T06:28:15.146Z] [INFO] GET /api/appointments 
[2026-02-16T06:28:15.146Z] [INFO] GET /api/assistance 
[2026-02-16T06:28:16.212Z] [INFO] HEAD /api/appointments 
[2026-02-16T06:28:16.224Z] [INFO] GET /api/appointments 
[2026-02-16T06:28:16.674Z] [INFO] GET /api/users/ 
[2026-02-16T06:28:30.572Z] [INFO] GET /api/appointments 
[2026-02-16T06:28:30.577Z] [INFO] GET /api/assistance 
[2026-02-16T06:28:30.581Z] [INFO] GET /api/appointments 
[2026-02-16T06:28:30.581Z] [INFO] GET /api/assistance 
[2026-02-16T06:28:31.079Z] [INFO] GET /api/appointments 
[2026-02-16T06:28:31.080Z] [INFO] GET /api/assistance 
[2026-02-16T06:28:31.082Z] [INFO] GET /api/appointments 
[2026-02-16T06:28:31.082Z] [INFO] GET /api/assistance 
[2026-02-16T06:28:40.329Z] [INFO] GET /api/appointments?userId=user-111 
[2026-02-16T06:28:40.339Z] [INFO] GET /api/assistance?userId=user-111&status=pending 
[2026-02-16T06:28:40.744Z] [INFO] GET /api/appointments?mechanicId=f351179b-4b23-4d70-8278-9799600dc85f 
[2026-02-16T06:28:50.318Z] [INFO] GET /api/users/ 
[2026-02-16T06:28:55.431Z] [INFO] GET /api/users/ 
[2026-02-16T06:29:12.458Z] [INFO] GET /api/appointments?mechanicId=f351179b-4b23-4d70-8278-9799600dc85f 
[2026-02-16T06:29:20.317Z] [INFO] GET /api/appointments 
[2026-02-16T06:29:20.318Z] [INFO] GET /api/assistance 
[2026-02-16T06:29:20.320Z] [INFO] GET /api/appointments 
[2026-02-16T06:29:20.320Z] [INFO] GET /api/assistance 
[2026-02-16T06:29:23.513Z] [INFO] GET /api/appointments 
[2026-02-16T06:29:23.514Z] [INFO] GET /api/assistance 
[2026-02-16T06:29:23.515Z] [INFO] GET /api/appointments 
[2026-02-16T06:29:23.516Z] [INFO] GET /api/assistance 
[2026-02-16T06:29:25.992Z] [INFO] GET /api/users 
[2026-02-16T06:29:25.996Z] [INFO] GET /api/users 
[2026-02-16T06:29:26.557Z] [INFO] GET /api/appointments 
[2026-02-16T06:29:26.558Z] [INFO] GET /api/assistance 
[2026-02-16T06:29:26.560Z] [INFO] GET /api/appointments 
[2026-02-16T06:29:26.560Z] [INFO] GET /api/assistance 
[2026-02-16T06:29:34.886Z] [INFO] GET /api/appointments?mechanicId=f351179b-4b23-4d70-8278-9799600dc85f 
[2026-02-16T06:29:36.688Z] [INFO] GET /api/assistance?status=pending 
[2026-02-16T06:29:37.093Z] [INFO] GET /api/appointments?mechanicId=f351179b-4b23-4d70-8278-9799600dc85f 
[2026-02-16T06:29:41.064Z] [INFO] GET /api/appointments?mechanicId=f351179b-4b23-4d70-8278-9799600dc85f 
[2026-02-16T06:30:14.976Z] [INFO] GET /api/assistance?userId=user-111&status=pending 
[2026-02-16T06:30:16.692Z] [INFO] GET /api/assistance 
[2026-02-16T06:30:16.692Z] [INFO] GET /api/appointments 
[2026-02-16T06:30:16.693Z] [INFO] GET /api/assistance 
[2026-02-16T06:30:16.693Z] [INFO] GET /api/appointments 
[2026-02-16T06:30:20.850Z] [INFO] GET /api/vehicles/user-111 
[2026-02-16T06:30:39.089Z] [INFO] OPTIONS /api/assistance 
[2026-02-16T06:30:39.091Z] [INFO] POST /api/assistance 
[2026-02-16T06:30:39.818Z] [INFO] GET /api/appointments 
[2026-02-16T06:30:39.820Z] [INFO] GET /api/assistance 
[2026-02-16T06:30:39.823Z] [INFO] GET /api/appointments 
[2026-02-16T06:30:39.824Z] [INFO] GET /api/assistance 
[2026-02-16T06:30:46.713Z] [INFO] GET /api/appointments 
[2026-02-16T06:30:46.714Z] [INFO] GET /api/assistance 
[2026-02-16T06:30:46.716Z] [INFO] GET /api/appointments 
[2026-02-16T06:30:46.716Z] [INFO] GET /api/assistance 
[2026-02-16T06:30:52.292Z] [INFO] GET /api/appointments 
[2026-02-16T06:30:52.294Z] [INFO] GET /api/assistance 
[2026-02-16T06:30:52.297Z] [INFO] GET /api/appointments 
[2026-02-16T06:30:52.297Z] [INFO] GET /api/assistance 
[2026-02-16T06:30:54.663Z] [INFO] GET /api/appointments 
[2026-02-16T06:30:54.664Z] [INFO] GET /api/assistance 
[2026-02-16T06:30:54.666Z] [INFO] GET /api/appointments 
[2026-02-16T06:30:54.667Z] [INFO] GET /api/assistance 
[2026-02-16T06:30:58.835Z] [INFO] GET /api/assistance?userId=user-111&status=pending 
[2026-02-16T06:30:58.838Z] [INFO] GET /api/appointments?userId=user-111 
[2026-02-16T06:30:59.223Z] [INFO] GET /api/appointments 
[2026-02-16T06:30:59.225Z] [INFO] GET /api/assistance 
[2026-02-16T06:30:59.226Z] [INFO] GET /api/appointments 
[2026-02-16T06:30:59.227Z] [INFO] GET /api/assistance 
[2026-02-16T06:31:05.539Z] [INFO] GET /api/appointments 
[2026-02-16T06:31:05.540Z] [INFO] GET /api/assistance 
[2026-02-16T06:31:05.543Z] [INFO] GET /api/appointments 
[2026-02-16T06:31:05.544Z] [INFO] GET /api/assistance 
[2026-02-16T06:33:55.103Z] [INFO] GET /api/appointments 
[2026-02-16T06:33:55.107Z] [INFO] GET /api/assistance 
[2026-02-16T06:33:55.109Z] [INFO] GET /api/appointments 
[2026-02-16T06:33:55.110Z] [INFO] GET /api/assistance 
[2026-02-16T06:33:56.773Z] [INFO] GET /api/appointments 
[2026-02-16T06:33:56.774Z] [INFO] GET /api/assistance 
[2026-02-16T06:33:56.776Z] [INFO] GET /api/appointments 
[2026-02-16T06:33:56.777Z] [INFO] GET /api/assistance 
[2026-02-16T06:34:04.319Z] [INFO] GET /api/appointments?mechanicId=f351179b-4b23-4d70-8278-9799600dc85f 
[2026-02-16T06:34:11.267Z] [INFO] GET /api/appointments 
[2026-02-16T06:34:11.274Z] [INFO] GET /api/assistance 
[2026-02-16T06:34:11.286Z] [INFO] GET /api/appointments 
[2026-02-16T06:34:11.289Z] [INFO] GET /api/assistance 
[2026-02-16T06:34:12.269Z] [INFO] GET /api/appointments?userId=user-111 
[2026-02-16T06:34:12.270Z] [INFO] GET /api/assistance?userId=user-111&status=pending 
[2026-02-16T06:34:44.563Z] [INFO] GET /api/appointments?mechanicId=f351179b-4b23-4d70-8278-9799600dc85f 
[2026-02-16T06:35:15.860Z] [INFO] GET /api/appointments 
[2026-02-16T06:35:19.789Z] [INFO] GET /api/appointments 
[2026-02-16T06:35:19.790Z] [INFO] GET /api/assistance 
[2026-02-16T06:35:19.792Z] [INFO] GET /api/appointments 
[2026-02-16T06:35:19.792Z] [INFO] GET /api/assistance 
[2026-02-16T06:35:32.161Z] [INFO] POST /api/login 
[2026-02-16T06:35:32.312Z] [INFO] GET /api/assistance?status=pending 
[2026-02-16T06:35:35.315Z] [INFO] GET /api/appointments?mechanicId=f351179b-4b23-4d70-8278-9799600dc85f 
[2026-02-16T06:36:35.797Z] [INFO] GET /api/appointments?mechanicId=f351179b-4b23-4d70-8278-9799600dc85f 
[2026-02-16T06:36:43.576Z] [INFO] GET /api/appointments 
[2026-02-16T06:36:43.580Z] [INFO] GET /api/assistance 
[2026-02-16T06:36:43.583Z] [INFO] GET /api/appointments 
[2026-02-16T06:36:43.587Z] [INFO] GET /api/assistance 
[2026-02-16T06:36:57.839Z] [INFO] GET /api/assistance?status=pending 
[2026-02-16T06:37:24.909Z] [INFO] PATCH /api/assistance/4a3070ea-b320-4aa3-8fda-edd2e2566237 
[2026-02-16T06:37:24.929Z] [INFO] POST /api/appointments 
[2026-02-16T06:37:26.039Z] [INFO] GET /api/assistance?status=pending 
[2026-02-16T06:37:26.100Z] [INFO] GET /api/appointments?mechanicId=f351179b-4b23-4d70-8278-9799600dc85f 
[2026-02-16T06:37:27.023Z] [INFO] GET /api/assistance?status=pending 
[2026-02-16T06:37:29.976Z] [INFO] GET /api/assistance 
[2026-02-16T06:37:29.977Z] [INFO] GET /api/appointments 
[2026-02-16T06:37:29.978Z] [INFO] GET /api/appointments 
[2026-02-16T06:37:29.979Z] [INFO] GET /api/assistance 
[2026-02-16T06:38:00.688Z] [INFO] PATCH /api/assistance/4ac20ca4-f4e1-43f7-81ab-98d581a22165 
[2026-02-16T06:38:00.711Z] [INFO] POST /api/appointments 
[2026-02-16T06:38:02.793Z] [INFO] GET /api/assistance?status=pending 
[2026-02-16T06:38:02.825Z] [INFO] GET /api/appointments?mechanicId=f351179b-4b23-4d70-8278-9799600dc85f 
[2026-02-16T06:38:06.273Z] [INFO] GET /api/appointments 
[2026-02-16T06:38:06.274Z] [INFO] GET /api/assistance 
[2026-02-16T06:38:06.277Z] [INFO] GET /api/appointments 
[2026-02-16T06:38:06.277Z] [INFO] GET /api/assistance 
[2026-02-16T06:39:00.452Z] [INFO] GET /api/appointments?mechanicId=f351179b-4b23-4d70-8278-9799600dc85f 
[2026-02-16T06:39:06.200Z] [INFO] GET /api/appointments?mechanicId=f351179b-4b23-4d70-8278-9799600dc85f 
[2026-02-16T06:40:04.553Z] [INFO] GET /api/assistance?status=pending 
[2026-02-16T06:40:05.547Z] [INFO] GET /api/assistance?status=pending 
[2026-02-16T06:40:06.358Z] [INFO] GET /api/assistance?status=pending 
[2026-02-16T06:40:07.132Z] [INFO] GET /api/assistance?status=pending 
[2026-02-16T06:40:08.481Z] [INFO] GET /api/appointments?mechanicId=f351179b-4b23-4d70-8278-9799600dc85f 
[2026-02-16T06:40:10.834Z] [INFO] GET /api/appointments?mechanicId=f351179b-4b23-4d70-8278-9799600dc85f 
[2026-02-16T06:40:18.219Z] [INFO] GET /api/users 
[2026-02-16T06:40:18.251Z] [INFO] GET /api/users 
[2026-02-16T06:40:35.535Z] [INFO] POST /api/login 
[2026-02-16T06:40:35.554Z] [INFO] GET /api/appointments?mechanicId=4edcf783-5f46-4cef-a302-06b571d1d976 
[2026-02-16T06:40:35.601Z] [INFO] GET /api/assistance?status=pending 
[2026-02-16T06:40:45.012Z] [INFO] PATCH /api/users/4edcf783-5f46-4cef-a302-06b571d1d976 
[2026-02-16T06:40:51.085Z] [INFO] PATCH /api/users/4edcf783-5f46-4cef-a302-06b571d1d976 
[2026-02-16T06:40:51.150Z] [INFO] GET /api/assistance?zip=33326&status=pending 
[2026-02-16T06:41:01.285Z] [INFO] GET /api/users 
[2026-02-16T06:41:01.295Z] [INFO] GET /api/users 
[2026-02-16T06:41:09.335Z] [INFO] POST /api/login 
[2026-02-16T06:41:09.382Z] [INFO] GET /api/appointments?mechanicId=4edcf783-5f46-4cef-a302-06b571d1d976 
[2026-02-16T06:41:09.454Z] [INFO] GET /api/assistance?status=pending 
[2026-02-16T06:41:10.858Z] [INFO] GET /api/appointments?mechanicId=4edcf783-5f46-4cef-a302-06b571d1d976 
[2026-02-16T06:41:29.792Z] [INFO] GET /api/assistance?userId=user-111&status=pending 
[2026-02-16T06:41:30.448Z] [INFO] GET /api/appointments?userId=user-111 
[2026-02-16T06:41:30.450Z] [INFO] GET /api/assistance?userId=user-111&status=pending 
[2026-02-16T06:41:47.688Z] [INFO] GET /api/appointments?userId=user-111 
[2026-02-16T06:41:47.691Z] [INFO] GET /api/assistance?userId=user-111&status=pending 
[2026-02-16T06:42:45.440Z] [INFO] GET /api/appointments?mechanicId=4edcf783-5f46-4cef-a302-06b571d1d976 
[2026-02-16T06:43:22.616Z] [INFO] GET /api/appointments?userId=user-111 
[2026-02-16T06:43:22.620Z] [INFO] GET /api/assistance?userId=user-111 
[2026-02-16T06:43:22.624Z] [INFO] GET /api/appointments?userId=user-111 
[2026-02-16T06:43:22.628Z] [INFO] GET /api/assistance?userId=user-111 
[2026-02-16T06:43:22.742Z] [INFO] GET /api/assistance?status=pending 
[2026-02-16T06:43:22.744Z] [INFO] GET /api/appointments?mechanicId=4edcf783-5f46-4cef-a302-06b571d1d976 
[2026-02-16T06:43:45.216Z] [INFO] GET /api/appointments?userId=user-111 
[2026-02-16T06:43:45.221Z] [INFO] GET /api/assistance?userId=user-111 
[2026-02-16T06:43:47.449Z] [INFO] GET /api/assistance?userId=user-111&status=pending 
[2026-02-16T06:43:47.453Z] [INFO] GET /api/appointments?userId=user-111 
[2026-02-16T06:43:47.458Z] [INFO] GET /api/assistance?userId=user-111 
[2026-02-16T06:43:48.466Z] [INFO] GET /api/appointments?userId=user-111 
[2026-02-16T06:43:48.467Z] [INFO] GET /api/assistance?userId=user-111 
[2026-02-16T06:43:55.213Z] [INFO] GET /api/appointments 
[2026-02-16T06:43:55.215Z] [INFO] GET /api/assistance 
[2026-02-16T06:43:55.228Z] [INFO] GET /api/appointments 
[2026-02-16T06:43:55.230Z] [INFO] GET /api/assistance 
[2026-02-16T06:46:03.905Z] [INFO] GET /api/appointments 
[2026-02-16T06:46:03.916Z] [INFO] GET /api/assistance 
[2026-02-16T06:46:58.122Z] [INFO] GET /api/appointments?mechanicId=4edcf783-5f46-4cef-a302-06b571d1d976 
[2026-02-16T06:47:05.767Z] [INFO] GET /api/appointments 
[2026-02-16T06:47:11.855Z] [INFO] GET /api/users 
[2026-02-16T06:47:11.875Z] [INFO] GET /api/users 
[2026-02-16T06:47:12.256Z] [INFO] GET /api/appointments 
[2026-02-16T06:47:12.277Z] [INFO] GET /api/assistance 
[2026-02-16T06:47:27.242Z] [INFO] POST /api/login 
[2026-02-16T06:47:27.267Z] [INFO] GET /api/appointments?mechanicId=4edcf783-5f46-4cef-a302-06b571d1d976 
[2026-02-16T06:47:27.324Z] [INFO] GET /api/assistance?status=pending 
[2026-02-16T06:47:43.746Z] [INFO] GET /api/appointments 
[2026-02-16T06:47:43.748Z] [INFO] GET /api/assistance 
[2026-02-16T06:47:43.754Z] [INFO] GET /api/appointments 
[2026-02-16T06:47:43.755Z] [INFO] GET /api/assistance 
[2026-02-16T06:48:03.609Z] [INFO] OPTIONS /api/assistance/63b3ec48-ef5a-44de-8470-773ddd7820b0 
[2026-02-16T06:48:03.610Z] [INFO] DELETE /api/assistance/63b3ec48-ef5a-44de-8470-773ddd7820b0 
[2026-02-16T06:48:08.039Z] [INFO] OPTIONS /api/appointments/all 
[2026-02-16T06:48:08.040Z] [INFO] DELETE /api/appointments/all 
[2026-02-16T06:48:38.199Z] [INFO] GET /api/users 
[2026-02-16T06:48:38.229Z] [INFO] GET /api/users 
[2026-02-16T06:48:38.941Z] [INFO] GET /api/appointments 
[2026-02-16T06:48:38.949Z] [INFO] GET /api/assistance 
[2026-02-16T06:48:38.951Z] [INFO] GET /api/appointments 
[2026-02-16T06:48:38.957Z] [INFO] GET /api/assistance 
[2026-02-16T06:48:39.307Z] [INFO] GET /api/appointments 
[2026-02-16T06:48:39.309Z] [INFO] GET /api/assistance 
[2026-02-16T06:48:39.310Z] [INFO] GET /api/appointments 
[2026-02-16T06:48:39.310Z] [INFO] GET /api/assistance 
[2026-02-16T06:49:11.047Z] [INFO] GET /api/appointments 
[2026-02-16T06:49:11.048Z] [INFO] GET /api/assistance 
[2026-02-16T06:49:11.050Z] [INFO] GET /api/appointments 
[2026-02-16T06:49:11.050Z] [INFO] GET /api/assistance 
[2026-02-16T06:51:18.067Z] [INFO] GET /api/appointments 
[2026-02-16T06:51:18.069Z] [INFO] GET /api/assistance 
[2026-02-16T06:51:18.073Z] [INFO] GET /api/appointments 
[2026-02-16T06:51:18.074Z] [INFO] GET /api/assistance 
[2026-02-16T06:51:33.587Z] [INFO] GET /api/appointments 
[2026-02-16T06:51:33.589Z] [INFO] GET /api/assistance 
[2026-02-16T06:51:33.590Z] [INFO] GET /api/appointments 
[2026-02-16T06:51:33.591Z] [INFO] GET /api/assistance 
[2026-02-16T06:51:42.636Z] [INFO] GET /api/appointments 
[2026-02-16T06:51:42.638Z] [INFO] GET /api/assistance 
[2026-02-16T06:51:42.658Z] [INFO] GET /api/appointments 
[2026-02-16T06:51:42.658Z] [INFO] GET /api/assistance 
[2026-02-16T06:51:53.570Z] [INFO] GET /api/appointments 
[2026-02-16T06:51:53.573Z] [INFO] GET /api/assistance 
[2026-02-16T06:51:53.575Z] [INFO] GET /api/appointments 
[2026-02-16T06:51:53.576Z] [INFO] GET /api/assistance 
[2026-02-16T06:52:08.842Z] [INFO] GET /api/assistance 
[2026-02-16T06:52:08.847Z] [INFO] GET /api/appointments 
[2026-02-16T06:52:08.851Z] [INFO] GET /api/assistance 
[2026-02-16T06:52:08.854Z] [INFO] GET /api/appointments 
[2026-02-16T06:52:11.935Z] [INFO] GET /api/appointments 
[2026-02-16T06:52:11.936Z] [INFO] GET /api/assistance 
[2026-02-16T06:52:11.940Z] [INFO] GET /api/appointments 
[2026-02-16T06:52:11.941Z] [INFO] GET /api/assistance 
[2026-02-16T06:52:12.737Z] [INFO] GET /api/users 
[2026-02-16T06:52:12.749Z] [INFO] GET /api/users 
[2026-02-16T06:52:13.176Z] [INFO] GET /api/appointments 
[2026-02-16T06:52:13.176Z] [INFO] GET /api/assistance 
[2026-02-16T06:52:13.177Z] [INFO] GET /api/appointments 
[2026-02-16T06:52:13.177Z] [INFO] GET /api/assistance 
[2026-02-16T06:52:17.763Z] [INFO] GET /api/appointments 
[2026-02-16T06:52:17.765Z] [INFO] GET /api/assistance 
[2026-02-16T06:52:17.768Z] [INFO] GET /api/appointments 
[2026-02-16T06:52:17.768Z] [INFO] GET /api/assistance 
[2026-02-16T06:52:22.205Z] [INFO] GET /api/users/ 
[2026-02-16T06:52:24.033Z] [INFO] GET /api/appointments 
[2026-02-16T06:52:24.036Z] [INFO] GET /api/assistance 
[2026-02-16T06:52:24.039Z] [INFO] GET /api/appointments 
[2026-02-16T06:52:24.039Z] [INFO] GET /api/assistance 
[2026-02-16T06:52:26.196Z] [INFO] GET /api/appointments?mechanicId=4edcf783-5f46-4cef-a302-06b571d1d976 
[2026-02-16T06:52:36.868Z] [INFO] GET /api/appointments?userId=user-111 
[2026-02-16T06:52:36.870Z] [INFO] GET /api/assistance?userId=user-111 
[2026-02-16T06:52:38.800Z] [INFO] GET /api/appointments?mechanicId=4edcf783-5f46-4cef-a302-06b571d1d976 
[2026-02-16T06:52:41.231Z] [INFO] OPTIONS /api/login 
[2026-02-16T06:52:41.234Z] [INFO] POST /api/login 
[2026-02-16T06:52:41.308Z] [INFO] GET /api/assistance?userId=user-111&status=pending 
[2026-02-16T06:52:43.972Z] [INFO] GET /api/appointments?userId=user-111 
[2026-02-16T06:52:43.973Z] [INFO] GET /api/assistance?userId=user-111 
[2026-02-16T06:52:51.178Z] [INFO] GET /api/vehicles/user-111 
[2026-02-16T06:53:19.441Z] [INFO] OPTIONS /api/assistance 
[2026-02-16T06:53:19.442Z] [INFO] POST /api/assistance 
[2026-02-16T06:53:21.679Z] [INFO] GET /api/appointments?userId=user-111 
[2026-02-16T06:53:21.679Z] [INFO] GET /api/assistance?userId=user-111 
[2026-02-16T06:53:24.320Z] [INFO] GET /api/appointments 
[2026-02-16T06:53:24.322Z] [INFO] GET /api/assistance 
[2026-02-16T06:53:24.324Z] [INFO] GET /api/appointments 
[2026-02-16T06:53:24.324Z] [INFO] GET /api/assistance 
[2026-02-16T06:53:33.543Z] [INFO] POST /api/login 
[2026-02-16T06:53:33.668Z] [INFO] GET /api/assistance?status=pending 
[2026-02-16T06:53:43.575Z] [INFO] PATCH /api/assistance/82081db9-b926-4149-9472-2cc4a601d19b 
[2026-02-16T06:53:43.596Z] [INFO] POST /api/appointments 
[2026-02-16T06:53:44.553Z] [INFO] GET /api/assistance?status=pending 
[2026-02-16T06:53:44.613Z] [INFO] GET /api/appointments?mechanicId=4edcf783-5f46-4cef-a302-06b571d1d976 
[2026-02-16T06:53:45.672Z] [INFO] GET /api/assistance?status=pending 
[2026-02-16T06:53:51.821Z] [INFO] GET /api/appointments?userId=user-111 
[2026-02-16T06:53:51.963Z] [INFO] GET /api/assistance?userId=user-111 
[2026-02-16T06:53:51.995Z] [INFO] GET /api/assistance?userId=user-111&status=pending 
[2026-02-16T06:53:53.763Z] [INFO] GET /api/appointments 
[2026-02-16T06:53:53.764Z] [INFO] GET /api/assistance 
[2026-02-16T06:53:53.766Z] [INFO] GET /api/appointments 
[2026-02-16T06:53:53.768Z] [INFO] GET /api/assistance 
[2026-02-16T06:54:18.367Z] [INFO] GET /api/appointments?mechanicId=4edcf783-5f46-4cef-a302-06b571d1d976 
[2026-02-16T06:54:19.934Z] [INFO] GET /api/appointments?mechanicId=4edcf783-5f46-4cef-a302-06b571d1d976 
[2026-02-16T06:55:10.102Z] [INFO] GET /api/appointments 
[2026-02-16T06:55:10.104Z] [INFO] GET /api/assistance 
[2026-02-16T06:55:10.105Z] [INFO] GET /api/appointments 
[2026-02-16T06:55:10.106Z] [INFO] GET /api/assistance 
[2026-02-16T06:55:14.463Z] [INFO] GET /api/appointments 
[2026-02-16T06:55:14.464Z] [INFO] GET /api/assistance 
[2026-02-16T06:55:14.466Z] [INFO] GET /api/appointments 
[2026-02-16T06:55:14.466Z] [INFO] GET /api/assistance 
[2026-02-16T06:55:33.360Z] [INFO] GET /api/appointments 
[2026-02-16T06:55:33.361Z] [INFO] GET /api/assistance 
[2026-02-16T06:55:33.363Z] [INFO] GET /api/appointments 
[2026-02-16T06:55:33.365Z] [INFO] GET /api/assistance 
[2026-02-16T06:57:31.791Z] [INFO] GET /api/appointments?mechanicId=4edcf783-5f46-4cef-a302-06b571d1d976 
[2026-02-16T06:57:35.486Z] [INFO] GET /api/appointments?mechanicId=4edcf783-5f46-4cef-a302-06b571d1d976 
[2026-02-16T06:57:41.760Z] [INFO] PATCH /api/appointments/82081db9-b926-4149-9472-2cc4a601d19b 
[2026-02-16T06:57:41.762Z] [INFO] PATCH /api/appointments/82081db9-b926-4149-9472-2cc4a601d19b 
[2026-02-16T06:58:43.580Z] [INFO] GET /api/appointments 
[2026-02-16T06:58:43.581Z] [INFO] GET /api/assistance 
[2026-02-16T06:58:43.582Z] [INFO] GET /api/appointments 
[2026-02-16T06:58:43.582Z] [INFO] GET /api/assistance 
[2026-02-16T06:58:44.413Z] [INFO] GET /api/assistance 
[2026-02-16T06:58:44.414Z] [INFO] GET /api/appointments 
[2026-02-16T06:58:44.416Z] [INFO] GET /api/assistance 
[2026-02-16T06:58:44.416Z] [INFO] GET /api/appointments 
[2026-02-16T07:00:24.432Z] [INFO] GET /api/appointments?mechanicId=4edcf783-5f46-4cef-a302-06b571d1d976 
[2026-02-16T07:00:26.252Z] [INFO] GET /api/appointments?userId=user-111 
[2026-02-16T07:00:26.259Z] [INFO] GET /api/assistance?userId=user-111 
[2026-02-16T07:00:26.325Z] [INFO] GET /api/appointments 
[2026-02-16T07:00:26.328Z] [INFO] GET /api/assistance 
[2026-02-16T07:00:26.333Z] [INFO] GET /api/appointments 
[2026-02-16T07:00:26.334Z] [INFO] GET /api/assistance 
[2026-02-16T07:00:31.820Z] [INFO] POST /api/login 
[2026-02-16T07:00:31.925Z] [INFO] GET /api/assistance?status=pending 
[2026-02-16T07:00:34.073Z] [INFO] GET /api/appointments?mechanicId=4edcf783-5f46-4cef-a302-06b571d1d976 
[2026-02-16T07:00:47.020Z] [INFO] GET /api/appointments?userId=user-111 
[2026-02-16T07:00:47.022Z] [INFO] GET /api/assistance?userId=user-111 
[2026-02-16T07:00:47.041Z] [INFO] GET /api/appointments?userId=user-111 
[2026-02-16T07:00:47.042Z] [INFO] GET /api/assistance?userId=user-111 
[2026-02-16T07:00:47.270Z] [INFO] GET /api/assistance?mechanicId=4edcf783-5f46-4cef-a302-06b571d1d976 
[2026-02-16T07:00:47.271Z] [INFO] GET /api/appointments?mechanicId=4edcf783-5f46-4cef-a302-06b571d1d976 
[2026-02-16T07:00:47.277Z] [INFO] GET /api/appointments?mechanicId=4edcf783-5f46-4cef-a302-06b571d1d976 
[2026-02-16T07:00:47.278Z] [INFO] GET /api/assistance?mechanicId=4edcf783-5f46-4cef-a302-06b571d1d976 
[2026-02-16T07:01:13.680Z] [INFO] GET /api/assistance?status=pending 
[2026-02-16T07:01:14.450Z] [INFO] GET /api/appointments?mechanicId=4edcf783-5f46-4cef-a302-06b571d1d976 
[2026-02-16T07:01:14.452Z] [INFO] GET /api/assistance?mechanicId=4edcf783-5f46-4cef-a302-06b571d1d976 
[2026-02-16T07:01:18.169Z] [INFO] GET /api/appointments?mechanicId=4edcf783-5f46-4cef-a302-06b571d1d976 
[2026-02-16T07:01:18.173Z] [INFO] GET /api/assistance?mechanicId=4edcf783-5f46-4cef-a302-06b571d1d976 
[2026-02-16T07:01:20.595Z] [INFO] GET /api/appointments?userId=user-111 
[2026-02-16T07:01:20.598Z] [INFO] GET /api/assistance?userId=user-111 
[2026-02-16T07:01:22.385Z] [INFO] POST /api/login 
[2026-02-16T07:01:22.487Z] [INFO] GET /api/assistance?status=pending 
[2026-02-16T07:01:24.022Z] [INFO] GET /api/appointments?mechanicId=4edcf783-5f46-4cef-a302-06b571d1d976 
[2026-02-16T07:01:24.025Z] [INFO] GET /api/assistance?mechanicId=4edcf783-5f46-4cef-a302-06b571d1d976 
[2026-02-16T07:01:33.044Z] [INFO] GET /api/assistance?userId=user-111&status=pending 
[2026-02-16T07:01:34.680Z] [INFO] GET /api/vehicles/user-111 
[2026-02-16T07:02:23.295Z] [INFO] OPTIONS /api/assistance 
[2026-02-16T07:02:23.300Z] [INFO] POST /api/assistance 
[2026-02-16T07:02:25.023Z] [INFO] GET /api/appointments 
[2026-02-16T07:02:25.025Z] [INFO] GET /api/assistance 
[2026-02-16T07:02:25.028Z] [INFO] GET /api/appointments 
[2026-02-16T07:02:25.029Z] [INFO] GET /api/assistance 
[2026-02-16T07:02:31.521Z] [INFO] GET /api/appointments?mechanicId=4edcf783-5f46-4cef-a302-06b571d1d976 
[2026-02-16T07:02:31.522Z] [INFO] GET /api/assistance?mechanicId=4edcf783-5f46-4cef-a302-06b571d1d976 
[2026-02-16T07:02:33.098Z] [INFO] GET /api/appointments?mechanicId=4edcf783-5f46-4cef-a302-06b571d1d976 
[2026-02-16T07:02:33.098Z] [INFO] GET /api/assistance?mechanicId=4edcf783-5f46-4cef-a302-06b571d1d976 
[2026-02-16T07:02:44.686Z] [INFO] POST /api/login 
[2026-02-16T07:02:44.761Z] [INFO] GET /api/appointments?mechanicId=4edcf783-5f46-4cef-a302-06b571d1d976 
[2026-02-16T07:02:44.764Z] [INFO] GET /api/assistance?mechanicId=4edcf783-5f46-4cef-a302-06b571d1d976 
[2026-02-16T07:02:44.814Z] [INFO] GET /api/assistance?status=pending 
[2026-02-16T07:02:46.164Z] [INFO] GET /api/appointments?mechanicId=4edcf783-5f46-4cef-a302-06b571d1d976 
[2026-02-16T07:02:46.164Z] [INFO] GET /api/assistance?mechanicId=4edcf783-5f46-4cef-a302-06b571d1d976 
[2026-02-16T07:02:52.109Z] [INFO] GET /api/appointments 
[2026-02-16T07:02:52.110Z] [INFO] GET /api/assistance 
[2026-02-16T07:02:52.112Z] [INFO] GET /api/appointments 
[2026-02-16T07:02:52.112Z] [INFO] GET /api/assistance 
[2026-02-16T07:02:53.633Z] [INFO] GET /api/appointments?mechanicId=4edcf783-5f46-4cef-a302-06b571d1d976 
[2026-02-16T07:02:53.634Z] [INFO] GET /api/assistance?mechanicId=4edcf783-5f46-4cef-a302-06b571d1d976 
[2026-02-16T07:02:55.872Z] [INFO] GET /api/appointments 
[2026-02-16T07:02:55.873Z] [INFO] GET /api/assistance 
[2026-02-16T07:02:55.874Z] [INFO] GET /api/appointments 
[2026-02-16T07:02:55.875Z] [INFO] GET /api/assistance 
[2026-02-16T07:02:57.230Z] [INFO] PATCH /api/assistance/d9537940-cc6d-4a2c-a96b-e2201f0b854c 
[2026-02-16T07:02:58.024Z] [INFO] GET /api/assistance?status=pending 
[2026-02-16T07:02:58.059Z] [INFO] GET /api/appointments?mechanicId=4edcf783-5f46-4cef-a302-06b571d1d976 
[2026-02-16T07:02:58.060Z] [INFO] GET /api/assistance?mechanicId=4edcf783-5f46-4cef-a302-06b571d1d976 
[2026-02-16T07:02:59.319Z] [INFO] GET /api/assistance?status=pending 
[2026-02-16T07:03:00.104Z] [INFO] GET /api/appointments 
[2026-02-16T07:03:00.104Z] [INFO] GET /api/assistance 
[2026-02-16T07:03:00.106Z] [INFO] GET /api/appointments 
[2026-02-16T07:03:00.107Z] [INFO] GET /api/assistance 
[2026-02-16T07:03:17.462Z] [INFO] GET /api/appointments 
[2026-02-16T07:03:17.464Z] [INFO] GET /api/assistance 
[2026-02-16T07:03:17.465Z] [INFO] GET /api/appointments 
[2026-02-16T07:03:17.466Z] [INFO] GET /api/assistance 
[2026-02-16T07:03:20.330Z] [INFO] PATCH /api/appointments/82081db9-b926-4149-9472-2cc4a601d19b 
[2026-02-16T07:03:20.331Z] [INFO] PATCH /api/appointments/82081db9-b926-4149-9472-2cc4a601d19b 
[2026-02-16T07:05:04.103Z] [INFO] GET /api/assistance?userId=user-111 
[2026-02-16T07:05:04.106Z] [INFO] GET /api/appointments?userId=user-111 
[2026-02-16T07:05:06.122Z] [INFO] GET /api/assistance?userId=user-111&status=pending 
[2026-02-16T07:05:07.087Z] [INFO] GET /api/appointments?userId=user-111 
[2026-02-16T07:05:07.088Z] [INFO] GET /api/assistance?userId=user-111 
[2026-02-16T07:05:28.382Z] [INFO] GET /api/appointments 
[2026-02-16T07:05:28.383Z] [INFO] GET /api/assistance 
[2026-02-16T07:05:28.384Z] [INFO] GET /api/appointments 
[2026-02-16T07:05:28.385Z] [INFO] GET /api/assistance 
[2026-02-16T07:06:06.514Z] [INFO] GET /api/appointments 
[2026-02-16T07:06:06.516Z] [INFO] GET /api/assistance 
[2026-02-16T07:06:06.521Z] [INFO] GET /api/appointments 
[2026-02-16T07:06:06.523Z] [INFO] GET /api/assistance 
[2026-02-16T07:06:08.043Z] [INFO] GET /api/appointments 
[2026-02-16T07:06:08.043Z] [INFO] GET /api/assistance 
[2026-02-16T07:06:22.236Z] [INFO] GET /api/appointments 
[2026-02-16T07:06:22.238Z] [INFO] GET /api/assistance 
[2026-02-16T07:06:22.239Z] [INFO] GET /api/appointments 
[2026-02-16T07:06:22.239Z] [INFO] GET /api/assistance 
[2026-02-16T07:06:26.284Z] [INFO] OPTIONS /api/assistance/63b3ec48-ef5a-44de-8470-773ddd7820b0 
[2026-02-16T07:06:26.286Z] [INFO] DELETE /api/assistance/63b3ec48-ef5a-44de-8470-773ddd7820b0 
[2026-02-16T07:06:26.955Z] [INFO] GET /api/appointments 
[2026-02-16T07:06:26.955Z] [INFO] GET /api/assistance 
[2026-02-16T07:06:26.957Z] [INFO] GET /api/appointments 
[2026-02-16T07:06:26.959Z] [INFO] GET /api/assistance 
[2026-02-16T07:06:31.617Z] [INFO] OPTIONS /api/assistance/63b3ec48-ef5a-44de-8470-773ddd7820b0 
[2026-02-16T07:06:31.618Z] [INFO] DELETE /api/assistance/63b3ec48-ef5a-44de-8470-773ddd7820b0 
[2026-02-16T07:06:32.089Z] [INFO] GET /api/appointments 
[2026-02-16T07:06:32.090Z] [INFO] GET /api/assistance 
[2026-02-16T07:06:32.092Z] [INFO] GET /api/appointments 
[2026-02-16T07:06:32.092Z] [INFO] GET /api/assistance 
[2026-02-16T07:17:15.885Z] [INFO] GET /api/users 
[2026-02-16T07:19:16.077Z] [INFO] POST /api/login 
[2026-02-16T07:19:16.218Z] [INFO] GET /api/appointments?mechanicId=f351179b-4b23-4d70-8278-9799600dc85f 
[2026-02-16T07:19:16.227Z] [INFO] GET /api/assistance?mechanicId=f351179b-4b23-4d70-8278-9799600dc85f 
[2026-02-16T07:19:16.286Z] [INFO] GET /api/assistance?status=pending 
[2026-02-16T07:19:18.065Z] [INFO] GET /api/appointments?mechanicId=f351179b-4b23-4d70-8278-9799600dc85f 
[2026-02-16T07:19:18.067Z] [INFO] GET /api/assistance?mechanicId=f351179b-4b23-4d70-8278-9799600dc85f 
[2026-02-16T07:19:21.114Z] [INFO] GET /api/appointments?mechanicId=f351179b-4b23-4d70-8278-9799600dc85f 
[2026-02-16T07:19:21.118Z] [INFO] GET /api/assistance?mechanicId=f351179b-4b23-4d70-8278-9799600dc85f 
[2026-02-16T07:19:26.572Z] [INFO] GET /api/appointments?mechanicId=f351179b-4b23-4d70-8278-9799600dc85f 
[2026-02-16T07:19:26.575Z] [INFO] GET /api/assistance?mechanicId=f351179b-4b23-4d70-8278-9799600dc85f 
[2026-02-16T07:19:42.292Z] [INFO] POST /api/login 
[2026-02-16T07:19:42.394Z] [INFO] GET /api/appointments?userId=user-111 
[2026-02-16T07:19:42.407Z] [INFO] GET /api/assistance?userId=user-111 
[2026-02-16T07:19:42.457Z] [INFO] GET /api/assistance?userId=user-111&status=pending 
[2026-02-16T07:19:44.167Z] [INFO] GET /api/appointments?userId=user-111 
[2026-02-16T07:19:44.168Z] [INFO] GET /api/assistance?userId=user-111 
[2026-02-16T07:19:54.886Z] [INFO] PATCH /api/appointments/d9537940-cc6d-4a2c-a96b-e2201f0b854c 
[2026-02-16T07:19:55.028Z] [INFO] GET /api/appointments?userId=user-111 
[2026-02-16T07:19:55.039Z] [INFO] GET /api/assistance?userId=user-111 
[2026-02-16T07:19:58.003Z] [INFO] GET /api/assistance?userId=user-111&status=pending 
[2026-02-16T07:19:59.001Z] [INFO] GET /api/appointments?userId=user-111 
[2026-02-16T07:19:59.003Z] [INFO] GET /api/assistance?userId=user-111 
[2026-02-16T07:20:03.440Z] [INFO] GET /api/users 
[2026-02-16T07:20:03.448Z] [INFO] GET /api/users 
[2026-02-16T07:20:22.976Z] [INFO] POST /api/login 
[2026-02-16T07:20:23.083Z] [INFO] GET /api/assistance?status=pending 
[2026-02-16T07:20:23.093Z] [INFO] GET /api/appointments?mechanicId=mech-2 
[2026-02-16T07:20:23.094Z] [INFO] GET /api/assistance?mechanicId=mech-2 
[2026-02-16T07:20:23.139Z] [INFO] GET /api/assistance?status=pending 
[2026-02-16T07:20:40.042Z] [INFO] POST /api/login 
[2026-02-16T07:20:40.133Z] [INFO] GET /api/assistance?userId=user-2&status=pending 
[2026-02-16T07:20:40.145Z] [INFO] GET /api/appointments?userId=user-2 
[2026-02-16T07:20:40.146Z] [INFO] GET /api/assistance?userId=user-2 
[2026-02-16T07:20:40.271Z] [INFO] GET /api/assistance?userId=user-2&status=pending 
[2026-02-16T07:20:57.059Z] [INFO] PATCH /api/users/user-2 
[2026-02-16T07:21:01.505Z] [INFO] POST /api/login 
[2026-02-16T07:21:01.648Z] [INFO] GET /api/assistance?userId=user-2&status=pending 
[2026-02-16T07:21:01.656Z] [INFO] GET /api/appointments?userId=user-2 
[2026-02-16T07:21:01.657Z] [INFO] GET /api/assistance?userId=user-2 
[2026-02-16T07:21:01.766Z] [INFO] GET /api/assistance?userId=user-2&status=pending 
[2026-02-16T07:21:05.644Z] [INFO] GET /api/vehicles/user-2 
[2026-02-16T07:21:07.008Z] [INFO] GET /api/vehicles/user-2 
[2026-02-16T07:21:15.584Z] [INFO] POST /api/vehicles 
[2026-02-16T07:21:15.619Z] [INFO] GET /api/vehicles/user-2 
[2026-02-16T07:21:20.138Z] [INFO] POST /api/login 
[2026-02-16T07:21:20.301Z] [INFO] GET /api/assistance?userId=user-2&status=pending 
[2026-02-16T07:21:20.314Z] [INFO] GET /api/assistance?userId=user-2&status=pending 
[2026-02-16T07:21:20.315Z] [INFO] GET /api/vehicles/user-2 
[2026-02-16T07:21:20.316Z] [INFO] GET /api/appointments?userId=user-2 
[2026-02-16T07:21:20.316Z] [INFO] GET /api/assistance?userId=user-2 
[2026-02-16T07:21:20.367Z] [INFO] GET /api/assistance?userId=user-2&status=pending 
[2026-02-16T07:21:22.387Z] [INFO] GET /api/vehicles/user-2 
[2026-02-16T07:21:25.736Z] [INFO] GET /api/appointments?userId=user-2 
[2026-02-16T07:21:25.747Z] [INFO] GET /api/assistance?userId=user-2 
[2026-02-16T07:21:28.929Z] [INFO] GET /api/vehicles/user-2 
[2026-02-16T07:21:46.621Z] [INFO] POST /api/assistance 
[2026-02-16T07:21:49.373Z] [INFO] GET /api/appointments?userId=user-2 
[2026-02-16T07:21:49.380Z] [INFO] GET /api/assistance?userId=user-2 
[2026-02-16T07:21:56.507Z] [INFO] GET /api/appointments 
[2026-02-16T07:21:56.508Z] [INFO] GET /api/assistance 
[2026-02-16T07:21:56.511Z] [INFO] GET /api/appointments 
[2026-02-16T07:21:56.511Z] [INFO] GET /api/assistance 
[2026-02-16T07:22:25.923Z] [INFO] OPTIONS /api/login 
[2026-02-16T07:22:25.926Z] [INFO] POST /api/login 
[2026-02-16T07:22:25.995Z] [INFO] GET /api/assistance?status=pending 
[2026-02-16T07:22:25.996Z] [INFO] GET /api/vehicles/f351179b-4b23-4d70-8278-9799600dc85f 
[2026-02-16T07:22:25.996Z] [INFO] GET /api/appointments?mechanicId=f351179b-4b23-4d70-8278-9799600dc85f 
[2026-02-16T07:22:25.997Z] [INFO] GET /api/assistance?mechanicId=f351179b-4b23-4d70-8278-9799600dc85f 
[2026-02-16T07:22:26.025Z] [INFO] GET /api/assistance?status=pending 
[2026-02-16T07:22:27.514Z] [INFO] GET /api/appointments?mechanicId=f351179b-4b23-4d70-8278-9799600dc85f 
[2026-02-16T07:22:27.514Z] [INFO] GET /api/assistance?mechanicId=f351179b-4b23-4d70-8278-9799600dc85f 
[2026-02-16T07:22:31.161Z] [INFO] OPTIONS /api/assistance/c5b957cf-b5a8-4486-a1f1-d0a23378f843 
[2026-02-16T07:22:31.163Z] [INFO] PATCH /api/assistance/c5b957cf-b5a8-4486-a1f1-d0a23378f843 
[2026-02-16T07:22:31.957Z] [INFO] GET /api/assistance?status=pending 
[2026-02-16T07:22:31.988Z] [INFO] GET /api/appointments?mechanicId=f351179b-4b23-4d70-8278-9799600dc85f 
[2026-02-16T07:22:31.989Z] [INFO] GET /api/assistance?mechanicId=f351179b-4b23-4d70-8278-9799600dc85f 
[2026-02-16T07:22:33.219Z] [INFO] GET /api/assistance?status=pending 
[2026-02-16T07:22:34.263Z] [INFO] GET /api/appointments?mechanicId=f351179b-4b23-4d70-8278-9799600dc85f 
[2026-02-16T07:22:34.264Z] [INFO] GET /api/assistance?mechanicId=f351179b-4b23-4d70-8278-9799600dc85f 
[2026-02-16T07:23:28.167Z] [INFO] GET /api/assistance?userId=user-2&status=pending 
[2026-02-16T07:23:29.217Z] [INFO] GET /api/appointments?userId=user-2 
[2026-02-16T07:23:29.225Z] [INFO] GET /api/assistance?userId=user-2 
[2026-02-16T07:23:33.103Z] [INFO] GET /api/appointments?userId=user-2 
[2026-02-16T07:23:33.105Z] [INFO] GET /api/assistance?userId=user-2 
[2026-02-16T07:23:39.090Z] [INFO] GET /api/appointments?userId=user-2 
[2026-02-16T07:23:39.092Z] [INFO] GET /api/assistance?userId=user-2 
[2026-02-16T07:23:47.344Z] [INFO] GET /api/appointments?userId=user-2 
[2026-02-16T07:23:47.344Z] [INFO] GET /api/assistance?userId=user-2 
[2026-02-16T07:23:51.257Z] [INFO] GET /api/appointments?userId=user-2 
[2026-02-16T07:23:51.259Z] [INFO] GET /api/assistance?userId=user-2 
[2026-02-16T07:24:04.836Z] [INFO] GET /api/vehicles/user-2 
[2026-02-16T07:24:58.636Z] [INFO] POST /api/login 
[2026-02-16T07:24:58.992Z] [INFO] GET /api/assistance?userId=user-2&status=pending 
[2026-02-16T07:24:59.002Z] [INFO] GET /api/appointments?userId=user-2 
[2026-02-16T07:24:59.004Z] [INFO] GET /api/assistance?userId=user-2&status=pending 
[2026-02-16T07:24:59.005Z] [INFO] GET /api/vehicles/user-2 
[2026-02-16T07:24:59.006Z] [INFO] GET /api/assistance?userId=user-2&status=pending 
[2026-02-16T07:24:59.007Z] [INFO] GET /api/vehicles/user-2 
[2026-02-16T07:24:59.008Z] [INFO] GET /api/vehicles/user-2 
[2026-02-16T07:24:59.016Z] [INFO] GET /api/assistance?userId=user-2 
[2026-02-16T07:24:59.078Z] [INFO] GET /api/assistance?userId=user-2&status=pending 
[2026-02-16T07:25:01.131Z] [INFO] GET /api/appointments?userId=user-2 
[2026-02-16T07:25:01.133Z] [INFO] GET /api/assistance?userId=user-2 
[2026-02-16T15:19:59.016Z] [INFO] GET /api/users/ 
[2026-02-16T15:26:33.378Z] [INFO] GET /api/users/ 
[2026-02-16T15:26:34.818Z] [INFO] GET /api/users/ 
[2026-02-16T15:26:47.294Z] [INFO] GET /api/appointments?mechanicId=f351179b-4b23-4d70-8278-9799600dc85f 
[2026-02-16T15:26:47.296Z] [INFO] GET /api/assistance?mechanicId=f351179b-4b23-4d70-8278-9799600dc85f 
[2026-02-16T15:27:01.582Z] [INFO] GET /api/users 
[2026-02-16T15:27:01.590Z] [INFO] GET /api/users 
[2026-02-16T15:27:02.208Z] [INFO] GET /api/appointments 
[2026-02-16T15:27:02.208Z] [INFO] GET /api/assistance 
[2026-02-16T15:27:02.209Z] [INFO] GET /api/appointments 
[2026-02-16T15:27:02.209Z] [INFO] GET /api/assistance 
[2026-02-16T15:27:02.937Z] [INFO] GET /api/appointments 
[2026-02-16T15:27:02.938Z] [INFO] GET /api/assistance 
[2026-02-16T15:27:02.940Z] [INFO] GET /api/appointments 
[2026-02-16T15:27:02.942Z] [INFO] GET /api/assistance 
[2026-02-16T15:27:35.521Z] [INFO] OPTIONS /api/appointments/c5b957cf-b5a8-4486-a1f1-d0a23378f843 
[2026-02-16T15:27:35.522Z] [INFO] PATCH /api/appointments/c5b957cf-b5a8-4486-a1f1-d0a23378f843 
[2026-02-16T15:27:35.578Z] [INFO] GET /api/appointments?mechanicId=f351179b-4b23-4d70-8278-9799600dc85f 
[2026-02-16T15:27:35.579Z] [INFO] GET /api/assistance?mechanicId=f351179b-4b23-4d70-8278-9799600dc85f 
[2026-02-16T15:27:38.079Z] [INFO] GET /api/appointments 
[2026-02-16T15:27:38.079Z] [INFO] GET /api/assistance 
[2026-02-16T15:27:38.080Z] [INFO] GET /api/appointments 
[2026-02-16T15:27:38.081Z] [INFO] GET /api/assistance 
[2026-02-16T15:28:02.355Z] [INFO] GET /api/appointments 
[2026-02-16T15:28:02.357Z] [INFO] GET /api/assistance 
[2026-02-16T15:28:02.359Z] [INFO] GET /api/appointments 
[2026-02-16T15:28:02.360Z] [INFO] GET /api/assistance 
[2026-02-16T15:28:40.792Z] [INFO] OPTIONS /api/assistance/63b3ec48-ef5a-44de-8470-773ddd7820b0 
[2026-02-16T15:28:40.793Z] [INFO] DELETE /api/assistance/63b3ec48-ef5a-44de-8470-773ddd7820b0 
[2026-02-16T15:28:41.404Z] [INFO] GET /api/appointments 
[2026-02-16T15:28:41.405Z] [INFO] GET /api/assistance 
[2026-02-16T15:28:41.406Z] [INFO] GET /api/appointments 
[2026-02-16T15:28:41.406Z] [INFO] GET /api/assistance 
[2026-02-16T15:32:11.583Z] [INFO] DELETE /api/assistance/63b3ec48-ef5a-44de-8470-773ddd7820b0 
[2026-02-16T15:32:33.902Z] [INFO] GET /api/users/ 
[2026-02-16T15:34:43.883Z] [INFO] GET /api/appointments 
[2026-02-16T15:34:43.884Z] [INFO] GET /api/assistance 
[2026-02-16T15:34:43.888Z] [INFO] GET /api/appointments 
[2026-02-16T15:34:43.888Z] [INFO] GET /api/assistance 
[2026-02-16T15:34:49.868Z] [INFO] GET /api/appointments?mechanicId=f351179b-4b23-4d70-8278-9799600dc85f 
[2026-02-16T15:34:49.869Z] [INFO] GET /api/assistance?mechanicId=f351179b-4b23-4d70-8278-9799600dc85f 
[2026-02-16T15:34:54.557Z] [INFO] GET /api/assistance?status=pending 
[2026-02-16T15:35:06.383Z] [INFO] GET /api/users 
[2026-02-16T15:35:06.458Z] [INFO] GET /api/users 
[2026-02-16T15:35:08.919Z] [INFO] GET /api/appointments 
[2026-02-16T15:35:08.925Z] [INFO] GET /api/assistance 
[2026-02-16T15:35:08.940Z] [INFO] GET /api/appointments 
[2026-02-16T15:35:08.941Z] [INFO] GET /api/assistance 
[2026-02-16T15:35:27.296Z] [INFO] GET /api/assistance?mechanicId=4edcf783-5f46-4cef-a302-06b571d1d976 
[2026-02-16T15:35:27.299Z] [INFO] GET /api/appointments?mechanicId=4edcf783-5f46-4cef-a302-06b571d1d976 
[2026-02-16T15:35:32.342Z] [INFO] GET /api/users 
[2026-02-16T15:35:32.389Z] [INFO] GET /api/users 
[2026-02-16T15:35:39.258Z] [INFO] POST /api/login 
[2026-02-16T15:35:39.349Z] [INFO] GET /api/appointments?userId=user-111 
[2026-02-16T15:35:39.352Z] [INFO] GET /api/assistance?userId=user-111 
[2026-02-16T15:35:39.426Z] [INFO] GET /api/assistance?userId=user-111&status=pending 
[2026-02-16T15:35:41.481Z] [INFO] GET /api/appointments?userId=user-111 
[2026-02-16T15:35:41.481Z] [INFO] GET /api/assistance?userId=user-111 
[2026-02-16T15:35:45.674Z] [INFO] GET /api/appointments 
[2026-02-16T15:35:45.677Z] [INFO] GET /api/assistance 
[2026-02-16T15:35:45.680Z] [INFO] GET /api/appointments 
[2026-02-16T15:35:45.682Z] [INFO] GET /api/assistance 
[2026-02-16T15:39:33.373Z] [INFO] GET /api/appointments 
[2026-02-16T15:39:33.385Z] [INFO] PATCH /api/appointments/82081db9-b926-4149-9472-2cc4a601d19b 
[2026-02-16T15:39:33.388Z] [INFO] GET /api/appointments 
[2026-02-16T15:39:33.389Z] [INFO] GET /api/assistance 
[2026-02-16T15:40:05.891Z] [INFO] GET /api/appointments 
[2026-02-16T15:40:05.898Z] [INFO] PATCH /api/appointments/82081db9-b926-4149-9472-2cc4a601d19b 
[2026-02-16T15:40:05.899Z] [INFO] GET /api/appointments 
[2026-02-16T15:40:05.901Z] [INFO] GET /api/assistance 
[2026-02-16T15:40:15.568Z] [INFO] GET /api/appointments 
[2026-02-16T15:40:15.575Z] [INFO] PATCH /api/appointments/82081db9-b926-4149-9472-2cc4a601d19b 
[2026-02-16T15:40:15.577Z] [INFO] GET /api/appointments 
[2026-02-16T15:40:15.579Z] [INFO] GET /api/assistance 
[2026-02-16T15:40:34.711Z] [INFO] GET /api/appointments 
[2026-02-16T15:40:34.718Z] [INFO] PATCH /api/appointments/82081db9-b926-4149-9472-2cc4a601d19b 
[2026-02-16T15:40:34.720Z] [INFO] GET /api/appointments 
[2026-02-16T15:40:34.721Z] [INFO] GET /api/assistance 
[2026-02-16T15:40:47.829Z] [INFO] GET /api/appointments 
[2026-02-16T15:40:47.834Z] [INFO] PATCH /api/appointments/82081db9-b926-4149-9472-2cc4a601d19b 
[2026-02-16T15:40:47.836Z] [INFO] GET /api/appointments 
[2026-02-16T15:40:47.838Z] [INFO] GET /api/assistance 
[2026-02-16T15:41:03.364Z] [INFO] GET /api/appointments 
[2026-02-16T15:41:03.376Z] [INFO] PATCH /api/appointments/82081db9-b926-4149-9472-2cc4a601d19b 
[2026-02-16T15:41:03.385Z] [INFO] GET /api/appointments 
[2026-02-16T15:41:03.386Z] [INFO] GET /api/assistance 
[2026-02-16T15:41:32.825Z] [INFO] GET /api/appointments?mechanicId=f351179b-4b23-4d70-8278-9799600dc85f 
[2026-02-16T15:41:32.873Z] [INFO] GET /api/assistance?mechanicId=f351179b-4b23-4d70-8278-9799600dc85f 
[2026-02-16T15:41:33.871Z] [INFO] GET /api/appointments?userId=user-111 
[2026-02-16T15:41:33.872Z] [INFO] GET /api/assistance?userId=user-111 
[2026-02-16T15:41:35.939Z] [INFO] POST /api/login 
[2026-02-16T15:41:36.036Z] [INFO] GET /api/assistance?userId=user-111&status=pending 
[2026-02-16T15:41:37.414Z] [INFO] GET /api/appointments?userId=user-111 
[2026-02-16T15:41:37.414Z] [INFO] GET /api/assistance?userId=user-111 
[2026-02-16T15:41:39.896Z] [INFO] GET /api/appointments?userId=user-111 
[2026-02-16T15:41:39.897Z] [INFO] GET /api/assistance?userId=user-111 
[2026-02-16T15:42:49.779Z] [INFO] GET /api/appointments?userId=user-111 
[2026-02-16T15:42:49.781Z] [INFO] GET /api/assistance?userId=user-111 
[2026-02-16T15:42:52.142Z] [INFO] GET /api/appointments?userId=user-111 
[2026-02-16T15:42:52.148Z] [INFO] GET /api/assistance?userId=user-111 
[2026-02-16T15:42:53.274Z] [INFO] GET /api/appointments?mechanicId=f351179b-4b23-4d70-8278-9799600dc85f 
[2026-02-16T15:42:53.275Z] [INFO] GET /api/assistance?mechanicId=f351179b-4b23-4d70-8278-9799600dc85f 
[2026-02-16T15:42:55.975Z] [INFO] POST /api/login 
[2026-02-16T15:42:56.077Z] [INFO] GET /api/assistance?userId=user-111&status=pending 
[2026-02-16T15:42:57.638Z] [INFO] GET /api/appointments?userId=user-111 
[2026-02-16T15:42:57.640Z] [INFO] GET /api/assistance?userId=user-111 
[2026-02-16T15:43:06.362Z] [INFO] GET /api/assistance 
[2026-02-16T15:43:06.366Z] [INFO] GET /api/appointments 
[2026-02-16T15:43:06.370Z] [INFO] GET /api/assistance 
[2026-02-16T15:43:06.371Z] [INFO] GET /api/appointments 
[2026-02-16T15:43:23.939Z] [INFO] GET /api/users 
[2026-02-16T15:43:23.963Z] [INFO] GET /api/users 
[2026-02-16T15:44:10.177Z] [INFO] GET /api/appointments 
[2026-02-16T15:44:10.178Z] [INFO] GET /api/assistance 
[2026-02-16T15:44:10.180Z] [INFO] GET /api/appointments 
[2026-02-16T15:44:10.181Z] [INFO] GET /api/assistance 
[2026-02-16T15:44:18.932Z] [INFO] PATCH /api/appointments/d9537940-cc6d-4a2c-a96b-e2201f0b854c 
[2026-02-16T15:44:19.036Z] [INFO] GET /api/appointments?userId=user-111 
[2026-02-16T15:44:19.037Z] [INFO] GET /api/assistance?userId=user-111 
[2026-02-16T15:44:20.837Z] [INFO] GET /api/appointments 
[2026-02-16T15:44:20.838Z] [INFO] GET /api/assistance 
[2026-02-16T15:44:20.839Z] [INFO] GET /api/appointments 
[2026-02-16T15:44:20.840Z] [INFO] GET /api/assistance 
[2026-02-16T15:44:26.091Z] [INFO] GET /api/appointments?userId=user-111 
[2026-02-16T15:44:26.092Z] [INFO] GET /api/assistance?userId=user-111 
[2026-02-16T15:44:29.654Z] [INFO] OPTIONS /api/assistance/d9537940-cc6d-4a2c-a96b-e2201f0b854c 
[2026-02-16T15:44:29.657Z] [INFO] DELETE /api/assistance/d9537940-cc6d-4a2c-a96b-e2201f0b854c 
[2026-02-16T15:44:30.632Z] [INFO] GET /api/appointments 
[2026-02-16T15:44:30.633Z] [INFO] GET /api/assistance 
[2026-02-16T15:44:30.634Z] [INFO] GET /api/appointments 
[2026-02-16T15:44:30.635Z] [INFO] GET /api/assistance 
[2026-02-16T15:44:33.090Z] [INFO] GET /api/assistance?userId=user-111&status=pending 
[2026-02-16T15:44:34.888Z] [INFO] GET /api/vehicles/user-111 
[2026-02-16T15:45:01.628Z] [INFO] POST /api/assistance 
[2026-02-16T15:45:03.926Z] [INFO] GET /api/appointments 
[2026-02-16T15:45:03.926Z] [INFO] GET /api/assistance 
[2026-02-16T15:45:03.928Z] [INFO] GET /api/appointments 
[2026-02-16T15:45:03.929Z] [INFO] GET /api/assistance 
[2026-02-16T15:45:11.457Z] [INFO] OPTIONS /api/login 
[2026-02-16T15:45:11.458Z] [INFO] POST /api/login 
[2026-02-16T15:45:11.525Z] [INFO] GET /api/assistance?status=pending 
[2026-02-16T15:45:20.650Z] [INFO] OPTIONS /api/assistance/52d14462-cd38-4489-9e9c-6530c2f49789 
[2026-02-16T15:45:20.652Z] [INFO] PATCH /api/assistance/52d14462-cd38-4489-9e9c-6530c2f49789 
[2026-02-16T15:45:21.483Z] [INFO] GET /api/assistance?status=pending 
[2026-02-16T15:45:21.524Z] [INFO] GET /api/appointments?mechanicId=f351179b-4b23-4d70-8278-9799600dc85f 
[2026-02-16T15:45:21.524Z] [INFO] GET /api/assistance?mechanicId=f351179b-4b23-4d70-8278-9799600dc85f 
[2026-02-16T15:45:22.694Z] [INFO] GET /api/assistance?status=pending 
[2026-02-16T15:45:26.093Z] [INFO] GET /api/appointments 
[2026-02-16T15:45:26.094Z] [INFO] GET /api/assistance 
[2026-02-16T15:45:26.096Z] [INFO] GET /api/appointments 
[2026-02-16T15:45:26.096Z] [INFO] GET /api/assistance 
[2026-02-16T15:45:29.689Z] [INFO] GET /api/appointments?userId=user-111 
[2026-02-16T15:45:29.690Z] [INFO] GET /api/assistance?userId=user-111 
[2026-02-16T15:45:34.009Z] [INFO] GET /api/assistance?userId=user-111&status=pending 
[2026-02-16T15:45:34.694Z] [INFO] GET /api/appointments?userId=user-111 
[2026-02-16T15:45:34.696Z] [INFO] GET /api/assistance?userId=user-111 
[2026-02-16T15:46:01.248Z] [INFO] PATCH /api/appointments/52d14462-cd38-4489-9e9c-6530c2f49789 
[2026-02-16T15:46:01.250Z] [INFO] PATCH /api/appointments/52d14462-cd38-4489-9e9c-6530c2f49789 
[2026-02-16T15:46:01.251Z] [CRITICAL] Uncaught Exception Error: SQLITE_ERROR: cannot start a transaction within a transaction
[2026-02-16T15:46:05.987Z] [INFO] GET /api/appointments?userId=user-111 
[2026-02-16T15:46:05.987Z] [INFO] GET /api/assistance?userId=user-111 
[2026-02-16T15:51:17.756Z] [INFO] GET /api/users/ 
[2026-02-16T15:57:19.088Z] [INFO] GET /api/users/ 
[2026-02-16T15:57:29.210Z] [INFO] GET /api/appointments?mechanicId=f351179b-4b23-4d70-8278-9799600dc85f 
[2026-02-16T15:57:29.215Z] [INFO] GET /api/assistance?mechanicId=f351179b-4b23-4d70-8278-9799600dc85f 
[2026-02-16T15:57:32.654Z] [INFO] OPTIONS /api/appointments/52d14462-cd38-4489-9e9c-6530c2f49789 
[2026-02-16T15:57:32.655Z] [INFO] PATCH /api/appointments/52d14462-cd38-4489-9e9c-6530c2f49789 
[2026-02-16T15:57:33.256Z] [INFO] GET /api/appointments 
[2026-02-16T15:57:33.257Z] [INFO] GET /api/assistance 
[2026-02-16T15:57:33.258Z] [INFO] GET /api/appointments 
[2026-02-16T15:57:33.259Z] [INFO] GET /api/assistance 
[2026-02-16T15:59:43.613Z] [INFO] GET /api/appointments 
[2026-02-16T15:59:43.614Z] [INFO] GET /api/assistance 
[2026-02-16T15:59:43.618Z] [INFO] GET /api/appointments 
[2026-02-16T15:59:43.619Z] [INFO] GET /api/assistance 
[2026-02-16T15:59:54.833Z] [INFO] POST /api/login 
[2026-02-16T15:59:55.067Z] [INFO] GET /api/assistance?status=pending 
[2026-02-16T15:59:55.068Z] [INFO] GET /api/assistance?status=pending 
[2026-02-16T15:59:55.073Z] [INFO] GET /api/appointments?mechanicId=4edcf783-5f46-4cef-a302-06b571d1d976 
[2026-02-16T15:59:55.073Z] [INFO] GET /api/vehicles/4edcf783-5f46-4cef-a302-06b571d1d976 
[2026-02-16T15:59:55.074Z] [INFO] GET /api/assistance?mechanicId=4edcf783-5f46-4cef-a302-06b571d1d976 
[2026-02-16T15:59:55.154Z] [INFO] GET /api/assistance?status=pending 
[2026-02-16T15:59:56.296Z] [INFO] GET /api/appointments?mechanicId=4edcf783-5f46-4cef-a302-06b571d1d976 
[2026-02-16T15:59:56.297Z] [INFO] GET /api/assistance?mechanicId=4edcf783-5f46-4cef-a302-06b571d1d976 
[2026-02-16T16:01:12.698Z] [INFO] POST /api/login 
[2026-02-16T16:01:12.933Z] [INFO] GET /api/assistance?status=pending 
[2026-02-16T16:01:12.937Z] [INFO] GET /api/assistance?status=pending 
[2026-02-16T16:01:12.938Z] [INFO] GET /api/appointments?mechanicId=f351179b-4b23-4d70-8278-9799600dc85f 
[2026-02-16T16:01:12.938Z] [INFO] GET /api/vehicles/f351179b-4b23-4d70-8278-9799600dc85f 
[2026-02-16T16:01:12.939Z] [INFO] GET /api/assistance?mechanicId=f351179b-4b23-4d70-8278-9799600dc85f 
[2026-02-16T16:01:13.020Z] [INFO] GET /api/assistance?status=pending 
[2026-02-16T16:02:46.690Z] [INFO] GET /api/appointments?mechanicId=f351179b-4b23-4d70-8278-9799600dc85f 
[2026-02-16T16:02:46.700Z] [INFO] GET /api/assistance?mechanicId=f351179b-4b23-4d70-8278-9799600dc85f 
[2026-02-16T16:03:42.527Z] [INFO] GET /api/appointments 
[2026-02-16T16:03:42.529Z] [INFO] GET /api/assistance 
[2026-02-16T16:03:42.532Z] [INFO] GET /api/appointments 
[2026-02-16T16:03:42.533Z] [INFO] GET /api/assistance 
[2026-02-16T16:03:44.483Z] [INFO] GET /api/users 
[2026-02-16T16:03:44.499Z] [INFO] GET /api/users 
[2026-02-16T16:03:45.049Z] [INFO] GET /api/users 
[2026-02-16T16:03:45.054Z] [INFO] GET /api/users 
[2026-02-16T16:57:33.818Z] [INFO] GET /api/users 
[2026-02-16T16:57:33.845Z] [INFO] GET /api/users 
[2026-02-16T16:57:34.309Z] [INFO] GET /api/appointments 
[2026-02-16T16:57:34.310Z] [INFO] GET /api/assistance 
[2026-02-16T16:57:34.312Z] [INFO] GET /api/appointments 
[2026-02-16T16:57:34.313Z] [INFO] GET /api/assistance 
[2026-02-16T16:57:35.318Z] [INFO] GET /api/users 
[2026-02-16T16:57:35.323Z] [INFO] GET /api/users 
[2026-02-16T16:57:39.721Z] [INFO] GET /api/users 
[2026-02-16T16:57:39.729Z] [INFO] GET /api/users 
[2026-02-16T17:02:03.734Z] [INFO] POST /api/login 
[2026-02-16T17:02:03.958Z] [INFO] GET /api/assistance?status=pending 
[2026-02-16T17:02:03.966Z] [INFO] GET /api/assistance?status=pending 
[2026-02-16T17:02:03.969Z] [INFO] GET /api/vehicles/f351179b-4b23-4d70-8278-9799600dc85f 
[2026-02-16T17:02:03.970Z] [INFO] GET /api/appointments?mechanicId=f351179b-4b23-4d70-8278-9799600dc85f 
[2026-02-16T17:02:03.971Z] [INFO] GET /api/assistance?mechanicId=f351179b-4b23-4d70-8278-9799600dc85f 
[2026-02-16T17:02:04.069Z] [INFO] GET /api/assistance?status=pending 
[2026-02-16T17:02:12.352Z] [INFO] POST /api/login 
[2026-02-16T17:02:12.523Z] [INFO] GET /api/assistance?userId=user-111&status=pending 
[2026-02-16T17:02:12.525Z] [INFO] GET /api/assistance?userId=user-111&status=pending 
[2026-02-16T17:02:12.527Z] [INFO] GET /api/vehicles/user-111 
[2026-02-16T17:02:12.528Z] [INFO] GET /api/appointments?userId=user-111 
[2026-02-16T17:02:12.528Z] [INFO] GET /api/assistance?userId=user-111 
[2026-02-16T17:02:12.607Z] [INFO] GET /api/assistance?userId=user-111&status=pending 
[2026-02-16T17:02:14.132Z] [INFO] GET /api/appointments?userId=user-111 
[2026-02-16T17:02:14.133Z] [INFO] GET /api/assistance?userId=user-111 
[2026-02-16T17:02:17.125Z] [INFO] GET /api/appointments?userId=user-111 
[2026-02-16T17:02:17.125Z] [INFO] GET /api/assistance?userId=user-111 
[2026-02-16T17:02:20.612Z] [INFO] PATCH /api/appointments/52d14462-cd38-4489-9e9c-6530c2f49789 
[2026-02-16T17:07:32.331Z] [INFO] GET /api/appointments?userId=user-111 
[2026-02-16T17:07:32.333Z] [INFO] GET /api/assistance?userId=user-111 
[2026-02-16T17:09:40.581Z] [INFO] POST /api/login 
[2026-02-16T17:09:40.682Z] [INFO] GET /api/assistance?userId=user-111&status=pending 
[2026-02-16T17:09:41.858Z] [INFO] GET /api/appointments?userId=user-111 
[2026-02-16T17:09:41.859Z] [INFO] GET /api/assistance?userId=user-111 
[2026-02-16T17:09:44.344Z] [INFO] GET /api/appointments?userId=user-111 
[2026-02-16T17:09:44.345Z] [INFO] GET /api/assistance?userId=user-111 
[2026-02-16T17:14:50.388Z] [INFO] GET /api/users/ 
[2026-02-16T17:15:14.985Z] [INFO] GET /api/users 
[2026-02-16T17:15:14.991Z] [INFO] GET /api/users 
[2026-02-16T17:16:32.747Z] [INFO] GET /api/appointments?userId=user-111 
[2026-02-16T17:16:32.752Z] [INFO] GET /api/assistance?userId=user-111 
[2026-02-16T17:16:33.227Z] [INFO] GET /api/appointments?mechanicId=f351179b-4b23-4d70-8278-9799600dc85f 
[2026-02-16T17:16:33.228Z] [INFO] GET /api/assistance?mechanicId=f351179b-4b23-4d70-8278-9799600dc85f 
[2026-02-16T17:16:35.100Z] [INFO] POST /api/login 
[2026-02-16T17:16:35.224Z] [INFO] GET /api/assistance?userId=user-111&status=pending 
[2026-02-16T17:16:36.830Z] [INFO] GET /api/appointments?userId=user-111 
[2026-02-16T17:16:36.831Z] [INFO] GET /api/assistance?userId=user-111 
[2026-02-16T17:18:08.720Z] [INFO] GET /api/appointments?userId=user-111 
[2026-02-16T17:18:08.725Z] [INFO] GET /api/assistance?userId=user-111 
[2026-02-16T17:18:08.772Z] [INFO] GET /api/appointments?mechanicId=f351179b-4b23-4d70-8278-9799600dc85f 
[2026-02-16T17:18:08.773Z] [INFO] GET /api/assistance?mechanicId=f351179b-4b23-4d70-8278-9799600dc85f 
[2026-02-16T17:18:10.464Z] [INFO] POST /api/login 
[2026-02-16T17:18:10.560Z] [INFO] GET /api/assistance?userId=user-111&status=pending 
[2026-02-16T17:18:11.405Z] [INFO] GET /api/appointments?userId=user-111 
[2026-02-16T17:18:11.406Z] [INFO] GET /api/assistance?userId=user-111 
[2026-02-16T17:26:37.952Z] [INFO] GET /api/appointments?userId=user-111 
[2026-02-16T17:26:37.956Z] [INFO] GET /api/assistance?userId=user-111 
[2026-02-16T17:26:38.855Z] [INFO] GET /api/appointments?mechanicId=f351179b-4b23-4d70-8278-9799600dc85f 
[2026-02-16T17:26:38.856Z] [INFO] GET /api/assistance?mechanicId=f351179b-4b23-4d70-8278-9799600dc85f 
[2026-02-16T17:26:44.601Z] [INFO] POST /api/login 
[2026-02-16T17:26:44.688Z] [INFO] GET /api/assistance?userId=user-111&status=pending 
[2026-02-16T17:26:46.398Z] [INFO] GET /api/appointments?userId=user-111 
[2026-02-16T17:26:46.399Z] [INFO] GET /api/assistance?userId=user-111 
[2026-02-16T17:31:42.673Z] [INFO] GET /api/appointments?mechanicId=f351179b-4b23-4d70-8278-9799600dc85f 
[2026-02-16T17:31:42.682Z] [INFO] GET /api/assistance?mechanicId=f351179b-4b23-4d70-8278-9799600dc85f 
[2026-02-16T17:31:43.162Z] [INFO] GET /api/appointments?userId=user-111 
[2026-02-16T17:31:43.163Z] [INFO] GET /api/assistance?userId=user-111 
[2026-02-16T17:31:46.001Z] [INFO] POST /api/login 
[2026-02-16T17:31:46.118Z] [INFO] GET /api/assistance?userId=user-111&status=pending 
[2026-02-16T17:31:49.691Z] [INFO] GET /api/appointments?userId=user-111 
[2026-02-16T17:31:49.692Z] [INFO] GET /api/assistance?userId=user-111 
[2026-02-16T17:32:48.487Z] [INFO] GET /api/appointments?userId=user-111 
[2026-02-16T17:32:48.489Z] [INFO] GET /api/assistance?userId=user-111 
[2026-02-16T17:32:52.281Z] [INFO] POST /api/login 
[2026-02-16T17:32:52.378Z] [INFO] GET /api/assistance?userId=user-111&status=pending 
[2026-02-16T17:32:54.523Z] [INFO] GET /api/appointments?userId=user-111 
[2026-02-16T17:32:54.525Z] [INFO] GET /api/assistance?userId=user-111 
[2026-02-16T17:33:04.669Z] [INFO] GET /api/appointments?mechanicId=f351179b-4b23-4d70-8278-9799600dc85f 
[2026-02-16T17:33:04.670Z] [INFO] GET /api/assistance?mechanicId=f351179b-4b23-4d70-8278-9799600dc85f 
[2026-02-16T17:33:05.362Z] [INFO] OPTIONS /api/login 
[2026-02-16T17:33:05.363Z] [INFO] POST /api/login 
[2026-02-16T17:33:05.416Z] [INFO] GET /api/assistance?status=pending 
[2026-02-16T17:33:07.138Z] [INFO] GET /api/assistance?status=pending 
[2026-02-16T17:33:07.585Z] [INFO] GET /api/assistance?status=pending 
[2026-02-16T17:33:08.541Z] [INFO] GET /api/appointments?mechanicId=f351179b-4b23-4d70-8278-9799600dc85f 
[2026-02-16T17:33:08.542Z] [INFO] GET /api/assistance?mechanicId=f351179b-4b23-4d70-8278-9799600dc85f 
[2026-02-16T17:33:10.637Z] [INFO] OPTIONS /api/appointments/c5b957cf-b5a8-4486-a1f1-d0a23378f843 
[2026-02-16T17:33:10.639Z] [INFO] PATCH /api/appointments/c5b957cf-b5a8-4486-a1f1-d0a23378f843 
[2026-02-16T17:33:11.608Z] [INFO] GET /api/appointments?mechanicId=f351179b-4b23-4d70-8278-9799600dc85f 
[2026-02-16T17:33:11.609Z] [INFO] GET /api/assistance?mechanicId=f351179b-4b23-4d70-8278-9799600dc85f 
[2026-02-16T17:34:06.689Z] [INFO] GET /api/appointments?mechanicId=f351179b-4b23-4d70-8278-9799600dc85f 
[2026-02-16T17:34:06.701Z] [INFO] GET /api/assistance?mechanicId=f351179b-4b23-4d70-8278-9799600dc85f 
[2026-02-16T17:34:07.267Z] [INFO] GET /api/appointments?userId=user-111 
[2026-02-16T17:34:07.272Z] [INFO] GET /api/assistance?userId=user-111 
[2026-02-16T17:35:14.213Z] [INFO] OPTIONS /api/login 
[2026-02-16T17:35:14.216Z] [INFO] POST /api/login 
[2026-02-16T17:35:14.279Z] [INFO] GET /api/appointments?userId=user-111 
[2026-02-16T17:35:14.280Z] [INFO] GET /api/assistance?userId=user-111 
[2026-02-16T17:35:14.314Z] [INFO] GET /api/assistance?userId=user-111&status=pending 
[2026-02-16T17:35:15.471Z] [INFO] GET /api/appointments?userId=user-111 
[2026-02-16T17:35:15.471Z] [INFO] GET /api/assistance?userId=user-111 
[2026-02-16T17:35:27.220Z] [INFO] POST /api/login 
[2026-02-16T17:35:27.318Z] [INFO] GET /api/assistance?userId=user-111&status=pending 
[2026-02-16T17:35:28.734Z] [INFO] GET /api/appointments?userId=user-111 
[2026-02-16T17:35:28.737Z] [INFO] GET /api/assistance?userId=user-111 
[2026-02-16T17:35:36.047Z] [INFO] GET /api/appointments?userId=user-111 
[2026-02-16T17:35:36.048Z] [INFO] GET /api/assistance?userId=user-111 
[2026-02-16T17:35:39.930Z] [INFO] GET /api/appointments?userId=user-111 
[2026-02-16T17:35:39.930Z] [INFO] GET /api/assistance?userId=user-111 
[2026-02-16T17:35:44.372Z] [INFO] GET /api/appointments?userId=user-111 
[2026-02-16T17:35:44.394Z] [INFO] GET /api/assistance?userId=user-111 
[2026-02-16T17:35:46.337Z] [INFO] OPTIONS /api/login 
[2026-02-16T17:35:46.338Z] [INFO] POST /api/login 
[2026-02-16T17:35:46.422Z] [INFO] GET /api/assistance?userId=user-111&status=pending 
[2026-02-16T17:35:47.240Z] [INFO] GET /api/appointments?userId=user-111 
[2026-02-16T17:35:47.241Z] [INFO] GET /api/assistance?userId=user-111 
[2026-02-16T17:35:57.389Z] [INFO] GET /api/appointments?userId=user-111 
[2026-02-16T17:35:57.392Z] [INFO] GET /api/assistance?userId=user-111 
[2026-02-16T17:36:16.149Z] [INFO] GET /api/appointments?userId=user-111 
[2026-02-16T17:36:16.153Z] [INFO] GET /api/assistance?userId=user-111 
[2026-02-16T17:36:51.220Z] [INFO] POST /api/login 
[2026-02-16T17:36:51.328Z] [INFO] GET /api/assistance?userId=user-111&status=pending 
[2026-02-16T17:36:55.293Z] [INFO] GET /api/appointments?userId=user-111 
[2026-02-16T17:36:55.306Z] [INFO] GET /api/assistance?userId=user-111 
[2026-02-16T17:37:02.478Z] [INFO] GET /api/assistance?userId=user-111 
[2026-02-16T17:37:02.480Z] [INFO] GET /api/appointments?userId=user-111 
[2026-02-16T17:37:08.529Z] [INFO] GET /api/appointments?userId=user-111 
[2026-02-16T17:37:08.530Z] [INFO] GET /api/assistance?userId=user-111 
[2026-02-16T17:37:10.316Z] [INFO] OPTIONS /api/login 
[2026-02-16T17:37:10.319Z] [INFO] POST /api/login 
[2026-02-16T17:37:10.375Z] [INFO] GET /api/assistance?userId=user-111&status=pending 
[2026-02-16T17:37:11.942Z] [INFO] GET /api/appointments?userId=user-111 
[2026-02-16T17:37:11.943Z] [INFO] GET /api/assistance?userId=user-111 
[2026-02-16T17:37:15.715Z] [INFO] GET /api/appointments?userId=user-111 
[2026-02-16T17:37:15.716Z] [INFO] GET /api/assistance?userId=user-111 
[2026-02-16T17:37:20.653Z] [INFO] GET /api/appointments 
[2026-02-16T17:37:20.655Z] [INFO] GET /api/assistance 
[2026-02-16T17:37:20.657Z] [INFO] GET /api/appointments 
[2026-02-16T17:37:20.657Z] [INFO] GET /api/assistance 
[2026-02-16T17:37:37.308Z] [INFO] OPTIONS /api/login 
[2026-02-16T17:37:37.309Z] [INFO] POST /api/login 
[2026-02-16T17:37:48.593Z] [INFO] OPTIONS /api/login 
[2026-02-16T17:37:48.595Z] [INFO] POST /api/login 
[2026-02-16T17:37:48.640Z] [INFO] GET /api/appointments?userId=user-2 
[2026-02-16T17:37:48.641Z] [INFO] GET /api/assistance?userId=user-2 
[2026-02-16T17:37:48.671Z] [INFO] GET /api/assistance?userId=user-2&status=pending 
[2026-02-16T17:37:49.638Z] [INFO] GET /api/appointments?userId=user-2 
[2026-02-16T17:37:49.638Z] [INFO] GET /api/assistance?userId=user-2 
[2026-02-16T17:39:29.970Z] [INFO] GET /api/appointments?userId=user-2 
[2026-02-16T17:39:29.972Z] [INFO] GET /api/assistance?userId=user-2 
[2026-02-16T17:39:32.680Z] [INFO] GET /api/appointments?userId=user-2 
[2026-02-16T17:39:32.680Z] [INFO] GET /api/assistance?userId=user-2 
[2026-02-16T17:39:38.178Z] [INFO] GET /api/appointments?userId=user-2 
[2026-02-16T17:39:38.179Z] [INFO] GET /api/assistance?userId=user-2 
[2026-02-16T17:39:39.791Z] [INFO] GET /api/appointments?userId=user-2 
[2026-02-16T17:39:39.792Z] [INFO] GET /api/assistance?userId=user-2 
[2026-02-16T17:40:23.432Z] [INFO] GET /api/appointments?userId=user-2 
[2026-02-16T17:40:23.433Z] [INFO] GET /api/assistance?userId=user-2 
[2026-02-16T17:40:24.928Z] [INFO] GET /api/appointments?userId=user-2 
[2026-02-16T17:40:24.929Z] [INFO] GET /api/assistance?userId=user-2 
[2026-02-16T17:40:31.561Z] [INFO] GET /api/appointments?userId=user-111 
[2026-02-16T17:40:31.562Z] [INFO] GET /api/assistance?userId=user-111 
[2026-02-16T17:40:39.998Z] [INFO] POST /api/login 
[2026-02-16T17:40:40.088Z] [INFO] GET /api/assistance?userId=user-111&status=pending 
[2026-02-16T17:40:41.803Z] [INFO] GET /api/appointments?userId=user-111 
[2026-02-16T17:40:41.805Z] [INFO] GET /api/assistance?userId=user-111 
[2026-02-16T17:40:59.899Z] [INFO] GET /api/appointments?userId=user-111 
[2026-02-16T17:40:59.904Z] [INFO] GET /api/assistance?userId=user-111 
[2026-02-16T17:41:00.332Z] [INFO] GET /api/appointments?userId=user-2 
[2026-02-16T17:41:00.333Z] [INFO] GET /api/assistance?userId=user-2 
[2026-02-16T17:41:02.197Z] [INFO] POST /api/login 
[2026-02-16T17:41:02.295Z] [INFO] GET /api/assistance?userId=user-111&status=pending 
[2026-02-16T17:41:03.406Z] [INFO] GET /api/appointments?userId=user-111 
[2026-02-16T17:41:03.407Z] [INFO] GET /api/assistance?userId=user-111 
[2026-02-16T17:41:13.878Z] [INFO] GET /api/appointments?userId=user-2 
[2026-02-16T17:41:13.880Z] [INFO] GET /api/assistance?userId=user-2 
[2026-02-16T17:41:14.844Z] [INFO] GET /api/appointments?userId=user-111 
[2026-02-16T17:41:14.845Z] [INFO] GET /api/assistance?userId=user-111 
[2026-02-16T17:41:23.847Z] [INFO] POST /api/login 
[2026-02-16T17:41:23.936Z] [INFO] GET /api/assistance?userId=user-111&status=pending 
[2026-02-16T17:41:25.976Z] [INFO] GET /api/appointments?userId=user-111 
[2026-02-16T17:41:25.977Z] [INFO] GET /api/assistance?userId=user-111 
[2026-02-16T17:41:36.656Z] [INFO] GET /api/appointments?userId=user-2 
[2026-02-16T17:41:36.657Z] [INFO] GET /api/assistance?userId=user-2 
[2026-02-16T17:41:37.508Z] [INFO] GET /api/appointments?userId=user-111 
[2026-02-16T17:41:37.508Z] [INFO] GET /api/assistance?userId=user-111 
[2026-02-16T17:41:45.973Z] [INFO] POST /api/login 
[2026-02-16T17:41:46.126Z] [INFO] GET /api/assistance?userId=user-111&status=pending 
[2026-02-16T17:41:46.668Z] [INFO] GET /api/appointments?userId=user-2 
[2026-02-16T17:41:46.669Z] [INFO] GET /api/assistance?userId=user-2 
[2026-02-16T17:41:48.343Z] [INFO] GET /api/appointments?userId=user-111 
[2026-02-16T17:41:48.345Z] [INFO] GET /api/assistance?userId=user-111 
[2026-02-16T17:42:22.907Z] [INFO] GET /api/appointments?userId=user-111 
[2026-02-16T17:42:22.908Z] [INFO] GET /api/assistance?userId=user-111 
[2026-02-16T17:42:23.033Z] [INFO] GET /api/assistance?userId=user-2 
[2026-02-16T17:42:23.034Z] [INFO] GET /api/appointments?userId=user-2 
[2026-02-16T17:42:25.080Z] [INFO] POST /api/login 
[2026-02-16T17:42:25.170Z] [INFO] GET /api/assistance?userId=user-111&status=pending 
[2026-02-16T17:42:28.352Z] [INFO] GET /api/appointments?userId=user-111 
[2026-02-16T17:42:28.353Z] [INFO] GET /api/assistance?userId=user-111 
[2026-02-16T17:44:00.911Z] [INFO] GET /api/appointments?userId=user-2 
[2026-02-16T17:44:00.913Z] [INFO] GET /api/assistance?userId=user-2 
[2026-02-16T17:44:01.429Z] [INFO] GET /api/appointments?userId=user-111 
[2026-02-16T17:44:01.429Z] [INFO] GET /api/assistance?userId=user-111 
[2026-02-16T17:44:21.233Z] [INFO] GET /api/appointments?userId=user-2 
[2026-02-16T17:44:21.237Z] [INFO] GET /api/assistance?userId=user-2 
[2026-02-16T17:44:22.445Z] [INFO] GET /api/appointments?userId=user-2 
[2026-02-16T17:44:22.446Z] [INFO] GET /api/assistance?userId=user-2 
[2026-02-16T17:44:24.457Z] [INFO] GET /api/appointments?userId=user-2 
[2026-02-16T17:44:24.457Z] [INFO] GET /api/assistance?userId=user-2 
[2026-02-16T17:44:35.559Z] [INFO] GET /api/appointments?userId=user-2 
[2026-02-16T17:44:35.563Z] [INFO] GET /api/assistance?userId=user-2 
[2026-02-16T17:44:46.463Z] [INFO] GET /api/assistance?userId=user-2 
[2026-02-16T17:44:46.483Z] [INFO] GET /api/appointments?userId=user-2 
[2026-02-16T17:44:47.343Z] [INFO] GET /api/appointments?userId=user-111 
[2026-02-16T17:44:47.343Z] [INFO] GET /api/assistance?userId=user-111 
[2026-02-16T17:44:50.001Z] [INFO] POST /api/login 
[2026-02-16T17:44:50.104Z] [INFO] GET /api/assistance?userId=user-111&status=pending 
[2026-02-16T17:44:52.320Z] [INFO] GET /api/appointments?userId=user-111 
[2026-02-16T17:44:52.321Z] [INFO] GET /api/assistance?userId=user-111 
[2026-02-16T17:45:39.399Z] [INFO] GET /api/appointments?userId=user-2 
[2026-02-16T17:45:39.401Z] [INFO] GET /api/assistance?userId=user-2 
[2026-02-16T17:45:43.970Z] [INFO] GET /api/appointments?userId=user-2 
[2026-02-16T17:45:43.981Z] [INFO] GET /api/assistance?userId=user-2 
[2026-02-16T17:45:45.515Z] [INFO] OPTIONS /api/login 
[2026-02-16T17:45:45.518Z] [INFO] POST /api/login 
[2026-02-16T17:45:45.578Z] [INFO] GET /api/assistance?userId=user-2&status=pending 
[2026-02-16T17:45:46.987Z] [INFO] GET /api/appointments?userId=user-2 
[2026-02-16T17:45:46.988Z] [INFO] GET /api/assistance?userId=user-2 
[2026-02-16T17:45:56.684Z] [INFO] GET /api/appointments?userId=user-2 
[2026-02-16T17:45:56.695Z] [INFO] GET /api/assistance?userId=user-2 
[2026-02-16T17:46:16.267Z] [INFO] GET /api/appointments?userId=user-2 
[2026-02-16T17:46:16.268Z] [INFO] GET /api/assistance?userId=user-2 
[2026-02-16T17:52:32.412Z] [INFO] OPTIONS /api/login 
[2026-02-16T17:52:32.421Z] [INFO] POST /api/login 
[2026-02-16T17:52:32.541Z] [INFO] GET /api/assistance?userId=user-2&status=pending 
[2026-02-16T17:52:53.398Z] [INFO] GET /api/appointments?userId=user-2 
[2026-02-16T17:52:53.401Z] [INFO] GET /api/assistance?userId=user-2 
[2026-02-16T17:53:45.302Z] [INFO] GET /api/appointments?userId=user-2 
[2026-02-16T17:53:45.304Z] [INFO] GET /api/assistance?userId=user-2 
[2026-02-16T17:53:51.912Z] [INFO] GET /api/assistance?userId=user-2 
[2026-02-16T17:53:51.913Z] [INFO] GET /api/appointments?userId=user-2 
[2026-02-16T17:53:54.189Z] [INFO] OPTIONS /api/login 
[2026-02-16T17:53:54.190Z] [INFO] POST /api/login 
[2026-02-16T17:53:54.246Z] [INFO] GET /api/assistance?userId=user-2&status=pending 
[2026-02-16T17:53:55.314Z] [INFO] GET /api/appointments?userId=user-2 
[2026-02-16T17:53:55.315Z] [INFO] GET /api/assistance?userId=user-2 
[2026-02-16T17:54:02.550Z] [INFO] POST /api/login 
[2026-02-16T17:54:02.658Z] [INFO] GET /api/assistance?userId=user-111&status=pending 
[2026-02-16T17:54:04.520Z] [INFO] GET /api/appointments?userId=user-111 
[2026-02-16T17:54:04.521Z] [INFO] GET /api/assistance?userId=user-111 
[2026-02-16T17:55:18.575Z] [INFO] GET /api/appointments?userId=user-111 
[2026-02-16T17:55:18.576Z] [INFO] GET /api/assistance?userId=user-111 
[2026-02-16T17:56:19.326Z] [INFO] OPTIONS /api/login 
[2026-02-16T17:56:19.335Z] [INFO] POST /api/login 
[2026-02-16T17:56:19.440Z] [INFO] GET /api/appointments?userId=user-111 
[2026-02-16T17:56:19.446Z] [INFO] GET /api/assistance?userId=user-111 
[2026-02-16T17:56:19.486Z] [INFO] GET /api/assistance?userId=user-111&status=pending 
[2026-02-16T17:56:29.085Z] [INFO] GET /api/appointments?userId=user-111 
[2026-02-16T17:56:29.086Z] [INFO] GET /api/assistance?userId=user-111 
[2026-02-16T17:56:33.269Z] [INFO] GET /api/appointments?userId=user-111 
[2026-02-16T17:56:33.271Z] [INFO] GET /api/assistance?userId=user-111 
[2026-02-16T17:56:49.281Z] [INFO] GET /api/appointments?userId=user-2 
[2026-02-16T17:56:49.283Z] [INFO] GET /api/assistance?userId=user-2 
[2026-02-16T17:56:49.617Z] [INFO] GET /api/appointments?userId=user-2 
[2026-02-16T17:56:49.618Z] [INFO] GET /api/assistance?userId=user-2 
[2026-02-16T17:56:49.678Z] [INFO] GET /api/appointments?userId=user-111 
[2026-02-16T17:56:49.679Z] [INFO] GET /api/assistance?userId=user-111 
[2026-02-16T17:56:49.712Z] [INFO] GET /api/appointments?userId=user-111 
[2026-02-16T17:56:49.712Z] [INFO] GET /api/assistance?userId=user-111 
[2026-02-16T17:56:52.134Z] [INFO] POST /api/login 
[2026-02-16T17:56:52.238Z] [INFO] GET /api/assistance?userId=user-111&status=pending 
[2026-02-16T17:56:55.709Z] [INFO] GET /api/appointments?userId=user-111 
[2026-02-16T17:56:55.710Z] [INFO] GET /api/assistance?userId=user-111 
[2026-02-16T17:57:29.978Z] [INFO] OPTIONS /api/login 
[2026-02-16T17:57:29.989Z] [INFO] POST /api/login 
[2026-02-16T17:57:30.098Z] [INFO] GET /api/appointments?mechanicId=f351179b-4b23-4d70-8278-9799600dc85f 
[2026-02-16T17:57:30.107Z] [INFO] GET /api/assistance?mechanicId=f351179b-4b23-4d70-8278-9799600dc85f 
[2026-02-16T17:57:30.123Z] [INFO] GET /api/assistance?status=pending 
[2026-02-16T17:57:32.004Z] [INFO] GET /api/appointments?mechanicId=f351179b-4b23-4d70-8278-9799600dc85f 
[2026-02-16T17:57:32.005Z] [INFO] GET /api/assistance?mechanicId=f351179b-4b23-4d70-8278-9799600dc85f 
[2026-02-16T17:57:34.209Z] [INFO] OPTIONS /api/appointments/c5b957cf-b5a8-4486-a1f1-d0a23378f843 
[2026-02-16T17:57:34.218Z] [INFO] PATCH /api/appointments/c5b957cf-b5a8-4486-a1f1-d0a23378f843 
[2026-02-16T17:57:35.934Z] [INFO] GET /api/assistance?mechanicId=f351179b-4b23-4d70-8278-9799600dc85f 
[2026-02-16T17:57:35.935Z] [INFO] GET /api/appointments?mechanicId=f351179b-4b23-4d70-8278-9799600dc85f 
[2026-02-16T17:58:23.737Z] [INFO] GET /api/appointments?mechanicId=f351179b-4b23-4d70-8278-9799600dc85f 
[2026-02-16T17:58:23.740Z] [INFO] GET /api/assistance?mechanicId=f351179b-4b23-4d70-8278-9799600dc85f 
[2026-02-16T17:58:23.749Z] [INFO] GET /api/assistance?userId=user-2 
[2026-02-16T17:58:23.750Z] [INFO] GET /api/appointments?userId=user-2 
[2026-02-16T17:58:42.723Z] [INFO] GET /api/appointments?userId=user-2 
[2026-02-16T17:58:42.743Z] [INFO] GET /api/assistance?userId=user-2 
[2026-02-16T17:58:42.896Z] [INFO] GET /api/appointments?mechanicId=f351179b-4b23-4d70-8278-9799600dc85f 
[2026-02-16T17:58:42.897Z] [INFO] GET /api/assistance?mechanicId=f351179b-4b23-4d70-8278-9799600dc85f 
[2026-02-16T17:58:43.186Z] [INFO] GET /api/appointments?userId=user-111 
[2026-02-16T17:58:43.187Z] [INFO] GET /api/assistance?userId=user-111 
[2026-02-16T17:58:43.820Z] [INFO] GET /api/appointments?userId=user-2 
[2026-02-16T17:58:43.820Z] [INFO] GET /api/assistance?userId=user-2 
[2026-02-16T17:58:55.801Z] [INFO] POST /api/login 
[2026-02-16T17:58:55.887Z] [INFO] GET /api/assistance?userId=user-111&status=pending 
[2026-02-16T17:58:57.391Z] [INFO] GET /api/appointments?userId=user-111 
[2026-02-16T17:58:57.392Z] [INFO] GET /api/assistance?userId=user-111 
[2026-02-16T17:59:38.428Z] [INFO] GET /api/appointments?mechanicId=f351179b-4b23-4d70-8278-9799600dc85f 
[2026-02-16T17:59:38.432Z] [INFO] GET /api/assistance?mechanicId=f351179b-4b23-4d70-8278-9799600dc85f 
[2026-02-16T18:00:20.109Z] [INFO] OPTIONS /api/appointments/c5b957cf-b5a8-4486-a1f1-d0a23378f843 
[2026-02-16T18:00:20.118Z] [INFO] PATCH /api/appointments/c5b957cf-b5a8-4486-a1f1-d0a23378f843 
[2026-02-16T18:00:31.142Z] [INFO] GET /api/appointments?userId=user-111 
[2026-02-16T18:00:31.144Z] [INFO] GET /api/assistance?userId=user-111 
[2026-02-16T18:00:31.729Z] [INFO] GET /api/appointments?userId=user-2 
[2026-02-16T18:00:31.729Z] [INFO] GET /api/assistance?userId=user-2 
[2026-02-16T18:00:31.850Z] [INFO] GET /api/appointments?mechanicId=f351179b-4b23-4d70-8278-9799600dc85f 
[2026-02-16T18:00:31.852Z] [INFO] GET /api/assistance?mechanicId=f351179b-4b23-4d70-8278-9799600dc85f 
[2026-02-16T18:00:31.902Z] [INFO] GET /api/appointments?userId=user-2 
[2026-02-16T18:00:31.904Z] [INFO] GET /api/assistance?userId=user-2 
[2026-02-16T18:00:34.832Z] [INFO] POST /api/login 
[2026-02-16T18:00:34.922Z] [INFO] GET /api/assistance?userId=user-111&status=pending 
[2026-02-16T18:00:36.007Z] [INFO] GET /api/appointments?userId=user-111 
[2026-02-16T18:00:36.008Z] [INFO] GET /api/assistance?userId=user-111 
[2026-02-16T18:01:11.789Z] [INFO] GET /api/appointments?mechanicId=f351179b-4b23-4d70-8278-9799600dc85f 
[2026-02-16T18:01:11.793Z] [INFO] GET /api/assistance?mechanicId=f351179b-4b23-4d70-8278-9799600dc85f 
[2026-02-16T18:01:11.805Z] [INFO] GET /api/appointments?userId=user-2 
[2026-02-16T18:01:11.806Z] [INFO] GET /api/assistance?userId=user-2 
[2026-02-16T18:01:18.474Z] [INFO] GET /api/appointments?userId=user-2 
[2026-02-16T18:01:18.475Z] [INFO] GET /api/assistance?userId=user-2 
[2026-02-16T18:01:18.618Z] [INFO] GET /api/appointments?userId=user-2 
[2026-02-16T18:01:18.619Z] [INFO] GET /api/assistance?userId=user-2 
[2026-02-16T18:01:18.672Z] [INFO] GET /api/appointments?mechanicId=f351179b-4b23-4d70-8278-9799600dc85f 
[2026-02-16T18:01:18.673Z] [INFO] GET /api/assistance?mechanicId=f351179b-4b23-4d70-8278-9799600dc85f 
[2026-02-16T18:01:19.271Z] [INFO] GET /api/appointments?userId=user-111 
[2026-02-16T18:01:19.273Z] [INFO] GET /api/assistance?userId=user-111 
[2026-02-16T18:01:21.519Z] [INFO] POST /api/login 
[2026-02-16T18:01:21.621Z] [INFO] GET /api/assistance?userId=user-111&status=pending 
[2026-02-16T18:01:22.514Z] [INFO] GET /api/appointments?userId=user-111 
[2026-02-16T18:01:22.514Z] [INFO] GET /api/assistance?userId=user-111 
[2026-02-16T18:01:27.382Z] [INFO] GET /api/appointments?userId=user-2 
[2026-02-16T18:01:27.383Z] [INFO] GET /api/assistance?userId=user-2 
[2026-02-16T18:01:32.459Z] [INFO] GET /api/appointments?userId=user-2 
[2026-02-16T18:01:32.460Z] [INFO] GET /api/assistance?userId=user-2 
[2026-02-16T18:01:32.627Z] [INFO] GET /api/appointments?userId=user-2 
[2026-02-16T18:01:32.627Z] [INFO] GET /api/assistance?userId=user-2 
[2026-02-16T18:01:32.699Z] [INFO] GET /api/appointments?mechanicId=f351179b-4b23-4d70-8278-9799600dc85f 
[2026-02-16T18:01:32.700Z] [INFO] GET /api/assistance?mechanicId=f351179b-4b23-4d70-8278-9799600dc85f 
[2026-02-16T18:01:32.732Z] [INFO] GET /api/appointments?userId=user-111 
[2026-02-16T18:01:32.733Z] [INFO] GET /api/assistance?userId=user-111 
[2026-02-16T18:01:35.033Z] [INFO] POST /api/login 
[2026-02-16T18:01:35.123Z] [INFO] GET /api/assistance?userId=user-111&status=pending 
[2026-02-16T18:01:37.089Z] [INFO] GET /api/appointments?userId=user-111 
[2026-02-16T18:01:37.090Z] [INFO] GET /api/assistance?userId=user-111 
[2026-02-16T18:01:49.371Z] [INFO] GET /api/appointments?userId=user-2 
[2026-02-16T18:01:49.372Z] [INFO] GET /api/assistance?userId=user-2 
[2026-02-16T18:01:49.492Z] [INFO] GET /api/appointments?mechanicId=f351179b-4b23-4d70-8278-9799600dc85f 
[2026-02-16T18:01:49.494Z] [INFO] GET /api/assistance?mechanicId=f351179b-4b23-4d70-8278-9799600dc85f 
[2026-02-16T18:01:49.525Z] [INFO] GET /api/appointments?userId=user-2 
[2026-02-16T18:01:49.525Z] [INFO] GET /api/assistance?userId=user-2 
[2026-02-16T18:01:50.832Z] [INFO] GET /api/appointments?userId=user-2 
[2026-02-16T18:01:50.833Z] [INFO] GET /api/assistance?userId=user-2 
[2026-02-16T18:01:50.991Z] [INFO] GET /api/appointments?mechanicId=f351179b-4b23-4d70-8278-9799600dc85f 
[2026-02-16T18:01:50.992Z] [INFO] GET /api/assistance?mechanicId=f351179b-4b23-4d70-8278-9799600dc85f 
[2026-02-16T18:01:52.131Z] [INFO] OPTIONS /api/login 
[2026-02-16T18:01:52.142Z] [INFO] POST /api/login 
[2026-02-16T18:01:52.247Z] [INFO] GET /api/assistance?status=pending 
[2026-02-16T18:01:54.823Z] [INFO] GET /api/appointments?mechanicId=f351179b-4b23-4d70-8278-9799600dc85f 
[2026-02-16T18:01:54.824Z] [INFO] GET /api/assistance?mechanicId=f351179b-4b23-4d70-8278-9799600dc85f 
[2026-02-16T18:01:56.889Z] [INFO] OPTIONS /api/appointments/c5b957cf-b5a8-4486-a1f1-d0a23378f843 
[2026-02-16T18:01:56.901Z] [INFO] PATCH /api/appointments/c5b957cf-b5a8-4486-a1f1-d0a23378f843 
[2026-02-16T18:01:58.606Z] [INFO] GET /api/assistance?mechanicId=f351179b-4b23-4d70-8278-9799600dc85f 
[2026-02-16T18:01:58.607Z] [INFO] GET /api/appointments?mechanicId=f351179b-4b23-4d70-8278-9799600dc85f 
[2026-02-16T18:02:08.301Z] [INFO] OPTIONS /api/login 
[2026-02-16T18:02:08.308Z] [INFO] POST /api/login 
[2026-02-16T18:02:08.408Z] [INFO] GET /api/appointments?userId=user-111 
[2026-02-16T18:02:08.416Z] [INFO] GET /api/assistance?userId=user-111 
[2026-02-16T18:02:08.432Z] [INFO] GET /api/assistance?userId=user-111&status=pending 
[2026-02-16T18:02:12.020Z] [INFO] GET /api/assistance?userId=user-111 
[2026-02-16T18:02:12.021Z] [INFO] GET /api/appointments?userId=user-111 
[2026-02-16T18:02:31.933Z] [INFO] GET /api/appointments?userId=user-2 
[2026-02-16T18:02:31.935Z] [INFO] GET /api/assistance?userId=user-2 
[2026-02-16T18:02:32.058Z] [INFO] GET /api/assistance?userId=user-111 
[2026-02-16T18:02:32.059Z] [INFO] GET /api/appointments?userId=user-111 
[2026-02-16T18:02:32.068Z] [INFO] GET /api/appointments?userId=user-2 
[2026-02-16T18:02:32.068Z] [INFO] GET /api/assistance?userId=user-2 
[2026-02-16T18:03:06.994Z] [INFO] GET /api/appointments?userId=user-2 
[2026-02-16T18:03:06.995Z] [INFO] GET /api/assistance?userId=user-2 
[2026-02-16T18:03:07.137Z] [INFO] GET /api/appointments?userId=user-111 
[2026-02-16T18:03:07.137Z] [INFO] GET /api/assistance?userId=user-111 
[2026-02-16T18:03:29.850Z] [INFO] GET /api/appointments?userId=user-111 
[2026-02-16T18:03:29.858Z] [INFO] GET /api/assistance?userId=user-111 
[2026-02-16T18:03:31.880Z] [INFO] POST /api/login 
[2026-02-16T18:03:31.979Z] [INFO] GET /api/assistance?userId=user-111&status=pending 
[2026-02-16T18:03:33.104Z] [INFO] GET /api/appointments?userId=user-111 
[2026-02-16T18:03:33.106Z] [INFO] GET /api/assistance?userId=user-111 
[2026-02-16T18:03:44.081Z] [INFO] GET /api/appointments?userId=user-111 
[2026-02-16T18:03:44.086Z] [INFO] GET /api/assistance?userId=user-111 
[2026-02-16T18:03:46.286Z] [INFO] GET /api/appointments?userId=user-2 
[2026-02-16T18:03:46.288Z] [INFO] GET /api/assistance?userId=user-2 
[2026-02-16T18:03:46.305Z] [INFO] GET /api/appointments?userId=user-111 
[2026-02-16T18:03:46.307Z] [INFO] GET /api/assistance?userId=user-111 
[2026-02-16T18:05:28.108Z] [INFO] POST /api/login 
[2026-02-16T18:05:28.208Z] [INFO] GET /api/assistance?userId=user-111&status=pending 
[2026-02-16T18:05:30.024Z] [INFO] GET /api/appointments?userId=user-111 
[2026-02-16T18:05:30.026Z] [INFO] GET /api/assistance?userId=user-111 
[2026-02-16T18:05:41.925Z] [INFO] GET /api/appointments?userId=user-2 
[2026-02-16T18:05:41.928Z] [INFO] GET /api/assistance?userId=user-2 
[2026-02-16T18:05:42.054Z] [INFO] GET /api/appointments?userId=user-111 
[2026-02-16T18:05:42.055Z] [INFO] GET /api/assistance?userId=user-111 
[2026-02-16T18:05:43.582Z] [INFO] POST /api/login 
[2026-02-16T18:05:43.672Z] [INFO] GET /api/assistance?userId=user-111&status=pending 
[2026-02-16T18:05:45.454Z] [INFO] GET /api/appointments?userId=user-111 
[2026-02-16T18:05:45.455Z] [INFO] GET /api/assistance?userId=user-111 
[2026-02-16T18:07:17.625Z] [INFO] GET /api/appointments?userId=user-2 
[2026-02-16T18:07:17.639Z] [INFO] GET /api/assistance?userId=user-2 
[2026-02-16T18:07:33.398Z] [INFO] GET /api/appointments?userId=user-2 
[2026-02-16T18:07:33.401Z] [INFO] GET /api/assistance?userId=user-2 
[2026-02-16T18:07:33.682Z] [INFO] GET /api/appointments?userId=user-111 
[2026-02-16T18:07:33.683Z] [INFO] GET /api/assistance?userId=user-111 
[2026-02-16T18:07:46.850Z] [INFO] GET /api/appointments?userId=user-111 
[2026-02-16T18:07:46.853Z] [INFO] GET /api/assistance?userId=user-111 
[2026-02-16T18:07:47.378Z] [INFO] GET /api/appointments?userId=user-2 
[2026-02-16T18:07:47.379Z] [INFO] GET /api/assistance?userId=user-2 
[2026-02-16T18:07:48.892Z] [INFO] POST /api/login 
[2026-02-16T18:07:48.992Z] [INFO] GET /api/assistance?userId=user-111&status=pending 
[2026-02-16T18:07:50.558Z] [INFO] GET /api/appointments?userId=user-111 
[2026-02-16T18:07:50.559Z] [INFO] GET /api/assistance?userId=user-111 
[2026-02-16T18:08:43.732Z] [INFO] GET /api/appointments?userId=user-2 
[2026-02-16T18:08:43.737Z] [INFO] GET /api/assistance?userId=user-2 
[2026-02-16T18:08:43.967Z] [INFO] GET /api/appointments?userId=user-111 
[2026-02-16T18:08:43.969Z] [INFO] GET /api/assistance?userId=user-111 
[2026-02-16T18:08:52.706Z] [INFO] POST /api/login 
[2026-02-16T18:08:52.821Z] [INFO] GET /api/assistance?userId=user-111&status=pending 
[2026-02-16T18:08:54.419Z] [INFO] GET /api/appointments?userId=user-111 
[2026-02-16T18:08:54.421Z] [INFO] GET /api/assistance?userId=user-111 
[2026-02-16T18:09:13.063Z] [INFO] GET /api/appointments?userId=user-111 
[2026-02-16T18:09:13.065Z] [INFO] GET /api/assistance?userId=user-111 
[2026-02-16T18:09:13.978Z] [INFO] GET /api/appointments?userId=user-2 
[2026-02-16T18:09:13.980Z] [INFO] GET /api/assistance?userId=user-2 
[2026-02-16T18:09:39.373Z] [INFO] POST /api/login 
[2026-02-16T18:09:39.466Z] [INFO] GET /api/assistance?userId=user-111&status=pending 
[2026-02-16T18:09:50.502Z] [INFO] GET /api/appointments?userId=user-111 
[2026-02-16T18:09:50.504Z] [INFO] GET /api/assistance?userId=user-111 
[2026-02-16T18:10:43.519Z] [INFO] GET /api/appointments?userId=user-2 
[2026-02-16T18:10:43.521Z] [INFO] GET /api/assistance?userId=user-2 
[2026-02-16T18:11:36.133Z] [INFO] GET /api/appointments?userId=user-2 
[2026-02-16T18:11:36.138Z] [INFO] GET /api/assistance?userId=user-2 
[2026-02-16T18:11:36.958Z] [INFO] GET /api/appointments?userId=user-111 
[2026-02-16T18:11:36.958Z] [INFO] GET /api/assistance?userId=user-111 
[2026-02-16T18:11:40.219Z] [INFO] POST /api/login 
[2026-02-16T18:11:40.309Z] [INFO] GET /api/assistance?userId=user-111&status=pending 
[2026-02-16T18:11:41.937Z] [INFO] GET /api/appointments?userId=user-111 
[2026-02-16T18:11:41.938Z] [INFO] GET /api/assistance?userId=user-111 
[2026-02-16T18:12:07.730Z] [INFO] GET /api/appointments?userId=user-111 
[2026-02-16T18:12:07.733Z] [INFO] GET /api/assistance?userId=user-111 
[2026-02-16T18:12:07.827Z] [INFO] GET /api/appointments?userId=user-2 
[2026-02-16T18:12:07.827Z] [INFO] GET /api/assistance?userId=user-2 
[2026-02-16T18:12:16.311Z] [INFO] GET /api/appointments?userId=user-2 
[2026-02-16T18:12:16.313Z] [INFO] GET /api/assistance?userId=user-2 
[2026-02-16T18:12:17.332Z] [INFO] POST /api/login 
[2026-02-16T18:12:17.435Z] [INFO] GET /api/assistance?userId=user-111&status=pending 
[2026-02-16T18:12:18.831Z] [INFO] GET /api/appointments?userId=user-111 
[2026-02-16T18:12:18.832Z] [INFO] GET /api/assistance?userId=user-111 
[2026-02-16T18:14:08.517Z] [INFO] GET /api/appointments?userId=user-111 
[2026-02-16T18:14:08.519Z] [INFO] GET /api/assistance?userId=user-111 
[2026-02-16T18:14:20.059Z] [INFO] POST /api/login 
[2026-02-16T18:14:20.160Z] [INFO] GET /api/assistance?userId=user-111&status=pending 
[2026-02-16T18:14:21.927Z] [INFO] GET /api/appointments?userId=user-111 
[2026-02-16T18:14:21.928Z] [INFO] GET /api/assistance?userId=user-111 
[2026-02-16T18:14:31.180Z] [INFO] GET /api/appointments?userId=user-111 
[2026-02-16T18:14:31.184Z] [INFO] GET /api/assistance?userId=user-111 
[2026-02-16T18:14:32.342Z] [INFO] GET /api/appointments?userId=user-2 
[2026-02-16T18:14:32.343Z] [INFO] GET /api/assistance?userId=user-2 
[2026-02-16T18:14:33.924Z] [INFO] POST /api/login 
[2026-02-16T18:14:34.033Z] [INFO] GET /api/assistance?userId=user-111&status=pending 
[2026-02-16T18:14:35.497Z] [INFO] GET /api/appointments?userId=user-111 
[2026-02-16T18:14:35.497Z] [INFO] GET /api/assistance?userId=user-111 
[2026-02-16T18:15:19.567Z] [INFO] GET /api/appointments?userId=user-111 
[2026-02-16T18:15:19.574Z] [INFO] GET /api/assistance?userId=user-111 
[2026-02-16T18:15:22.719Z] [INFO] POST /api/login 
[2026-02-16T18:15:22.858Z] [INFO] GET /api/assistance?userId=user-111&status=pending 
[2026-02-16T18:15:23.728Z] [INFO] GET /api/appointments?userId=user-111 
[2026-02-16T18:15:23.728Z] [INFO] GET /api/assistance?userId=user-111 
[2026-02-16T18:15:28.376Z] [INFO] GET /api/appointments?userId=user-111 
[2026-02-16T18:15:28.378Z] [INFO] GET /api/assistance?userId=user-111 
[2026-02-16T18:15:29.258Z] [INFO] GET /api/appointments?userId=user-2 
[2026-02-16T18:15:29.258Z] [INFO] GET /api/assistance?userId=user-2 
[2026-02-16T18:15:30.089Z] [INFO] POST /api/login 
[2026-02-16T18:15:30.201Z] [INFO] GET /api/assistance?userId=user-111&status=pending 
[2026-02-16T18:15:31.119Z] [INFO] GET /api/appointments?userId=user-111 
[2026-02-16T18:15:31.120Z] [INFO] GET /api/assistance?userId=user-111 
[2026-02-16T18:16:30.339Z] [INFO] GET /api/appointments?userId=user-2 
[2026-02-16T18:16:30.350Z] [INFO] GET /api/assistance?userId=user-2 
[2026-02-16T18:16:30.440Z] [INFO] GET /api/appointments?userId=user-111 
[2026-02-16T18:16:30.440Z] [INFO] GET /api/assistance?userId=user-111 
[2026-02-16T18:16:32.923Z] [INFO] POST /api/login 
[2026-02-16T18:16:33.033Z] [INFO] GET /api/assistance?userId=user-111&status=pending 
[2026-02-16T18:16:34.295Z] [INFO] GET /api/appointments?userId=user-111 
[2026-02-16T18:16:34.295Z] [INFO] GET /api/assistance?userId=user-111 
[2026-02-16T18:16:39.111Z] [INFO] PATCH /api/appointments/52d14462-cd38-4489-9e9c-6530c2f49789 
[2026-02-16T18:16:39.214Z] [INFO] GET /api/appointments?userId=user-111 
[2026-02-16T18:16:39.215Z] [INFO] GET /api/assistance?userId=user-111 
[2026-02-16T18:16:40.476Z] [INFO] GET /api/assistance?userId=user-111&status=pending 
[2026-02-16T18:16:42.983Z] [INFO] GET /api/vehicles/user-111 
[2026-02-16T18:17:00.790Z] [INFO] POST /api/assistance 
[2026-02-16T18:17:04.002Z] [INFO] GET /api/appointments?userId=user-111 
[2026-02-16T18:17:04.003Z] [INFO] GET /api/assistance?userId=user-111 
[2026-02-16T18:17:19.451Z] [INFO] OPTIONS /api/login 
[2026-02-16T18:17:19.454Z] [INFO] POST /api/login 
[2026-02-16T18:17:19.503Z] [INFO] GET /api/appointments?mechanicId=f351179b-4b23-4d70-8278-9799600dc85f 
[2026-02-16T18:17:19.504Z] [INFO] GET /api/assistance?mechanicId=f351179b-4b23-4d70-8278-9799600dc85f 
[2026-02-16T18:17:19.537Z] [INFO] GET /api/assistance?status=pending 
[2026-02-16T18:17:22.102Z] [INFO] OPTIONS /api/assistance/1dde8b1a-1b31-4125-ae5a-6275ff22e275 
[2026-02-16T18:17:22.103Z] [INFO] PATCH /api/assistance/1dde8b1a-1b31-4125-ae5a-6275ff22e275 
[2026-02-16T18:17:22.826Z] [INFO] GET /api/assistance?status=pending 
[2026-02-16T18:17:22.865Z] [INFO] GET /api/appointments?mechanicId=f351179b-4b23-4d70-8278-9799600dc85f 
[2026-02-16T18:17:22.866Z] [INFO] GET /api/assistance?mechanicId=f351179b-4b23-4d70-8278-9799600dc85f 
[2026-02-16T18:17:24.161Z] [INFO] GET /api/assistance?status=pending 
[2026-02-16T18:17:25.677Z] [INFO] GET /api/appointments?mechanicId=f351179b-4b23-4d70-8278-9799600dc85f 
[2026-02-16T18:17:25.678Z] [INFO] GET /api/assistance?mechanicId=f351179b-4b23-4d70-8278-9799600dc85f 
[2026-02-16T18:17:33.913Z] [INFO] GET /api/assistance?userId=user-111&status=pending 
[2026-02-16T18:17:34.448Z] [INFO] GET /api/appointments?userId=user-111 
[2026-02-16T18:17:34.450Z] [INFO] GET /api/assistance?userId=user-111 
[2026-02-16T18:18:16.239Z] [INFO] GET /api/appointments 
[2026-02-16T18:18:16.285Z] [INFO] GET /api/assistance 
[2026-02-16T18:18:16.302Z] [INFO] GET /api/appointments 
[2026-02-16T18:18:16.306Z] [INFO] GET /api/assistance 
[2026-02-16T18:18:21.334Z] [INFO] GET /api/users 
[2026-02-16T18:18:21.374Z] [INFO] GET /api/users 
[2026-02-16T18:18:22.385Z] [INFO] GET /api/assistance 
[2026-02-16T18:18:22.386Z] [INFO] GET /api/appointments 
[2026-02-16T18:18:22.401Z] [INFO] GET /api/appointments 
[2026-02-16T18:18:22.402Z] [INFO] GET /api/assistance 
[2026-02-16T18:18:27.272Z] [INFO] GET /api/assistance?mechanicId=f351179b-4b23-4d70-8278-9799600dc85f 
[2026-02-16T18:18:27.276Z] [INFO] GET /api/appointments?mechanicId=f351179b-4b23-4d70-8278-9799600dc85f 
[2026-02-16T18:18:27.616Z] [INFO] GET /api/appointments?userId=user-111 
[2026-02-16T18:18:27.617Z] [INFO] GET /api/assistance?userId=user-111 
[2026-02-16T18:18:32.242Z] [INFO] POST /api/login 
[2026-02-16T18:18:32.421Z] [INFO] GET /api/assistance?userId=user-111&status=pending 
[2026-02-16T18:18:33.362Z] [INFO] GET /api/appointments?userId=user-111 
[2026-02-16T18:18:33.363Z] [INFO] GET /api/assistance?userId=user-111 
[2026-02-16T18:18:39.233Z] [INFO] GET /api/appointments?userId=user-111 
[2026-02-16T18:18:39.234Z] [INFO] GET /api/assistance?userId=user-111 
[2026-02-16T18:18:40.355Z] [INFO] GET /api/appointments?mechanicId=f351179b-4b23-4d70-8278-9799600dc85f 
[2026-02-16T18:18:40.357Z] [INFO] GET /api/assistance?mechanicId=f351179b-4b23-4d70-8278-9799600dc85f 
[2026-02-16T18:18:41.187Z] [INFO] POST /api/login 
[2026-02-16T18:18:41.284Z] [INFO] GET /api/assistance?userId=user-111&status=pending 
[2026-02-16T18:18:42.935Z] [INFO] GET /api/appointments?userId=user-111 
[2026-02-16T18:18:42.936Z] [INFO] GET /api/assistance?userId=user-111 
[2026-02-16T18:20:00.982Z] [INFO] GET /api/users 
[2026-02-16T18:20:01.003Z] [INFO] GET /api/users 
[2026-02-16T18:20:01.748Z] [INFO] GET /api/appointments 
[2026-02-16T18:20:01.757Z] [INFO] GET /api/assistance 
[2026-02-16T18:20:01.758Z] [INFO] GET /api/appointments 
[2026-02-16T18:20:01.769Z] [INFO] GET /api/assistance 
[2026-02-16T18:20:06.268Z] [INFO] GET /api/appointments?userId=user-111 
[2026-02-16T18:20:06.268Z] [INFO] GET /api/assistance?userId=user-111 
[2026-02-16T18:20:11.926Z] [INFO] POST /api/login 
[2026-02-16T18:20:12.037Z] [INFO] GET /api/assistance?userId=user-111&status=pending 
[2026-02-16T18:20:13.561Z] [INFO] GET /api/appointments?userId=user-111 
[2026-02-16T18:20:13.562Z] [INFO] GET /api/assistance?userId=user-111 
[2026-02-16T18:20:19.634Z] [INFO] GET /api/appointments?userId=user-111 
[2026-02-16T18:20:19.638Z] [INFO] GET /api/assistance?userId=user-111 
[2026-02-16T18:20:20.501Z] [INFO] GET /api/appointments?mechanicId=f351179b-4b23-4d70-8278-9799600dc85f 
[2026-02-16T18:20:20.504Z] [INFO] GET /api/assistance?mechanicId=f351179b-4b23-4d70-8278-9799600dc85f 
[2026-02-16T18:20:24.131Z] [INFO] POST /api/login 
[2026-02-16T18:20:24.226Z] [INFO] GET /api/assistance?userId=user-111&status=pending 
[2026-02-16T18:20:25.698Z] [INFO] GET /api/appointments?userId=user-111 
[2026-02-16T18:20:25.699Z] [INFO] GET /api/assistance?userId=user-111 
[2026-02-16T18:22:52.484Z] [INFO] GET /api/appointments?userId=user-111 
[2026-02-16T18:22:52.492Z] [INFO] GET /api/assistance?userId=user-111 
[2026-02-16T18:24:33.685Z] [INFO] GET /api/appointments?userId=user-111 
[2026-02-16T18:24:33.691Z] [INFO] GET /api/assistance?userId=user-111 
[2026-02-16T18:24:36.655Z] [INFO] GET /api/appointments?mechanicId=f351179b-4b23-4d70-8278-9799600dc85f 
[2026-02-16T18:24:36.660Z] [INFO] GET /api/assistance?mechanicId=f351179b-4b23-4d70-8278-9799600dc85f 
[2026-02-16T18:24:36.794Z] [INFO] POST /api/login 
[2026-02-16T18:24:36.911Z] [INFO] GET /api/assistance?userId=user-111&status=pending 
[2026-02-16T18:24:38.558Z] [INFO] GET /api/appointments?userId=user-111 
[2026-02-16T18:24:38.559Z] [INFO] GET /api/assistance?userId=user-111 
[2026-02-16T18:24:57.740Z] [INFO] GET /api/appointments?userId=user-111 
[2026-02-16T18:24:57.744Z] [INFO] GET /api/assistance?userId=user-111 
[2026-02-16T18:26:05.047Z] [INFO] GET /api/appointments?userId=user-111 
[2026-02-16T18:26:05.050Z] [INFO] GET /api/assistance?userId=user-111 
[2026-02-16T18:26:06.502Z] [INFO] GET /api/appointments?mechanicId=f351179b-4b23-4d70-8278-9799600dc85f 
[2026-02-16T18:26:06.541Z] [INFO] GET /api/assistance?mechanicId=f351179b-4b23-4d70-8278-9799600dc85f 
[2026-02-16T18:26:07.741Z] [INFO] POST /api/login 
[2026-02-16T18:26:07.858Z] [INFO] GET /api/assistance?userId=user-111&status=pending 
[2026-02-16T18:26:09.155Z] [INFO] GET /api/appointments?userId=user-111 
[2026-02-16T18:26:09.156Z] [INFO] GET /api/assistance?userId=user-111 
[2026-02-16T18:27:49.729Z] [INFO] GET /api/appointments?userId=user-111 
[2026-02-16T18:27:49.733Z] [INFO] GET /api/assistance?userId=user-111 
[2026-02-16T18:28:04.555Z] [INFO] POST /api/login 
[2026-02-16T18:28:04.670Z] [INFO] GET /api/assistance?userId=user-111&status=pending 
[2026-02-16T18:28:06.096Z] [INFO] GET /api/appointments?userId=user-111 
[2026-02-16T18:28:06.099Z] [INFO] GET /api/assistance?userId=user-111 
[2026-02-16T18:28:13.658Z] [INFO] GET /api/appointments?userId=user-111 
[2026-02-16T18:28:13.659Z] [INFO] GET /api/assistance?userId=user-111 
[2026-02-16T18:28:41.650Z] [INFO] GET /api/assistance?userId=user-111&status=pending 
[2026-02-16T18:28:42.415Z] [INFO] GET /api/appointments?userId=user-111 
[2026-02-16T18:28:42.416Z] [INFO] GET /api/assistance?userId=user-111 
[2026-02-16T18:30:21.942Z] [INFO] POST /api/login 
[2026-02-16T18:30:22.059Z] [INFO] GET /api/assistance?userId=user-111&status=pending 
[2026-02-16T18:30:22.061Z] [INFO] GET /api/appointments?userId=user-111 
[2026-02-16T18:30:22.062Z] [INFO] GET /api/assistance?userId=user-111 
[2026-02-16T18:30:22.117Z] [INFO] GET /api/assistance?userId=user-111&status=pending 
[2026-02-16T18:30:23.204Z] [INFO] GET /api/appointments?userId=user-111 
[2026-02-16T18:30:23.205Z] [INFO] GET /api/assistance?userId=user-111 
[2026-02-16T18:30:24.447Z] [INFO] GET /api/appointments?userId=user-111 
[2026-02-16T18:30:24.448Z] [INFO] GET /api/assistance?userId=user-111 
[2026-02-16T18:30:30.257Z] [INFO] PATCH /api/appointments/1dde8b1a-1b31-4125-ae5a-6275ff22e275 
[2026-02-16T18:30:30.433Z] [INFO] GET /api/appointments?userId=user-111 
[2026-02-16T18:30:30.435Z] [INFO] GET /api/assistance?userId=user-111 
[2026-02-16T18:30:31.944Z] [INFO] GET /api/assistance?userId=user-111&status=pending 
[2026-02-16T18:30:32.593Z] [INFO] GET /api/appointments?userId=user-111 
[2026-02-16T18:30:32.593Z] [INFO] GET /api/assistance?userId=user-111 
[2026-02-16T18:30:37.205Z] [INFO] GET /api/appointments 
[2026-02-16T18:30:37.206Z] [INFO] GET /api/assistance 
[2026-02-16T18:30:37.216Z] [INFO] GET /api/appointments 
[2026-02-16T18:30:37.217Z] [INFO] GET /api/assistance 
[2026-02-16T18:30:51.797Z] [INFO] POST /api/login 
[2026-02-16T18:30:51.948Z] [INFO] GET /api/assistance?userId=user-111&status=pending 
[2026-02-16T18:30:51.950Z] [INFO] GET /api/assistance?userId=user-111&status=pending 
[2026-02-16T18:30:51.951Z] [INFO] GET /api/appointments?userId=user-111 
[2026-02-16T18:30:51.953Z] [INFO] GET /api/assistance?userId=user-111 
[2026-02-16T18:30:52.013Z] [INFO] GET /api/assistance?userId=user-111&status=pending 
[2026-02-16T18:30:52.932Z] [INFO] GET /api/appointments?userId=user-111 
[2026-02-16T18:30:52.933Z] [INFO] GET /api/assistance?userId=user-111 
[2026-02-16T18:30:54.084Z] [INFO] GET /api/appointments?userId=user-111 
[2026-02-16T18:30:54.085Z] [INFO] GET /api/assistance?userId=user-111 
[2026-02-16T18:31:24.325Z] [INFO] GET /api/appointments?userId=user-111 
[2026-02-16T18:31:24.327Z] [INFO] GET /api/assistance?userId=user-111 
[2026-02-16T18:31:28.005Z] [INFO] OPTIONS /api/login 
[2026-02-16T18:31:28.006Z] [INFO] POST /api/login 
[2026-02-16T18:31:28.069Z] [INFO] GET /api/assistance?status=pending 
[2026-02-16T18:31:30.178Z] [INFO] GET /api/appointments?mechanicId=f351179b-4b23-4d70-8278-9799600dc85f 
[2026-02-16T18:31:30.179Z] [INFO] GET /api/assistance?mechanicId=f351179b-4b23-4d70-8278-9799600dc85f 
[2026-02-16T18:31:47.065Z] [INFO] GET /api/vehicles/user-111 
[2026-02-16T18:33:55.740Z] [INFO] GET /api/appointments?mechanicId=f351179b-4b23-4d70-8278-9799600dc85f 
[2026-02-16T18:33:55.746Z] [INFO] GET /api/assistance?mechanicId=f351179b-4b23-4d70-8278-9799600dc85f 
[2026-02-16T18:33:55.751Z] [INFO] GET /api/appointments?mechanicId=f351179b-4b23-4d70-8278-9799600dc85f 
[2026-02-16T18:33:55.752Z] [INFO] GET /api/assistance?mechanicId=f351179b-4b23-4d70-8278-9799600dc85f 
[2026-02-16T18:33:56.135Z] [INFO] GET /api/assistance?userId=user-111&status=pending 
[2026-02-16T18:33:56.136Z] [INFO] GET /api/vehicles/user-111 
[2026-02-16T18:33:56.137Z] [INFO] GET /api/appointments?userId=user-111 
[2026-02-16T18:33:56.138Z] [INFO] GET /api/assistance?userId=user-111 
[2026-02-16T18:35:06.397Z] [INFO] GET /api/assistance?mechanicId=f351179b-4b23-4d70-8278-9799600dc85f 
[2026-02-16T18:35:06.399Z] [INFO] GET /api/appointments?mechanicId=f351179b-4b23-4d70-8278-9799600dc85f 
[2026-02-16T18:35:06.403Z] [INFO] GET /api/appointments?mechanicId=f351179b-4b23-4d70-8278-9799600dc85f 
[2026-02-16T18:35:06.405Z] [INFO] GET /api/assistance?mechanicId=f351179b-4b23-4d70-8278-9799600dc85f 
[2026-02-16T18:35:06.723Z] [INFO] GET /api/assistance?userId=user-111&status=pending 
[2026-02-16T18:35:06.724Z] [INFO] GET /api/vehicles/user-111 
[2026-02-16T18:35:06.725Z] [INFO] GET /api/appointments?userId=user-111 
[2026-02-16T18:35:06.725Z] [INFO] GET /api/assistance?userId=user-111 
[2026-02-16T18:35:08.585Z] [INFO] GET /api/appointments?mechanicId=f351179b-4b23-4d70-8278-9799600dc85f 
[2026-02-16T18:35:08.585Z] [INFO] GET /api/assistance?mechanicId=f351179b-4b23-4d70-8278-9799600dc85f 
[2026-02-16T18:35:08.598Z] [INFO] GET /api/appointments?mechanicId=f351179b-4b23-4d70-8278-9799600dc85f 
[2026-02-16T18:35:08.600Z] [INFO] GET /api/assistance?mechanicId=f351179b-4b23-4d70-8278-9799600dc85f 
[2026-02-16T18:35:08.916Z] [INFO] GET /api/assistance?userId=user-111&status=pending 
[2026-02-16T18:35:08.917Z] [INFO] GET /api/vehicles/user-111 
[2026-02-16T18:35:08.920Z] [INFO] GET /api/appointments?userId=user-111 
[2026-02-16T18:35:08.923Z] [INFO] GET /api/assistance?userId=user-111 
[2026-02-16T18:35:27.919Z] [INFO] GET /api/assistance?userId=user-111&status=pending 
[2026-02-16T18:36:05.049Z] [INFO] POST /api/assistance 
[2026-02-16T18:36:09.004Z] [INFO] GET /api/appointments?userId=user-111 
[2026-02-16T18:36:09.006Z] [INFO] GET /api/assistance?userId=user-111 
[2026-02-16T18:36:13.737Z] [INFO] GET /api/assistance?status=pending 
[2026-02-16T18:36:14.981Z] [INFO] GET /api/appointments?mechanicId=f351179b-4b23-4d70-8278-9799600dc85f 
[2026-02-16T18:36:14.983Z] [INFO] GET /api/assistance?mechanicId=f351179b-4b23-4d70-8278-9799600dc85f 
[2026-02-16T18:36:24.989Z] [INFO] GET /api/appointments?mechanicId=f351179b-4b23-4d70-8278-9799600dc85f 
[2026-02-16T18:36:24.990Z] [INFO] GET /api/assistance?mechanicId=f351179b-4b23-4d70-8278-9799600dc85f 
[2026-02-16T18:36:32.783Z] [INFO] OPTIONS /api/assistance/fcddf1af-48b1-4d57-aa07-23db35f48437 
[2026-02-16T18:36:32.784Z] [INFO] PATCH /api/assistance/fcddf1af-48b1-4d57-aa07-23db35f48437 
[2026-02-16T18:36:33.499Z] [INFO] GET /api/assistance?status=pending 
[2026-02-16T18:36:33.527Z] [INFO] GET /api/appointments?mechanicId=f351179b-4b23-4d70-8278-9799600dc85f 
[2026-02-16T18:36:33.528Z] [INFO] GET /api/assistance?mechanicId=f351179b-4b23-4d70-8278-9799600dc85f 
[2026-02-16T18:36:34.826Z] [INFO] GET /api/appointments?mechanicId=f351179b-4b23-4d70-8278-9799600dc85f 
[2026-02-16T18:36:34.829Z] [INFO] GET /api/assistance?mechanicId=f351179b-4b23-4d70-8278-9799600dc85f 
[2026-02-16T18:36:34.856Z] [INFO] GET /api/assistance?status=pending 
[2026-02-16T18:36:36.347Z] [INFO] GET /api/appointments?mechanicId=f351179b-4b23-4d70-8278-9799600dc85f 
[2026-02-16T18:36:36.348Z] [INFO] GET /api/assistance?mechanicId=f351179b-4b23-4d70-8278-9799600dc85f 
[2026-02-16T18:36:37.916Z] [INFO] GET /api/assistance?userId=user-111&status=pending 
[2026-02-16T18:36:39.131Z] [INFO] GET /api/appointments?userId=user-111 
[2026-02-16T18:36:39.133Z] [INFO] GET /api/assistance?userId=user-111 
[2026-02-16T18:36:40.295Z] [INFO] GET /api/appointments?userId=user-111 
[2026-02-16T18:36:40.297Z] [INFO] GET /api/assistance?userId=user-111 
[2026-02-16T18:37:35.976Z] [INFO] GET /api/appointments?mechanicId=f351179b-4b23-4d70-8278-9799600dc85f 
[2026-02-16T18:37:35.986Z] [INFO] GET /api/assistance?mechanicId=f351179b-4b23-4d70-8278-9799600dc85f 
[2026-02-16T18:37:39.803Z] [INFO] OPTIONS /api/appointments/fcddf1af-48b1-4d57-aa07-23db35f48437 
[2026-02-16T18:37:39.805Z] [INFO] PATCH /api/appointments/fcddf1af-48b1-4d57-aa07-23db35f48437 
[2026-02-16T18:37:43.759Z] [INFO] GET /api/appointments?mechanicId=f351179b-4b23-4d70-8278-9799600dc85f 
[2026-02-16T18:37:43.760Z] [INFO] GET /api/assistance?mechanicId=f351179b-4b23-4d70-8278-9799600dc85f 
[2026-02-16T18:37:45.890Z] [INFO] GET /api/appointments?mechanicId=f351179b-4b23-4d70-8278-9799600dc85f 
[2026-02-16T18:37:45.891Z] [INFO] GET /api/assistance?mechanicId=f351179b-4b23-4d70-8278-9799600dc85f 
[2026-02-16T18:37:49.013Z] [INFO] OPTIONS /api/appointments/fcddf1af-48b1-4d57-aa07-23db35f48437 
[2026-02-16T18:37:49.014Z] [INFO] PATCH /api/appointments/fcddf1af-48b1-4d57-aa07-23db35f48437 
[2026-02-16T18:39:39.508Z] [INFO] GET /api/appointments?userId=user-111 
[2026-02-16T18:39:39.509Z] [INFO] GET /api/assistance?userId=user-111 
[2026-02-16T18:39:41.597Z] [INFO] POST /api/login 
[2026-02-16T18:39:41.717Z] [INFO] GET /api/assistance?userId=user-111&status=pending 
[2026-02-16T18:39:43.618Z] [INFO] GET /api/appointments?userId=user-111 
[2026-02-16T18:39:43.618Z] [INFO] GET /api/assistance?userId=user-111 
[2026-02-16T18:39:50.287Z] [INFO] GET /api/appointments?mechanicId=f351179b-4b23-4d70-8278-9799600dc85f 
[2026-02-16T18:39:50.293Z] [INFO] GET /api/assistance?mechanicId=f351179b-4b23-4d70-8278-9799600dc85f 
[2026-02-16T18:40:33.002Z] [INFO] GET /api/appointments?mechanicId=f351179b-4b23-4d70-8278-9799600dc85f 
[2026-02-16T18:40:33.009Z] [INFO] GET /api/assistance?mechanicId=f351179b-4b23-4d70-8278-9799600dc85f 
[2026-02-16T18:40:33.022Z] [INFO] GET /api/appointments?userId=user-111 
[2026-02-16T18:40:33.024Z] [INFO] GET /api/assistance?userId=user-111 
[2026-02-16T18:40:35.541Z] [INFO] POST /api/login 
[2026-02-16T18:40:35.655Z] [INFO] GET /api/assistance?userId=user-111&status=pending 
[2026-02-16T18:40:37.034Z] [INFO] GET /api/appointments?userId=user-111 
[2026-02-16T18:40:37.035Z] [INFO] GET /api/assistance?userId=user-111 
[2026-02-16T18:40:42.062Z] [INFO] GET /api/appointments?mechanicId=f351179b-4b23-4d70-8278-9799600dc85f 
[2026-02-16T18:40:42.068Z] [INFO] GET /api/assistance?mechanicId=f351179b-4b23-4d70-8278-9799600dc85f 
[2026-02-16T18:40:42.940Z] [INFO] GET /api/appointments?userId=user-111 
[2026-02-16T18:40:42.941Z] [INFO] GET /api/assistance?userId=user-111 
[2026-02-16T18:41:40.945Z] [INFO] POST /api/login 
[2026-02-16T18:41:41.052Z] [INFO] GET /api/assistance?userId=user-111&status=pending 
[2026-02-16T18:41:42.398Z] [INFO] GET /api/appointments?userId=user-111 
[2026-02-16T18:41:42.399Z] [INFO] GET /api/assistance?userId=user-111 
[2026-02-16T18:44:21.896Z] [INFO] GET /api/appointments?userId=user-111 
[2026-02-16T18:44:21.899Z] [INFO] GET /api/assistance?userId=user-111 
[2026-02-16T18:44:28.830Z] [INFO] GET /api/appointments?mechanicId=f351179b-4b23-4d70-8278-9799600dc85f 
[2026-02-16T18:44:28.832Z] [INFO] GET /api/assistance?mechanicId=f351179b-4b23-4d70-8278-9799600dc85f 
[2026-02-16T18:44:30.957Z] [INFO] OPTIONS /api/login 
[2026-02-16T18:44:30.959Z] [INFO] POST /api/login 
[2026-02-16T18:44:31.045Z] [INFO] GET /api/assistance?status=pending 
[2026-02-16T18:44:39.240Z] [INFO] OPTIONS /api/login 
[2026-02-16T18:44:39.241Z] [INFO] POST /api/login 
[2026-02-16T18:44:39.281Z] [INFO] GET /api/assistance?userId=user-111 
[2026-02-16T18:44:39.282Z] [INFO] GET /api/appointments?userId=user-111 
[2026-02-16T18:44:39.306Z] [INFO] GET /api/assistance?userId=user-111&status=pending 
[2026-02-16T18:44:42.243Z] [INFO] GET /api/appointments?userId=user-111 
[2026-02-16T18:44:42.244Z] [INFO] GET /api/assistance?userId=user-111 
[2026-02-16T18:45:19.898Z] [INFO] GET /api/assistance?userId=user-111 
[2026-02-16T18:45:19.902Z] [INFO] GET /api/appointments?userId=user-111 
[2026-02-16T18:45:23.284Z] [INFO] GET /api/appointments?userId=user-111 
[2026-02-16T18:45:23.285Z] [INFO] GET /api/assistance?userId=user-111 
[2026-02-16T18:45:25.115Z] [INFO] GET /api/appointments?userId=user-111 
[2026-02-16T18:45:25.115Z] [INFO] GET /api/assistance?userId=user-111 
[2026-02-16T18:45:27.039Z] [INFO] GET /api/appointments?userId=user-111 
[2026-02-16T18:45:27.040Z] [INFO] GET /api/assistance?userId=user-111 
[2026-02-16T18:45:32.125Z] [INFO] GET /api/appointments 
[2026-02-16T18:45:32.128Z] [INFO] GET /api/assistance 
[2026-02-16T18:45:32.138Z] [INFO] GET /api/appointments 
[2026-02-16T18:45:32.141Z] [INFO] GET /api/assistance 
[2026-02-16T18:46:57.159Z] [INFO] GET /api/appointments?userId=user-111 
[2026-02-16T18:46:57.161Z] [INFO] GET /api/assistance?userId=user-111 
[2026-02-16T18:47:05.343Z] [INFO] POST /api/login 
[2026-02-16T18:47:05.444Z] [INFO] GET /api/appointments?mechanicId=f351179b-4b23-4d70-8278-9799600dc85f 
[2026-02-16T18:47:05.445Z] [INFO] GET /api/assistance?mechanicId=f351179b-4b23-4d70-8278-9799600dc85f 
[2026-02-16T18:47:05.502Z] [INFO] GET /api/assistance?status=pending 
[2026-02-16T18:47:21.007Z] [INFO] GET /api/appointments?userId=user-111 
[2026-02-16T18:47:21.008Z] [INFO] GET /api/assistance?userId=user-111 
[2026-02-16T18:47:27.225Z] [INFO] GET /api/appointments?mechanicId=f351179b-4b23-4d70-8278-9799600dc85f 
[2026-02-16T18:47:27.226Z] [INFO] GET /api/assistance?mechanicId=f351179b-4b23-4d70-8278-9799600dc85f 
[2026-02-16T18:47:27.478Z] [INFO] GET /api/assistance?userId=user-111 
[2026-02-16T18:47:27.479Z] [INFO] GET /api/appointments?userId=user-111 
[2026-02-16T18:47:33.264Z] [INFO] GET /api/appointments?userId=user-111 
[2026-02-16T18:47:33.267Z] [INFO] GET /api/assistance?userId=user-111 
[2026-02-16T18:47:34.267Z] [INFO] GET /api/assistance?userId=user-111&status=pending 
[2026-02-16T18:47:34.804Z] [INFO] GET /api/appointments?userId=user-111 
[2026-02-16T18:47:34.804Z] [INFO] GET /api/assistance?userId=user-111 
[2026-02-16T18:47:51.441Z] [INFO] GET /api/appointments?userId=user-111 
[2026-02-16T18:47:51.443Z] [INFO] GET /api/assistance?userId=user-111 
[2026-02-16T18:47:51.656Z] [INFO] GET /api/appointments?mechanicId=f351179b-4b23-4d70-8278-9799600dc85f 
[2026-02-16T18:47:51.657Z] [INFO] GET /api/assistance?mechanicId=f351179b-4b23-4d70-8278-9799600dc85f 
[2026-02-16T18:47:56.500Z] [INFO] POST /api/login 
[2026-02-16T18:47:56.560Z] [INFO] GET /api/appointments?userId=user-111 
[2026-02-16T18:47:56.560Z] [INFO] GET /api/assistance?userId=user-111 
[2026-02-16T18:47:56.625Z] [INFO] GET /api/assistance?userId=user-111&status=pending 
[2026-02-16T18:47:57.693Z] [INFO] GET /api/appointments?userId=user-111 
[2026-02-16T18:47:57.693Z] [INFO] GET /api/assistance?userId=user-111 
[2026-02-16T18:48:45.128Z] [INFO] GET /api/appointments?userId=user-111 
[2026-02-16T18:48:45.130Z] [INFO] GET /api/assistance?userId=user-111 
[2026-02-16T18:48:59.108Z] [INFO] GET /api/appointments?userId=user-111 
[2026-02-16T18:48:59.110Z] [INFO] GET /api/assistance?userId=user-111 
[2026-02-16T18:49:00.156Z] [INFO] GET /api/assistance?userId=user-111 
[2026-02-16T18:49:00.158Z] [INFO] GET /api/appointments?userId=user-111 
[2026-02-16T18:49:04.425Z] [INFO] POST /api/login 
[2026-02-16T18:49:04.521Z] [INFO] GET /api/assistance?userId=user-111&status=pending 
[2026-02-16T18:49:05.621Z] [INFO] GET /api/appointments?userId=user-111 
[2026-02-16T18:49:05.623Z] [INFO] GET /api/assistance?userId=user-111 
[2026-02-16T18:50:05.696Z] [INFO] GET /api/appointments 
[2026-02-16T18:50:05.698Z] [INFO] GET /api/assistance 
[2026-02-16T18:50:05.709Z] [INFO] GET /api/appointments 
[2026-02-16T18:50:05.714Z] [INFO] GET /api/assistance 
[2026-02-16T18:51:00.700Z] [INFO] GET /api/appointments?userId=user-111 
[2026-02-16T18:51:00.703Z] [INFO] GET /api/assistance?userId=user-111 
[2026-02-16T18:51:00.781Z] [INFO] GET /api/users/f351179b-4b23-4d70-8278-9799600dc85f 
[2026-02-16T18:51:00.961Z] [INFO] GET /api/appointments?userId=user-111 
[2026-02-16T18:51:00.962Z] [INFO] GET /api/assistance?userId=user-111 
[2026-02-16T18:51:01.031Z] [INFO] GET /api/users/f351179b-4b23-4d70-8278-9799600dc85f 
[2026-02-16T18:52:13.227Z] [INFO] GET /api/users/f351179b-4b23-4d70-8278-9799600dc85f 
[2026-02-16T18:52:13.519Z] [INFO] GET /api/users/f351179b-4b23-4d70-8278-9799600dc85f 
[2026-02-16T18:52:21.894Z] [INFO] GET /api/appointments?userId=user-111 
[2026-02-16T18:52:21.895Z] [INFO] GET /api/assistance?userId=user-111 
[2026-02-16T18:52:24.568Z] [INFO] GET /api/users/f351179b-4b23-4d70-8278-9799600dc85f 
[2026-02-16T18:58:29.269Z] [INFO] GET /api/appointments?userId=user-111 
[2026-02-16T18:58:29.292Z] [INFO] GET /api/assistance?userId=user-111 
[2026-02-16T18:58:33.278Z] [INFO] GET /api/users/f351179b-4b23-4d70-8278-9799600dc85f 
[2026-02-16T18:58:53.220Z] [INFO] GET /api/assistance?userId=user-111 
[2026-02-16T18:58:53.225Z] [INFO] GET /api/appointments?userId=user-111 
[2026-02-16T18:58:54.591Z] [INFO] GET /api/users/f351179b-4b23-4d70-8278-9799600dc85f 
[2026-02-16T18:59:01.655Z] [INFO] GET /api/appointments?userId=user-111 
[2026-02-16T18:59:01.656Z] [INFO] GET /api/assistance?userId=user-111 
[2026-02-16T18:59:10.018Z] [INFO] OPTIONS /api/login 
[2026-02-16T18:59:10.019Z] [INFO] POST /api/login 
[2026-02-16T18:59:10.056Z] [INFO] GET /api/appointments?mechanicId=f351179b-4b23-4d70-8278-9799600dc85f 
[2026-02-16T18:59:10.057Z] [INFO] GET /api/assistance?mechanicId=f351179b-4b23-4d70-8278-9799600dc85f 
[2026-02-16T18:59:10.090Z] [INFO] GET /api/assistance?status=pending 
[2026-02-16T18:59:11.206Z] [INFO] GET /api/appointments?mechanicId=f351179b-4b23-4d70-8278-9799600dc85f 
[2026-02-16T18:59:11.207Z] [INFO] GET /api/assistance?mechanicId=f351179b-4b23-4d70-8278-9799600dc85f 
[2026-02-16T18:59:17.030Z] [INFO] GET /api/users/f351179b-4b23-4d70-8278-9799600dc85f 
[2026-02-16T18:59:18.031Z] [INFO] OPTIONS /api/appointments/fcddf1af-48b1-4d57-aa07-23db35f48437 
[2026-02-16T18:59:18.032Z] [INFO] PATCH /api/appointments/fcddf1af-48b1-4d57-aa07-23db35f48437 
[2026-02-16T18:59:18.377Z] [INFO] GET /api/appointments?mechanicId=f351179b-4b23-4d70-8278-9799600dc85f 
[2026-02-16T18:59:18.378Z] [INFO] GET /api/assistance?mechanicId=f351179b-4b23-4d70-8278-9799600dc85f 
[2026-02-16T18:59:19.989Z] [INFO] GET /api/users/f351179b-4b23-4d70-8278-9799600dc85f 
[2026-02-16T18:59:20.990Z] [INFO] PATCH /api/appointments/fcddf1af-48b1-4d57-aa07-23db35f48437 
[2026-02-16T19:00:16.905Z] [INFO] GET /api/appointments?userId=user-111 
[2026-02-16T19:00:16.911Z] [INFO] GET /api/assistance?userId=user-111 
[2026-02-16T19:00:19.710Z] [INFO] GET /api/assistance?userId=user-111&status=pending 
[2026-02-16T19:00:20.203Z] [INFO] GET /api/appointments?userId=user-111 
[2026-02-16T19:00:20.204Z] [INFO] GET /api/assistance?userId=user-111 
[2026-02-16T19:00:54.261Z] [INFO] GET /api/appointments?userId=user-111 
[2026-02-16T19:00:54.263Z] [INFO] GET /api/assistance?userId=user-111 
[2026-02-16T19:00:55.055Z] [INFO] GET /api/users/f351179b-4b23-4d70-8278-9799600dc85f 
[2026-02-16T19:00:55.530Z] [INFO] GET /api/users/f351179b-4b23-4d70-8278-9799600dc85f 
[2026-02-16T19:00:55.531Z] [INFO] GET /api/appointments?mechanicId=f351179b-4b23-4d70-8278-9799600dc85f 
[2026-02-16T19:00:55.534Z] [INFO] GET /api/assistance?mechanicId=f351179b-4b23-4d70-8278-9799600dc85f 
[2026-02-16T19:00:55.725Z] [INFO] GET /api/users/f351179b-4b23-4d70-8278-9799600dc85f 
[2026-02-16T19:00:55.726Z] [INFO] GET /api/appointments?userId=user-111 
[2026-02-16T19:00:55.727Z] [INFO] GET /api/assistance?userId=user-111 
[2026-02-16T19:00:56.527Z] [INFO] OPTIONS /api/appointments/fcddf1af-48b1-4d57-aa07-23db35f48437 
[2026-02-16T19:00:56.529Z] [INFO] PATCH /api/appointments/fcddf1af-48b1-4d57-aa07-23db35f48437 
[2026-02-16T19:00:58.109Z] [INFO] GET /api/users/f351179b-4b23-4d70-8278-9799600dc85f 
[2026-02-16T19:00:59.472Z] [INFO] GET /api/appointments?mechanicId=f351179b-4b23-4d70-8278-9799600dc85f 
[2026-02-16T19:00:59.476Z] [INFO] GET /api/assistance?mechanicId=f351179b-4b23-4d70-8278-9799600dc85f 
[2026-02-16T19:00:59.777Z] [INFO] GET /api/users/f351179b-4b23-4d70-8278-9799600dc85f 
[2026-02-16T19:01:01.202Z] [INFO] GET /api/appointments?mechanicId=f351179b-4b23-4d70-8278-9799600dc85f 
[2026-02-16T19:01:01.203Z] [INFO] GET /api/assistance?mechanicId=f351179b-4b23-4d70-8278-9799600dc85f 
[2026-02-16T19:01:01.469Z] [INFO] GET /api/users/f351179b-4b23-4d70-8278-9799600dc85f 
[2026-02-16T19:01:10.264Z] [INFO] GET /api/appointments?userId=user-111 
[2026-02-16T19:01:10.268Z] [INFO] GET /api/assistance?userId=user-111 
[2026-02-16T19:01:13.934Z] [INFO] GET /api/appointments?mechanicId=f351179b-4b23-4d70-8278-9799600dc85f 
[2026-02-16T19:01:13.936Z] [INFO] GET /api/assistance?mechanicId=f351179b-4b23-4d70-8278-9799600dc85f 
[2026-02-16T19:01:17.518Z] [INFO] GET /api/appointments?mechanicId=f351179b-4b23-4d70-8278-9799600dc85f 
[2026-02-16T19:01:17.525Z] [INFO] GET /api/assistance?mechanicId=f351179b-4b23-4d70-8278-9799600dc85f 
[2026-02-16T19:01:18.850Z] [INFO] OPTIONS /api/login 
[2026-02-16T19:01:18.852Z] [INFO] POST /api/login 
[2026-02-16T19:01:18.927Z] [INFO] GET /api/assistance?status=pending 
[2026-02-16T19:01:19.905Z] [INFO] GET /api/appointments?mechanicId=f351179b-4b23-4d70-8278-9799600dc85f 
[2026-02-16T19:01:19.906Z] [INFO] GET /api/assistance?mechanicId=f351179b-4b23-4d70-8278-9799600dc85f 
[2026-02-16T19:01:39.868Z] [INFO] POST /api/login 
[2026-02-16T19:01:39.984Z] [INFO] GET /api/assistance?userId=user-111&status=pending 
[2026-02-16T19:01:41.259Z] [INFO] GET /api/appointments?userId=user-111 
[2026-02-16T19:01:41.261Z] [INFO] GET /api/assistance?userId=user-111 
[2026-02-16T19:01:43.903Z] [INFO] GET /api/users/f351179b-4b23-4d70-8278-9799600dc85f 
[2026-02-16T19:02:17.468Z] [INFO] GET /api/appointments?mechanicId=f351179b-4b23-4d70-8278-9799600dc85f 
[2026-02-16T19:02:17.470Z] [INFO] GET /api/assistance?mechanicId=f351179b-4b23-4d70-8278-9799600dc85f 
[2026-02-16T19:02:17.707Z] [INFO] GET /api/users/f351179b-4b23-4d70-8278-9799600dc85f 
[2026-02-16T19:02:17.708Z] [INFO] GET /api/appointments?userId=user-111 
[2026-02-16T19:02:17.709Z] [INFO] GET /api/assistance?userId=user-111 
[2026-02-16T19:02:27.025Z] [INFO] GET /api/appointments?mechanicId=f351179b-4b23-4d70-8278-9799600dc85f 
[2026-02-16T19:02:27.027Z] [INFO] GET /api/assistance?mechanicId=f351179b-4b23-4d70-8278-9799600dc85f 
[2026-02-16T19:02:28.586Z] [INFO] OPTIONS /api/login 
[2026-02-16T19:02:28.587Z] [INFO] POST /api/login 
[2026-02-16T19:02:28.661Z] [INFO] GET /api/assistance?status=pending 
[2026-02-16T19:02:29.606Z] [INFO] GET /api/appointments?mechanicId=f351179b-4b23-4d70-8278-9799600dc85f 
[2026-02-16T19:02:29.607Z] [INFO] GET /api/assistance?mechanicId=f351179b-4b23-4d70-8278-9799600dc85f 
[2026-02-16T19:02:30.491Z] [INFO] GET /api/users/f351179b-4b23-4d70-8278-9799600dc85f 
[2026-02-16T19:02:31.492Z] [INFO] OPTIONS /api/appointments/c5b957cf-b5a8-4486-a1f1-d0a23378f843 
[2026-02-16T19:02:31.493Z] [INFO] PATCH /api/appointments/c5b957cf-b5a8-4486-a1f1-d0a23378f843 
[2026-02-16T19:04:05.976Z] [INFO] GET /api/appointments?mechanicId=f351179b-4b23-4d70-8278-9799600dc85f 
[2026-02-16T19:04:05.981Z] [INFO] GET /api/assistance?mechanicId=f351179b-4b23-4d70-8278-9799600dc85f 
[2026-02-16T19:04:07.986Z] [INFO] GET /api/appointments?mechanicId=f351179b-4b23-4d70-8278-9799600dc85f 
[2026-02-16T19:04:07.987Z] [INFO] GET /api/assistance?mechanicId=f351179b-4b23-4d70-8278-9799600dc85f 
[2026-02-16T19:04:09.296Z] [INFO] GET /api/appointments?mechanicId=f351179b-4b23-4d70-8278-9799600dc85f 
[2026-02-16T19:04:09.297Z] [INFO] GET /api/assistance?mechanicId=f351179b-4b23-4d70-8278-9799600dc85f 
[2026-02-16T19:04:59.475Z] [INFO] GET /api/users/f351179b-4b23-4d70-8278-9799600dc85f 
[2026-02-16T19:05:00.458Z] [INFO] OPTIONS /api/appointments/fcddf1af-48b1-4d57-aa07-23db35f48437 
[2026-02-16T19:05:00.460Z] [INFO] PATCH /api/appointments/fcddf1af-48b1-4d57-aa07-23db35f48437 
[2026-02-16T19:05:02.798Z] [INFO] GET /api/appointments?mechanicId=f351179b-4b23-4d70-8278-9799600dc85f 
[2026-02-16T19:05:02.799Z] [INFO] GET /api/assistance?mechanicId=f351179b-4b23-4d70-8278-9799600dc85f 
[2026-02-16T19:05:07.244Z] [INFO] GET /api/appointments?userId=user-111 
[2026-02-16T19:05:07.246Z] [INFO] GET /api/assistance?userId=user-111 
[2026-02-16T19:05:08.488Z] [INFO] GET /api/appointments?mechanicId=f351179b-4b23-4d70-8278-9799600dc85f 
[2026-02-16T19:05:08.494Z] [INFO] GET /api/assistance?mechanicId=f351179b-4b23-4d70-8278-9799600dc85f 
[2026-02-16T19:05:15.048Z] [INFO] GET /api/users/f351179b-4b23-4d70-8278-9799600dc85f 
[2026-02-16T19:05:16.045Z] [INFO] OPTIONS /api/appointments/c5b957cf-b5a8-4486-a1f1-d0a23378f843 
[2026-02-16T19:05:16.046Z] [INFO] PATCH /api/appointments/c5b957cf-b5a8-4486-a1f1-d0a23378f843 
[2026-02-16T19:05:52.923Z] [INFO] GET /api/users/user-111 
[2026-02-16T19:05:52.930Z] [INFO] GET /api/users/f351179b-4b23-4d70-8278-9799600dc85f 
[2026-02-16T19:05:53.909Z] [INFO] OPTIONS /api/appointments/fcddf1af-48b1-4d57-aa07-23db35f48437 
[2026-02-16T19:05:53.910Z] [INFO] PATCH /api/appointments/fcddf1af-48b1-4d57-aa07-23db35f48437 
[2026-02-16T19:05:56.675Z] [INFO] GET /api/users/f351179b-4b23-4d70-8278-9799600dc85f 
[2026-02-16T19:05:56.676Z] [INFO] GET /api/users/user-2 
[2026-02-16T19:05:57.676Z] [INFO] OPTIONS /api/appointments/c5b957cf-b5a8-4486-a1f1-d0a23378f843 
[2026-02-16T19:05:57.677Z] [INFO] PATCH /api/appointments/c5b957cf-b5a8-4486-a1f1-d0a23378f843 
[2026-02-16T19:06:02.254Z] [INFO] GET /api/appointments?userId=user-111 
[2026-02-16T19:06:02.255Z] [INFO] GET /api/assistance?userId=user-111 
[2026-02-16T19:06:04.240Z] [INFO] GET /api/appointments?mechanicId=f351179b-4b23-4d70-8278-9799600dc85f 
[2026-02-16T19:06:04.246Z] [INFO] GET /api/assistance?mechanicId=f351179b-4b23-4d70-8278-9799600dc85f 
[2026-02-16T19:06:04.303Z] [INFO] GET /api/users/f351179b-4b23-4d70-8278-9799600dc85f 
[2026-02-16T19:06:04.396Z] [INFO] GET /api/users/user-2 
[2026-02-16T19:06:05.031Z] [INFO] POST /api/login 
[2026-02-16T19:06:05.151Z] [INFO] GET /api/assistance?userId=user-111&status=pending 
[2026-02-16T19:06:06.351Z] [INFO] GET /api/appointments?userId=user-111 
[2026-02-16T19:06:06.352Z] [INFO] GET /api/assistance?userId=user-111 
[2026-02-16T19:06:07.232Z] [INFO] GET /api/users/f351179b-4b23-4d70-8278-9799600dc85f 
[2026-02-16T19:06:21.727Z] [INFO] GET /api/appointments?userId=user-111 
[2026-02-16T19:06:21.730Z] [INFO] GET /api/assistance?userId=user-111 
[2026-02-16T19:06:22.731Z] [INFO] GET /api/appointments?mechanicId=f351179b-4b23-4d70-8278-9799600dc85f 
[2026-02-16T19:06:22.733Z] [INFO] GET /api/assistance?mechanicId=f351179b-4b23-4d70-8278-9799600dc85f 
[2026-02-16T19:06:22.798Z] [INFO] GET /api/users/f351179b-4b23-4d70-8278-9799600dc85f 
[2026-02-16T19:06:22.800Z] [INFO] GET /api/users/user-2 
[2026-02-16T19:06:39.439Z] [INFO] POST /api/login 
[2026-02-16T19:06:39.590Z] [INFO] GET /api/assistance?userId=user-111&status=pending 
[2026-02-16T19:06:40.691Z] [INFO] GET /api/appointments?userId=user-111 
[2026-02-16T19:06:40.694Z] [INFO] GET /api/assistance?userId=user-111 
[2026-02-16T19:06:41.481Z] [INFO] GET /api/users/f351179b-4b23-4d70-8278-9799600dc85f 
[2026-02-16T19:07:05.013Z] [INFO] GET /api/users/f351179b-4b23-4d70-8278-9799600dc85f 
[2026-02-16T19:07:10.274Z] [INFO] GET /api/appointments?userId=user-111 
[2026-02-16T19:07:10.279Z] [INFO] GET /api/assistance?userId=user-111 
[2026-02-16T19:07:11.784Z] [INFO] GET /api/appointments?mechanicId=f351179b-4b23-4d70-8278-9799600dc85f 
[2026-02-16T19:07:11.787Z] [INFO] GET /api/assistance?mechanicId=f351179b-4b23-4d70-8278-9799600dc85f 
[2026-02-16T19:07:15.815Z] [INFO] GET /api/appointments?mechanicId=f351179b-4b23-4d70-8278-9799600dc85f 
[2026-02-16T19:07:15.817Z] [INFO] GET /api/assistance?mechanicId=f351179b-4b23-4d70-8278-9799600dc85f 
[2026-02-16T19:07:17.508Z] [INFO] OPTIONS /api/login 
[2026-02-16T19:07:17.510Z] [INFO] POST /api/login 
[2026-02-16T19:07:17.592Z] [INFO] GET /api/assistance?status=pending 
[2026-02-16T19:07:18.384Z] [INFO] GET /api/appointments?mechanicId=f351179b-4b23-4d70-8278-9799600dc85f 
[2026-02-16T19:07:18.385Z] [INFO] GET /api/assistance?mechanicId=f351179b-4b23-4d70-8278-9799600dc85f 
[2026-02-16T19:07:43.093Z] [INFO] GET /api/appointments?mechanicId=f351179b-4b23-4d70-8278-9799600dc85f 
[2026-02-16T19:07:43.098Z] [INFO] GET /api/assistance?mechanicId=f351179b-4b23-4d70-8278-9799600dc85f 
[2026-02-16T19:07:56.125Z] [INFO] OPTIONS /api/login 
[2026-02-16T19:07:56.128Z] [INFO] POST /api/login 
[2026-02-16T19:07:56.194Z] [INFO] GET /api/assistance?status=pending 
[2026-02-16T19:08:03.788Z] [INFO] GET /api/assistance?status=pending 
[2026-02-16T19:08:03.796Z] [INFO] GET /api/appointments?mechanicId=f351179b-4b23-4d70-8278-9799600dc85f 
[2026-02-16T19:08:03.800Z] [INFO] GET /api/assistance?mechanicId=f351179b-4b23-4d70-8278-9799600dc85f 
[2026-02-16T19:08:04.644Z] [INFO] GET /api/appointments?mechanicId=f351179b-4b23-4d70-8278-9799600dc85f 
[2026-02-16T19:08:04.645Z] [INFO] GET /api/assistance?mechanicId=f351179b-4b23-4d70-8278-9799600dc85f 
[2026-02-16T19:08:05.768Z] [INFO] GET /api/users/f351179b-4b23-4d70-8278-9799600dc85f 
[2026-02-16T19:08:05.769Z] [INFO] GET /api/users/user-2 
[2026-02-16T19:08:06.771Z] [INFO] OPTIONS /api/appointments/c5b957cf-b5a8-4486-a1f1-d0a23378f843 
[2026-02-16T19:08:06.773Z] [INFO] PATCH /api/appointments/c5b957cf-b5a8-4486-a1f1-d0a23378f843 
[2026-02-16T19:08:15.349Z] [INFO] OPTIONS /api/appointments/c5b957cf-b5a8-4486-a1f1-d0a23378f843 
[2026-02-16T19:08:15.350Z] [INFO] PATCH /api/appointments/c5b957cf-b5a8-4486-a1f1-d0a23378f843 
[2026-02-16T19:08:20.050Z] [INFO] POST /api/login 
[2026-02-16T19:08:20.189Z] [INFO] GET /api/assistance?userId=user-111&status=pending 
[2026-02-16T19:08:21.560Z] [INFO] GET /api/appointments?userId=user-111 
[2026-02-16T19:08:21.562Z] [INFO] GET /api/assistance?userId=user-111 
[2026-02-16T19:08:36.211Z] [INFO] GET /api/appointments?mechanicId=f351179b-4b23-4d70-8278-9799600dc85f 
[2026-02-16T19:08:36.215Z] [INFO] GET /api/assistance?mechanicId=f351179b-4b23-4d70-8278-9799600dc85f 
[2026-02-16T19:08:36.243Z] [INFO] GET /api/users/f351179b-4b23-4d70-8278-9799600dc85f 
[2026-02-16T19:08:36.245Z] [INFO] GET /api/users/user-2 
[2026-02-16T19:08:43.422Z] [INFO] GET /api/assistance?userId=user-111 
[2026-02-16T19:08:43.428Z] [INFO] GET /api/appointments?userId=user-111 
[2026-02-16T19:08:51.730Z] [INFO] GET /api/appointments?mechanicId=f351179b-4b23-4d70-8278-9799600dc85f 
[2026-02-16T19:08:51.735Z] [INFO] GET /api/assistance?mechanicId=f351179b-4b23-4d70-8278-9799600dc85f 
[2026-02-16T19:08:53.079Z] [INFO] GET /api/users/user-2 
[2026-02-16T19:08:53.247Z] [INFO] GET /api/users/f351179b-4b23-4d70-8278-9799600dc85f 
[2026-02-16T19:08:54.077Z] [INFO] OPTIONS /api/appointments/c5b957cf-b5a8-4486-a1f1-d0a23378f843 
[2026-02-16T19:08:54.078Z] [INFO] PATCH /api/appointments/c5b957cf-b5a8-4486-a1f1-d0a23378f843 
[2026-02-16T19:09:11.660Z] [INFO] GET /api/assistance?mechanicId=f351179b-4b23-4d70-8278-9799600dc85f 
[2026-02-16T19:09:11.672Z] [INFO] GET /api/appointments?mechanicId=f351179b-4b23-4d70-8278-9799600dc85f 
[2026-02-16T19:09:11.811Z] [INFO] GET /api/appointments?userId=user-111 
[2026-02-16T19:09:11.812Z] [INFO] GET /api/assistance?userId=user-111 
[2026-02-16T19:09:13.795Z] [INFO] POST /api/login 
[2026-02-16T19:09:13.945Z] [INFO] GET /api/assistance?userId=user-111&status=pending 
[2026-02-16T19:09:16.004Z] [INFO] GET /api/appointments?userId=user-111 
[2026-02-16T19:09:16.005Z] [INFO] GET /api/assistance?userId=user-111 
[2026-02-16T19:09:18.940Z] [INFO] GET /api/appointments?userId=user-111 
[2026-02-16T19:09:18.947Z] [INFO] GET /api/assistance?userId=user-111 
[2026-02-16T19:09:19.856Z] [INFO] GET /api/users/f351179b-4b23-4d70-8278-9799600dc85f 
[2026-02-16T19:09:39.051Z] [INFO] GET /api/users/f351179b-4b23-4d70-8278-9799600dc85f 
[2026-02-16T19:09:39.070Z] [INFO] GET /api/users/user-2 
[2026-02-16T19:09:40.025Z] [INFO] OPTIONS /api/appointments/c5b957cf-b5a8-4486-a1f1-d0a23378f843 
[2026-02-16T19:09:40.027Z] [INFO] PATCH /api/appointments/c5b957cf-b5a8-4486-a1f1-d0a23378f843 
[2026-02-16T19:09:40.249Z] [INFO] GET /api/appointments?mechanicId=f351179b-4b23-4d70-8278-9799600dc85f 
[2026-02-16T19:09:40.250Z] [INFO] GET /api/assistance?mechanicId=f351179b-4b23-4d70-8278-9799600dc85f 
[2026-02-16T19:09:42.478Z] [INFO] GET /api/users/f351179b-4b23-4d70-8278-9799600dc85f 
[2026-02-16T19:09:42.478Z] [INFO] GET /api/users/user-111 
[2026-02-16T19:09:43.480Z] [INFO] OPTIONS /api/appointments/fcddf1af-48b1-4d57-aa07-23db35f48437 
[2026-02-16T19:09:43.481Z] [INFO] PATCH /api/appointments/fcddf1af-48b1-4d57-aa07-23db35f48437 
[2026-02-16T19:09:59.591Z] [INFO] OPTIONS /api/appointments/fcddf1af-48b1-4d57-aa07-23db35f48437 
[2026-02-16T19:09:59.594Z] [INFO] PATCH /api/appointments/fcddf1af-48b1-4d57-aa07-23db35f48437 
[2026-02-16T19:10:13.268Z] [INFO] OPTIONS /api/appointments/fcddf1af-48b1-4d57-aa07-23db35f48437 
[2026-02-16T19:10:13.270Z] [INFO] PATCH /api/appointments/fcddf1af-48b1-4d57-aa07-23db35f48437 
[2026-02-16T19:10:13.885Z] [INFO] GET /api/appointments?mechanicId=f351179b-4b23-4d70-8278-9799600dc85f 
[2026-02-16T19:10:13.886Z] [INFO] GET /api/assistance?mechanicId=f351179b-4b23-4d70-8278-9799600dc85f 
[2026-02-16T19:10:15.438Z] [INFO] GET /api/users/f351179b-4b23-4d70-8278-9799600dc85f 
[2026-02-16T19:10:15.439Z] [INFO] GET /api/users/user-111 
[2026-02-16T19:10:16.439Z] [INFO] PATCH /api/appointments/fcddf1af-48b1-4d57-aa07-23db35f48437 
[2026-02-16T19:11:20.937Z] [INFO] GET /api/assistance?userId=user-111 
[2026-02-16T19:11:20.944Z] [INFO] GET /api/appointments?userId=user-111 
[2026-02-16T19:11:29.741Z] [INFO] GET /api/appointments?mechanicId=f351179b-4b23-4d70-8278-9799600dc85f 
[2026-02-16T19:11:29.742Z] [INFO] GET /api/assistance?mechanicId=f351179b-4b23-4d70-8278-9799600dc85f 
[2026-02-16T19:11:33.565Z] [INFO] OPTIONS /api/login 
[2026-02-16T19:11:33.567Z] [INFO] POST /api/login 
[2026-02-16T19:11:33.665Z] [INFO] GET /api/assistance?status=pending 
[2026-02-16T19:11:34.508Z] [INFO] GET /api/appointments?mechanicId=f351179b-4b23-4d70-8278-9799600dc85f 
[2026-02-16T19:11:34.510Z] [INFO] GET /api/assistance?mechanicId=f351179b-4b23-4d70-8278-9799600dc85f 
[2026-02-16T19:11:36.357Z] [INFO] GET /api/appointments?mechanicId=f351179b-4b23-4d70-8278-9799600dc85f 
[2026-02-16T19:11:36.359Z] [INFO] GET /api/assistance?mechanicId=f351179b-4b23-4d70-8278-9799600dc85f 
[2026-02-16T19:11:41.198Z] [INFO] GET /api/appointments?mechanicId=f351179b-4b23-4d70-8278-9799600dc85f 
[2026-02-16T19:11:41.200Z] [INFO] GET /api/assistance?mechanicId=f351179b-4b23-4d70-8278-9799600dc85f 
[2026-02-16T19:11:43.818Z] [INFO] OPTIONS /api/login 
[2026-02-16T19:11:43.819Z] [INFO] POST /api/login 
[2026-02-16T19:11:43.897Z] [INFO] GET /api/assistance?status=pending 
[2026-02-16T19:11:46.209Z] [INFO] GET /api/appointments?mechanicId=f351179b-4b23-4d70-8278-9799600dc85f 
[2026-02-16T19:11:46.210Z] [INFO] GET /api/assistance?mechanicId=f351179b-4b23-4d70-8278-9799600dc85f 
[2026-02-16T19:11:58.004Z] [INFO] GET /api/appointments?mechanicId=f351179b-4b23-4d70-8278-9799600dc85f 
[2026-02-16T19:11:58.017Z] [INFO] GET /api/assistance?mechanicId=f351179b-4b23-4d70-8278-9799600dc85f 
[2026-02-16T19:12:00.962Z] [INFO] OPTIONS /api/login 
[2026-02-16T19:12:00.963Z] [INFO] POST /api/login 
[2026-02-16T19:12:01.024Z] [INFO] GET /api/assistance?status=pending 
[2026-02-16T19:12:01.906Z] [INFO] GET /api/appointments?mechanicId=f351179b-4b23-4d70-8278-9799600dc85f 
[2026-02-16T19:12:01.908Z] [INFO] GET /api/assistance?mechanicId=f351179b-4b23-4d70-8278-9799600dc85f 
[2026-02-16T19:12:49.089Z] [INFO] GET /api/appointments?mechanicId=f351179b-4b23-4d70-8278-9799600dc85f 
[2026-02-16T19:12:49.095Z] [INFO] GET /api/assistance?mechanicId=f351179b-4b23-4d70-8278-9799600dc85f 
[2026-02-16T19:12:57.066Z] [INFO] GET /api/appointments?mechanicId=f351179b-4b23-4d70-8278-9799600dc85f 
[2026-02-16T19:12:57.070Z] [INFO] GET /api/assistance?mechanicId=f351179b-4b23-4d70-8278-9799600dc85f 
[2026-02-16T19:12:58.801Z] [INFO] OPTIONS /api/login 
[2026-02-16T19:12:58.802Z] [INFO] POST /api/login 
[2026-02-16T19:12:58.877Z] [INFO] GET /api/assistance?status=pending 
[2026-02-16T19:12:59.580Z] [INFO] GET /api/appointments?mechanicId=f351179b-4b23-4d70-8278-9799600dc85f 
[2026-02-16T19:12:59.581Z] [INFO] GET /api/assistance?mechanicId=f351179b-4b23-4d70-8278-9799600dc85f 
[2026-02-16T19:13:00.282Z] [INFO] GET /api/users/f351179b-4b23-4d70-8278-9799600dc85f 
[2026-02-16T19:13:00.284Z] [INFO] GET /api/users/user-2 
[2026-02-16T19:13:01.283Z] [INFO] OPTIONS /api/appointments/c5b957cf-b5a8-4486-a1f1-d0a23378f843 
[2026-02-16T19:13:01.284Z] [INFO] PATCH /api/appointments/c5b957cf-b5a8-4486-a1f1-d0a23378f843 
[2026-02-16T19:13:08.491Z] [INFO] OPTIONS /api/appointments/c5b957cf-b5a8-4486-a1f1-d0a23378f843 
[2026-02-16T19:13:08.493Z] [INFO] PATCH /api/appointments/c5b957cf-b5a8-4486-a1f1-d0a23378f843 
[2026-02-16T19:13:10.458Z] [INFO] PATCH /api/appointments/c5b957cf-b5a8-4486-a1f1-d0a23378f843 
[2026-02-16T19:13:11.937Z] [INFO] PATCH /api/appointments/c5b957cf-b5a8-4486-a1f1-d0a23378f843 
[2026-02-16T19:13:16.330Z] [INFO] OPTIONS /api/appointments/c5b957cf-b5a8-4486-a1f1-d0a23378f843 
[2026-02-16T19:13:16.331Z] [INFO] PATCH /api/appointments/c5b957cf-b5a8-4486-a1f1-d0a23378f843 
[2026-02-16T19:13:16.636Z] [INFO] GET /api/appointments?mechanicId=f351179b-4b23-4d70-8278-9799600dc85f 
[2026-02-16T19:13:16.636Z] [INFO] GET /api/assistance?mechanicId=f351179b-4b23-4d70-8278-9799600dc85f 
[2026-02-16T19:13:18.584Z] [INFO] GET /api/users/f351179b-4b23-4d70-8278-9799600dc85f 
[2026-02-16T19:13:18.588Z] [INFO] GET /api/users/user-2 
[2026-02-16T19:13:19.586Z] [INFO] PATCH /api/appointments/c5b957cf-b5a8-4486-a1f1-d0a23378f843 
[2026-02-16T19:14:55.545Z] [INFO] OPTIONS /api/appointments/c5b957cf-b5a8-4486-a1f1-d0a23378f843 
[2026-02-16T19:14:55.547Z] [INFO] PATCH /api/appointments/c5b957cf-b5a8-4486-a1f1-d0a23378f843 
[2026-02-16T19:15:00.129Z] [INFO] PATCH /api/appointments/c5b957cf-b5a8-4486-a1f1-d0a23378f843 
[2026-02-16T19:15:01.603Z] [INFO] OPTIONS /api/appointments/c5b957cf-b5a8-4486-a1f1-d0a23378f843 
[2026-02-16T19:15:01.604Z] [INFO] PATCH /api/appointments/c5b957cf-b5a8-4486-a1f1-d0a23378f843 
[2026-02-16T19:15:19.279Z] [INFO] GET /api/appointments?mechanicId=f351179b-4b23-4d70-8278-9799600dc85f 
[2026-02-16T19:15:19.281Z] [INFO] GET /api/assistance?mechanicId=f351179b-4b23-4d70-8278-9799600dc85f 
[2026-02-16T19:15:22.661Z] [INFO] GET /api/appointments?mechanicId=f351179b-4b23-4d70-8278-9799600dc85f 
[2026-02-16T19:15:22.662Z] [INFO] GET /api/assistance?mechanicId=f351179b-4b23-4d70-8278-9799600dc85f 
[2026-02-16T19:15:27.589Z] [INFO] GET /api/appointments?mechanicId=f351179b-4b23-4d70-8278-9799600dc85f 
[2026-02-16T19:15:27.589Z] [INFO] GET /api/assistance?mechanicId=f351179b-4b23-4d70-8278-9799600dc85f 
[2026-02-16T19:15:43.057Z] [INFO] GET /api/appointments?mechanicId=f351179b-4b23-4d70-8278-9799600dc85f 
[2026-02-16T19:15:43.058Z] [INFO] GET /api/assistance?mechanicId=f351179b-4b23-4d70-8278-9799600dc85f 
[2026-02-16T19:15:48.023Z] [INFO] GET /api/appointments?mechanicId=f351179b-4b23-4d70-8278-9799600dc85f 
[2026-02-16T19:15:48.024Z] [INFO] GET /api/assistance?mechanicId=f351179b-4b23-4d70-8278-9799600dc85f 
[2026-02-16T19:15:53.515Z] [INFO] POST /api/login 
[2026-02-16T19:15:53.654Z] [INFO] GET /api/assistance?userId=user-111&status=pending 
[2026-02-16T19:15:55.435Z] [INFO] GET /api/appointments?userId=user-111 
[2026-02-16T19:15:55.436Z] [INFO] GET /api/assistance?userId=user-111 
[2026-02-16T19:16:00.060Z] [INFO] GET /api/users/f351179b-4b23-4d70-8278-9799600dc85f 
[2026-02-16T19:16:03.062Z] [INFO] GET /api/appointments?mechanicId=f351179b-4b23-4d70-8278-9799600dc85f 
[2026-02-16T19:16:03.063Z] [INFO] GET /api/assistance?mechanicId=f351179b-4b23-4d70-8278-9799600dc85f 
[2026-02-16T19:16:11.856Z] [INFO] GET /api/users/f351179b-4b23-4d70-8278-9799600dc85f 
[2026-02-16T19:16:11.858Z] [INFO] GET /api/users/user-111 
[2026-02-16T19:16:12.855Z] [INFO] OPTIONS /api/appointments/fcddf1af-48b1-4d57-aa07-23db35f48437 
[2026-02-16T19:16:12.856Z] [INFO] PATCH /api/appointments/fcddf1af-48b1-4d57-aa07-23db35f48437 
[2026-02-16T19:17:09.914Z] [INFO] GET /api/users/f351179b-4b23-4d70-8278-9799600dc85f 
[2026-02-16T19:17:09.920Z] [INFO] GET /api/users/user-111 
[2026-02-16T19:17:09.922Z] [INFO] GET /api/appointments?mechanicId=f351179b-4b23-4d70-8278-9799600dc85f 
[2026-02-16T19:17:09.924Z] [INFO] GET /api/assistance?mechanicId=f351179b-4b23-4d70-8278-9799600dc85f 
[2026-02-16T19:17:10.163Z] [INFO] GET /api/users/f351179b-4b23-4d70-8278-9799600dc85f 
[2026-02-16T19:17:10.164Z] [INFO] GET /api/appointments?userId=user-111 
[2026-02-16T19:17:10.166Z] [INFO] GET /api/assistance?userId=user-111 
[2026-02-16T19:17:10.910Z] [INFO] OPTIONS /api/appointments/fcddf1af-48b1-4d57-aa07-23db35f48437 
[2026-02-16T19:17:10.912Z] [INFO] PATCH /api/appointments/fcddf1af-48b1-4d57-aa07-23db35f48437 
[2026-02-16T19:17:11.680Z] [INFO] GET /api/users/f351179b-4b23-4d70-8278-9799600dc85f 
[2026-02-16T19:17:11.681Z] [INFO] GET /api/users/user-111 
[2026-02-16T19:17:11.685Z] [INFO] GET /api/appointments?mechanicId=f351179b-4b23-4d70-8278-9799600dc85f 
[2026-02-16T19:17:11.685Z] [INFO] GET /api/assistance?mechanicId=f351179b-4b23-4d70-8278-9799600dc85f 
[2026-02-16T19:17:11.809Z] [INFO] GET /api/users/f351179b-4b23-4d70-8278-9799600dc85f 
[2026-02-16T19:17:11.809Z] [INFO] GET /api/appointments?userId=user-111 
[2026-02-16T19:17:11.810Z] [INFO] GET /api/assistance?userId=user-111 
[2026-02-16T19:17:12.684Z] [INFO] PATCH /api/appointments/fcddf1af-48b1-4d57-aa07-23db35f48437 
[2026-02-16T19:17:30.554Z] [INFO] GET /api/appointments?mechanicId=f351179b-4b23-4d70-8278-9799600dc85f 
[2026-02-16T19:17:30.555Z] [INFO] GET /api/assistance?mechanicId=f351179b-4b23-4d70-8278-9799600dc85f 
[2026-02-16T19:17:58.417Z] [INFO] GET /api/appointments?userId=user-111 
[2026-02-16T19:17:58.419Z] [INFO] GET /api/assistance?userId=user-111 
[2026-02-16T19:17:59.635Z] [INFO] GET /api/assistance?userId=user-111&status=pending 
[2026-02-16T19:18:02.675Z] [INFO] GET /api/appointments?userId=user-111 
[2026-02-16T19:18:02.676Z] [INFO] GET /api/assistance?userId=user-111 
[2026-02-16T19:18:05.614Z] [INFO] GET /api/appointments?userId=user-111 
[2026-02-16T19:18:05.614Z] [INFO] GET /api/assistance?userId=user-111 
[2026-02-16T19:18:28.090Z] [INFO] GET /api/appointments?userId=user-111 
[2026-02-16T19:18:28.091Z] [INFO] GET /api/assistance?userId=user-111 
[2026-02-16T19:18:48.682Z] [INFO] POST /api/login 
[2026-02-16T19:18:48.775Z] [INFO] GET /api/assistance?userId=user-111&status=pending 
[2026-02-16T19:18:49.877Z] [INFO] GET /api/appointments?userId=user-111 
[2026-02-16T19:18:49.879Z] [INFO] GET /api/assistance?userId=user-111 
[2026-02-16T19:18:51.925Z] [INFO] GET /api/appointments?userId=user-111 
[2026-02-16T19:18:51.926Z] [INFO] GET /api/assistance?userId=user-111 
[2026-02-16T19:18:52.971Z] [INFO] GET /api/users/f351179b-4b23-4d70-8278-9799600dc85f 
[2026-02-16T19:18:58.333Z] [INFO] GET /api/appointments?userId=user-111 
[2026-02-16T19:18:58.333Z] [INFO] GET /api/assistance?userId=user-111 
[2026-02-16T19:19:11.581Z] [INFO] GET /api/appointments?userId=user-111 
[2026-02-16T19:19:11.584Z] [INFO] GET /api/assistance?userId=user-111 
[2026-02-16T19:19:13.477Z] [INFO] GET /api/appointments?mechanicId=f351179b-4b23-4d70-8278-9799600dc85f 
[2026-02-16T19:19:13.483Z] [INFO] GET /api/assistance?mechanicId=f351179b-4b23-4d70-8278-9799600dc85f 
[2026-02-16T19:19:15.108Z] [INFO] OPTIONS /api/login 
[2026-02-16T19:19:15.109Z] [INFO] POST /api/login 
[2026-02-16T19:19:15.177Z] [INFO] GET /api/assistance?status=pending 
[2026-02-16T19:19:15.967Z] [INFO] GET /api/appointments?mechanicId=f351179b-4b23-4d70-8278-9799600dc85f 
[2026-02-16T19:19:15.968Z] [INFO] GET /api/assistance?mechanicId=f351179b-4b23-4d70-8278-9799600dc85f 
[2026-02-16T19:19:16.878Z] [INFO] GET /api/users/f351179b-4b23-4d70-8278-9799600dc85f 
[2026-02-16T19:19:16.879Z] [INFO] GET /api/users/user-2 
[2026-02-16T19:19:17.881Z] [INFO] OPTIONS /api/appointments/c5b957cf-b5a8-4486-a1f1-d0a23378f843 
[2026-02-16T19:19:17.883Z] [INFO] PATCH /api/appointments/c5b957cf-b5a8-4486-a1f1-d0a23378f843 
[2026-02-16T19:19:34.257Z] [INFO] GET /api/appointments?mechanicId=f351179b-4b23-4d70-8278-9799600dc85f 
[2026-02-16T19:19:34.259Z] [INFO] GET /api/assistance?mechanicId=f351179b-4b23-4d70-8278-9799600dc85f 
[2026-02-16T19:19:34.290Z] [INFO] GET /api/users/f351179b-4b23-4d70-8278-9799600dc85f 
[2026-02-16T19:19:34.291Z] [INFO] GET /api/users/user-2 
[2026-02-16T19:19:46.718Z] [INFO] POST /api/login 
[2026-02-16T19:19:46.826Z] [INFO] GET /api/appointments?mechanicId=f351179b-4b23-4d70-8278-9799600dc85f 
[2026-02-16T19:19:46.839Z] [INFO] GET /api/assistance?mechanicId=f351179b-4b23-4d70-8278-9799600dc85f 
[2026-02-16T19:19:46.897Z] [INFO] GET /api/assistance?status=pending 
[2026-02-16T19:19:48.488Z] [INFO] GET /api/appointments?mechanicId=f351179b-4b23-4d70-8278-9799600dc85f 
[2026-02-16T19:19:48.488Z] [INFO] GET /api/assistance?mechanicId=f351179b-4b23-4d70-8278-9799600dc85f 
[2026-02-16T19:19:49.918Z] [INFO] GET /api/users/f351179b-4b23-4d70-8278-9799600dc85f 
[2026-02-16T19:19:49.919Z] [INFO] GET /api/users/user-2 
[2026-02-16T19:19:50.923Z] [INFO] PATCH /api/appointments/c5b957cf-b5a8-4486-a1f1-d0a23378f843 
[2026-02-16T19:20:00.696Z] [INFO] GET /api/appointments?mechanicId=f351179b-4b23-4d70-8278-9799600dc85f 
[2026-02-16T19:20:00.697Z] [INFO] GET /api/assistance?mechanicId=f351179b-4b23-4d70-8278-9799600dc85f 
[2026-02-16T19:20:01.858Z] [INFO] GET /api/users/user-111 
[2026-02-16T19:20:01.859Z] [INFO] GET /api/users/f351179b-4b23-4d70-8278-9799600dc85f 
[2026-02-16T19:20:02.860Z] [INFO] PATCH /api/appointments/fcddf1af-48b1-4d57-aa07-23db35f48437 
[2026-02-16T19:20:05.314Z] [INFO] GET /api/appointments?mechanicId=f351179b-4b23-4d70-8278-9799600dc85f 
[2026-02-16T19:20:05.315Z] [INFO] GET /api/assistance?mechanicId=f351179b-4b23-4d70-8278-9799600dc85f 
[2026-02-16T19:20:59.022Z] [INFO] GET /api/assistance?mechanicId=f351179b-4b23-4d70-8278-9799600dc85f 
[2026-02-16T19:20:59.023Z] [INFO] GET /api/appointments?mechanicId=f351179b-4b23-4d70-8278-9799600dc85f 
[2026-02-16T19:20:59.063Z] [INFO] GET /api/users/f351179b-4b23-4d70-8278-9799600dc85f 
[2026-02-16T19:20:59.065Z] [INFO] GET /api/users/user-2 
[2026-02-16T19:21:01.679Z] [INFO] GET /api/users/f351179b-4b23-4d70-8278-9799600dc85f 
[2026-02-16T19:21:01.681Z] [INFO] GET /api/users/user-111 
[2026-02-16T19:21:02.675Z] [INFO] PATCH /api/appointments/fcddf1af-48b1-4d57-aa07-23db35f48437 
[2026-02-16T19:21:08.456Z] [INFO] GET /api/appointments?mechanicId=f351179b-4b23-4d70-8278-9799600dc85f 
[2026-02-16T19:21:08.457Z] [INFO] GET /api/assistance?mechanicId=f351179b-4b23-4d70-8278-9799600dc85f 
[2026-02-16T19:21:09.279Z] [INFO] GET /api/users/f351179b-4b23-4d70-8278-9799600dc85f 
[2026-02-16T19:21:09.280Z] [INFO] GET /api/users/user-111 
[2026-02-16T19:21:10.284Z] [INFO] OPTIONS /api/appointments/fcddf1af-48b1-4d57-aa07-23db35f48437 
[2026-02-16T19:21:10.285Z] [INFO] PATCH /api/appointments/fcddf1af-48b1-4d57-aa07-23db35f48437 
[2026-02-16T19:21:12.256Z] [INFO] GET /api/appointments?mechanicId=f351179b-4b23-4d70-8278-9799600dc85f 
[2026-02-16T19:21:12.257Z] [INFO] GET /api/assistance?mechanicId=f351179b-4b23-4d70-8278-9799600dc85f 
[2026-02-16T19:21:25.058Z] [INFO] GET /api/appointments?mechanicId=f351179b-4b23-4d70-8278-9799600dc85f 
[2026-02-16T19:21:25.059Z] [INFO] GET /api/assistance?mechanicId=f351179b-4b23-4d70-8278-9799600dc85f 
[2026-02-16T19:22:15.455Z] [INFO] GET /api/users/f351179b-4b23-4d70-8278-9799600dc85f 
[2026-02-16T19:22:15.457Z] [INFO] GET /api/users/user-2 
[2026-02-16T19:22:16.459Z] [INFO] PATCH /api/appointments/c5b957cf-b5a8-4486-a1f1-d0a23378f843 
[2026-02-16T19:22:20.045Z] [INFO] GET /api/appointments?mechanicId=f351179b-4b23-4d70-8278-9799600dc85f 
[2026-02-16T19:22:20.045Z] [INFO] GET /api/assistance?mechanicId=f351179b-4b23-4d70-8278-9799600dc85f 
[2026-02-16T19:22:25.136Z] [INFO] GET /api/users/f351179b-4b23-4d70-8278-9799600dc85f 
[2026-02-16T19:22:25.137Z] [INFO] GET /api/users/user-2 
[2026-02-16T19:22:26.142Z] [INFO] PATCH /api/appointments/c5b957cf-b5a8-4486-a1f1-d0a23378f843 
[2026-02-16T19:22:33.664Z] [INFO] GET /api/users/f351179b-4b23-4d70-8278-9799600dc85f 
[2026-02-16T19:22:33.665Z] [INFO] GET /api/users/user-2 
[2026-02-16T19:22:34.664Z] [INFO] OPTIONS /api/appointments/c5b957cf-b5a8-4486-a1f1-d0a23378f843 
[2026-02-16T19:22:34.666Z] [INFO] PATCH /api/appointments/c5b957cf-b5a8-4486-a1f1-d0a23378f843 
[2026-02-16T19:22:36.679Z] [INFO] GET /api/assistance?mechanicId=f351179b-4b23-4d70-8278-9799600dc85f 
[2026-02-16T19:22:36.680Z] [INFO] GET /api/appointments?mechanicId=f351179b-4b23-4d70-8278-9799600dc85f 
[2026-02-16T19:22:49.993Z] [INFO] GET /api/appointments?mechanicId=f351179b-4b23-4d70-8278-9799600dc85f 
[2026-02-16T19:22:49.995Z] [INFO] GET /api/assistance?mechanicId=f351179b-4b23-4d70-8278-9799600dc85f 
[2026-02-16T19:23:18.066Z] [INFO] GET /api/assistance?mechanicId=f351179b-4b23-4d70-8278-9799600dc85f 
[2026-02-16T19:23:18.068Z] [INFO] GET /api/appointments?mechanicId=f351179b-4b23-4d70-8278-9799600dc85f 
[2026-02-16T19:23:18.094Z] [INFO] GET /api/users/f351179b-4b23-4d70-8278-9799600dc85f 
[2026-02-16T19:23:18.095Z] [INFO] GET /api/users/user-2 
[2026-02-16T19:23:24.634Z] [INFO] GET /api/appointments?mechanicId=f351179b-4b23-4d70-8278-9799600dc85f 
[2026-02-16T19:23:24.637Z] [INFO] GET /api/assistance?mechanicId=f351179b-4b23-4d70-8278-9799600dc85f 
[2026-02-16T19:23:43.784Z] [INFO] GET /api/users 
[2026-02-16T19:23:43.816Z] [INFO] GET /api/users 
[2026-02-16T19:23:51.651Z] [INFO] GET /api/users/check-phone/%2B17777777777 
[2026-02-16T19:24:42.929Z] [INFO] GET /api/appointments?mechanicId=f351179b-4b23-4d70-8278-9799600dc85f 
[2026-02-16T19:24:42.938Z] [INFO] GET /api/assistance?mechanicId=f351179b-4b23-4d70-8278-9799600dc85f 
[2026-02-16T19:27:31.470Z] [INFO] GET /api/appointments?mechanicId=f351179b-4b23-4d70-8278-9799600dc85f 
[2026-02-16T19:27:31.480Z] [INFO] GET /api/assistance?mechanicId=f351179b-4b23-4d70-8278-9799600dc85f 
[2026-02-16T19:28:01.306Z] [INFO] POST /api/login 
[2026-02-16T19:28:01.447Z] [INFO] GET /api/assistance?status=pending 
[2026-02-16T19:28:02.679Z] [INFO] GET /api/appointments?mechanicId=f351179b-4b23-4d70-8278-9799600dc85f 
[2026-02-16T19:28:02.691Z] [INFO] GET /api/assistance?mechanicId=f351179b-4b23-4d70-8278-9799600dc85f 
[2026-02-16T19:28:19.948Z] [INFO] GET /api/users/check-phone/%2B13333333333 
[2026-02-16T19:31:22.019Z] [INFO] GET /api/users/check-phone/%2B17777777777 
[2026-02-16T19:32:44.525Z] [INFO] POST /api/login 
[2026-02-16T19:32:44.660Z] [INFO] GET /api/appointments?mechanicId=f351179b-4b23-4d70-8278-9799600dc85f 
[2026-02-16T19:32:44.663Z] [INFO] GET /api/assistance?mechanicId=f351179b-4b23-4d70-8278-9799600dc85f 
[2026-02-16T19:32:44.722Z] [INFO] GET /api/assistance?status=pending 
[2026-02-16T19:32:45.794Z] [INFO] GET /api/appointments?mechanicId=f351179b-4b23-4d70-8278-9799600dc85f 
[2026-02-16T19:32:45.794Z] [INFO] GET /api/assistance?mechanicId=f351179b-4b23-4d70-8278-9799600dc85f 
[2026-02-16T19:32:47.642Z] [INFO] GET /api/users/f351179b-4b23-4d70-8278-9799600dc85f 
[2026-02-16T19:32:47.645Z] [INFO] GET /api/users/user-2 
[2026-02-16T19:32:48.644Z] [INFO] PATCH /api/appointments/c5b957cf-b5a8-4486-a1f1-d0a23378f843 
[2026-02-16T19:32:53.573Z] [INFO] GET /api/appointments?mechanicId=f351179b-4b23-4d70-8278-9799600dc85f 
[2026-02-16T19:32:53.577Z] [INFO] GET /api/assistance?mechanicId=f351179b-4b23-4d70-8278-9799600dc85f 
[2026-02-16T19:33:11.040Z] [INFO] OPTIONS /api/login 
[2026-02-16T19:33:11.042Z] [INFO] POST /api/login 
[2026-02-16T19:33:11.089Z] [INFO] GET /api/appointments?mechanicId=f351179b-4b23-4d70-8278-9799600dc85f 
[2026-02-16T19:33:11.090Z] [INFO] GET /api/assistance?mechanicId=f351179b-4b23-4d70-8278-9799600dc85f 
[2026-02-16T19:33:11.131Z] [INFO] GET /api/assistance?status=pending 
[2026-02-16T19:33:33.822Z] [INFO] OPTIONS /api/login 
[2026-02-16T19:33:33.824Z] [INFO] POST /api/login 
[2026-02-16T19:33:33.873Z] [INFO] GET /api/assistance?userId=user-111 
[2026-02-16T19:33:33.874Z] [INFO] GET /api/appointments?userId=user-111 
[2026-02-16T19:33:33.900Z] [INFO] GET /api/assistance?userId=user-111&status=pending 
[2026-02-16T19:33:34.919Z] [INFO] GET /api/appointments?userId=user-111 
[2026-02-16T19:33:34.919Z] [INFO] GET /api/assistance?userId=user-111 
[2026-02-16T19:33:35.777Z] [INFO] GET /api/users/f351179b-4b23-4d70-8278-9799600dc85f 
[2026-02-16T19:33:38.742Z] [INFO] GET /api/appointments?userId=user-111 
[2026-02-16T19:33:38.743Z] [INFO] GET /api/assistance?userId=user-111 
[2026-02-16T19:33:51.736Z] [INFO] GET /api/users/check-phone/%2B17777777777 
[2026-02-16T19:34:19.964Z] [INFO] OPTIONS /api/users 
[2026-02-16T19:34:19.968Z] [INFO] POST /api/users 
[2026-02-16T19:34:37.769Z] [INFO] POST /api/login 
[2026-02-16T19:34:44.384Z] [INFO] GET /api/users/check-phone/%2B17777777777 
[2026-02-16T19:36:33.282Z] [INFO] GET /api/users 
[2026-02-16T19:36:33.314Z] [INFO] GET /api/users 
[2026-02-16T19:37:39.971Z] [INFO] GET /api/users/check-phone/%2B17777777777 
[2026-02-16T19:38:28.589Z] [INFO] GET /api/users/check-phone/%2B17777777777 
[2026-02-16T19:38:54.810Z] [INFO] GET /api/users/check-phone/%2B17777777777 
[2026-02-16T19:39:14.779Z] [INFO] OPTIONS /api/users 
[2026-02-16T19:39:14.782Z] [INFO] POST /api/users 
[2026-02-16T19:39:22.231Z] [INFO] GET /api/users 
[2026-02-16T19:39:22.290Z] [INFO] GET /api/users 
[2026-02-16T19:39:26.799Z] [INFO] GET /api/users?role=user 
[2026-02-16T19:39:31.616Z] [INFO] GET /api/users?role=mechanic 
[2026-02-16T19:39:38.338Z] [INFO] OPTIONS /api/login 
[2026-02-16T19:39:38.339Z] [INFO] POST /api/login 
[2026-02-16T19:39:38.395Z] [INFO] GET /api/appointments?mechanicId=af73990a-bf31-4f68-8767-e14c23236b2c 
[2026-02-16T19:39:38.396Z] [INFO] GET /api/assistance?mechanicId=af73990a-bf31-4f68-8767-e14c23236b2c 
[2026-02-16T19:39:38.429Z] [INFO] GET /api/assistance?status=pending 
[2026-02-16T19:40:14.015Z] [INFO] GET /api/appointments?mechanicId=af73990a-bf31-4f68-8767-e14c23236b2c 
[2026-02-16T19:40:14.033Z] [INFO] GET /api/assistance?mechanicId=af73990a-bf31-4f68-8767-e14c23236b2c 
[2026-02-16T19:40:20.942Z] [INFO] GET /api/users/check-phone/%2B17777856666 
[2026-02-16T19:40:59.714Z] [INFO] OPTIONS /api/login 
[2026-02-16T19:40:59.716Z] [INFO] POST /api/login 
[2026-02-16T19:40:59.784Z] [INFO] GET /api/assistance?status=pending 
[2026-02-16T19:41:00.640Z] [INFO] GET /api/appointments?mechanicId=af73990a-bf31-4f68-8767-e14c23236b2c 
[2026-02-16T19:41:00.642Z] [INFO] GET /api/assistance?mechanicId=af73990a-bf31-4f68-8767-e14c23236b2c 
[2026-02-16T19:41:20.395Z] [INFO] GET /api/appointments?mechanicId=af73990a-bf31-4f68-8767-e14c23236b2c 
[2026-02-16T19:41:20.396Z] [INFO] GET /api/assistance?mechanicId=af73990a-bf31-4f68-8767-e14c23236b2c 
[2026-02-16T19:42:19.645Z] [INFO] GET /api/users/check-phone/%2B15555888888 
[2026-02-16T19:43:27.760Z] [INFO] GET /api/users/check-phone/%2B15555555559 
[2026-02-16T19:44:48.802Z] [INFO] GET /api/users/check-phone/%2B15555554444 
[2026-02-16T19:45:03.802Z] [INFO] GET /api/users/check-phone/%2B19999999999 
[2026-02-16T19:47:35.461Z] [INFO] GET /api/users/check-phone/%2B19999999999 
[2026-02-16T19:48:30.776Z] [INFO] POST /api/login 
[2026-02-16T19:48:30.864Z] [INFO] GET /api/appointments?mechanicId=f351179b-4b23-4d70-8278-9799600dc85f 
[2026-02-16T19:48:30.873Z] [INFO] GET /api/assistance?mechanicId=f351179b-4b23-4d70-8278-9799600dc85f 
[2026-02-16T19:48:30.935Z] [INFO] GET /api/assistance?status=pending 
[2026-02-16T19:48:32.166Z] [INFO] GET /api/appointments?mechanicId=f351179b-4b23-4d70-8278-9799600dc85f 
[2026-02-16T19:48:32.167Z] [INFO] GET /api/assistance?mechanicId=f351179b-4b23-4d70-8278-9799600dc85f 
[2026-02-16T19:48:34.532Z] [INFO] GET /api/appointments?mechanicId=f351179b-4b23-4d70-8278-9799600dc85f 
[2026-02-16T19:48:34.534Z] [INFO] GET /api/assistance?mechanicId=f351179b-4b23-4d70-8278-9799600dc85f 
[2026-02-16T19:48:35.437Z] [INFO] GET /api/users/f351179b-4b23-4d70-8278-9799600dc85f 
[2026-02-16T19:48:35.439Z] [INFO] GET /api/users/user-2 
[2026-02-16T19:48:36.449Z] [INFO] PATCH /api/appointments/c5b957cf-b5a8-4486-a1f1-d0a23378f843 
[2026-02-16T19:48:39.107Z] [INFO] GET /api/appointments?mechanicId=f351179b-4b23-4d70-8278-9799600dc85f 
[2026-02-16T19:48:39.107Z] [INFO] GET /api/assistance?mechanicId=f351179b-4b23-4d70-8278-9799600dc85f 
[2026-02-16T19:50:11.289Z] [INFO] GET /api/users/check-phone/%2B19999999999 
[2026-02-16T19:50:31.563Z] [INFO] GET /api/assistance?mechanicId=af73990a-bf31-4f68-8767-e14c23236b2c 
[2026-02-16T19:50:31.565Z] [INFO] GET /api/appointments?mechanicId=af73990a-bf31-4f68-8767-e14c23236b2c 
[2026-02-16T19:51:46.760Z] [INFO] POST /api/login 
[2026-02-16T19:51:46.868Z] [INFO] GET /api/appointments?mechanicId=f351179b-4b23-4d70-8278-9799600dc85f 
[2026-02-16T19:51:46.872Z] [INFO] GET /api/assistance?mechanicId=f351179b-4b23-4d70-8278-9799600dc85f 
[2026-02-16T19:51:46.930Z] [INFO] GET /api/assistance?status=pending 
[2026-02-16T19:51:48.194Z] [INFO] GET /api/appointments?mechanicId=f351179b-4b23-4d70-8278-9799600dc85f 
[2026-02-16T19:51:48.194Z] [INFO] GET /api/assistance?mechanicId=f351179b-4b23-4d70-8278-9799600dc85f 
[2026-02-16T19:51:50.124Z] [INFO] GET /api/users/f351179b-4b23-4d70-8278-9799600dc85f 
[2026-02-16T19:51:50.125Z] [INFO] GET /api/users/user-2 
[2026-02-16T19:51:51.132Z] [INFO] PATCH /api/appointments/c5b957cf-b5a8-4486-a1f1-d0a23378f843 
[2026-02-16T19:51:53.729Z] [INFO] GET /api/appointments?mechanicId=f351179b-4b23-4d70-8278-9799600dc85f 
[2026-02-16T19:51:53.729Z] [INFO] GET /api/assistance?mechanicId=f351179b-4b23-4d70-8278-9799600dc85f 
[2026-02-16T19:51:56.358Z] [INFO] GET /api/appointments?mechanicId=f351179b-4b23-4d70-8278-9799600dc85f 
[2026-02-16T19:51:56.359Z] [INFO] GET /api/assistance?mechanicId=f351179b-4b23-4d70-8278-9799600dc85f 
[2026-02-16T19:51:57.485Z] [INFO] GET /api/appointments?mechanicId=f351179b-4b23-4d70-8278-9799600dc85f 
[2026-02-16T19:51:57.486Z] [INFO] GET /api/assistance?mechanicId=f351179b-4b23-4d70-8278-9799600dc85f 
[2026-02-16T19:52:12.156Z] [INFO] GET /api/users/f351179b-4b23-4d70-8278-9799600dc85f 
[2026-02-16T19:52:12.163Z] [INFO] GET /api/users/user-111 
[2026-02-16T19:52:13.150Z] [INFO] PATCH /api/appointments/fcddf1af-48b1-4d57-aa07-23db35f48437 
[2026-02-16T19:52:16.808Z] [INFO] GET /api/appointments?mechanicId=f351179b-4b23-4d70-8278-9799600dc85f 
[2026-02-16T19:52:16.810Z] [INFO] GET /api/assistance?mechanicId=f351179b-4b23-4d70-8278-9799600dc85f 
[2026-02-16T19:52:17.427Z] [INFO] GET /api/assistance?mechanicId=af73990a-bf31-4f68-8767-e14c23236b2c 
[2026-02-16T19:52:17.428Z] [INFO] GET /api/appointments?mechanicId=af73990a-bf31-4f68-8767-e14c23236b2c 
[2026-02-16T19:52:22.826Z] [INFO] GET /api/appointments?mechanicId=af73990a-bf31-4f68-8767-e14c23236b2c 
[2026-02-16T19:52:22.827Z] [INFO] GET /api/assistance?mechanicId=af73990a-bf31-4f68-8767-e14c23236b2c 
[2026-02-16T19:52:27.568Z] [INFO] GET /api/users/check-phone/%2B16999999999 
[2026-02-16T19:52:43.553Z] [INFO] GET /api/users/check-phone/%2B19999999999 
[2026-02-16T19:53:35.198Z] [INFO] GET /api/appointments?mechanicId=f351179b-4b23-4d70-8278-9799600dc85f 
[2026-02-16T19:53:35.218Z] [INFO] GET /api/assistance?mechanicId=f351179b-4b23-4d70-8278-9799600dc85f 
[2026-02-16T19:53:35.221Z] [INFO] GET /api/appointments?mechanicId=af73990a-bf31-4f68-8767-e14c23236b2c 
[2026-02-16T19:53:35.222Z] [INFO] GET /api/assistance?mechanicId=af73990a-bf31-4f68-8767-e14c23236b2c 
[2026-02-16T19:54:03.586Z] [INFO] GET /api/users/check-phone/%2B19999999666 
[2026-02-16T19:54:28.055Z] [INFO] GET /api/appointments?mechanicId=f351179b-4b23-4d70-8278-9799600dc85f 
[2026-02-16T19:54:28.059Z] [INFO] GET /api/assistance?mechanicId=f351179b-4b23-4d70-8278-9799600dc85f 
[2026-02-16T19:54:28.508Z] [INFO] GET /api/appointments?mechanicId=af73990a-bf31-4f68-8767-e14c23236b2c 
[2026-02-16T19:54:28.509Z] [INFO] GET /api/assistance?mechanicId=af73990a-bf31-4f68-8767-e14c23236b2c 
[2026-02-16T19:54:35.891Z] [INFO] GET /api/users/check-phone/%2B19999999555 
[2026-02-16T19:57:22.363Z] [INFO] POST /api/login 
[2026-02-16T19:57:22.472Z] [INFO] GET /api/assistance?status=pending 
[2026-02-16T19:57:23.648Z] [INFO] GET /api/appointments?mechanicId=f351179b-4b23-4d70-8278-9799600dc85f 
[2026-02-16T19:57:23.650Z] [INFO] GET /api/assistance?mechanicId=f351179b-4b23-4d70-8278-9799600dc85f 
[2026-02-16T19:57:25.466Z] [INFO] GET /api/users/f351179b-4b23-4d70-8278-9799600dc85f 
[2026-02-16T19:57:25.467Z] [INFO] GET /api/users/user-2 
[2026-02-16T19:57:26.469Z] [INFO] PATCH /api/appointments/c5b957cf-b5a8-4486-a1f1-d0a23378f843 
[2026-02-16T19:57:28.324Z] [INFO] GET /api/appointments?mechanicId=f351179b-4b23-4d70-8278-9799600dc85f 
[2026-02-16T19:57:28.325Z] [INFO] GET /api/assistance?mechanicId=f351179b-4b23-4d70-8278-9799600dc85f 
[2026-02-16T19:57:32.327Z] [INFO] GET /api/assistance?status=pending 
[2026-02-16T19:57:33.440Z] [INFO] GET /api/assistance?status=pending 
[2026-02-16T19:57:34.705Z] [INFO] GET /api/assistance?status=pending 
[2026-02-16T19:57:42.906Z] [INFO] POST /api/login 
[2026-02-16T19:57:42.975Z] [INFO] GET /api/appointments?userId=user-111 
[2026-02-16T19:57:42.976Z] [INFO] GET /api/assistance?userId=user-111 
[2026-02-16T19:57:43.025Z] [INFO] GET /api/assistance?userId=user-111&status=pending 
[2026-02-16T19:57:43.963Z] [INFO] GET /api/appointments?userId=user-111 
[2026-02-16T19:57:43.964Z] [INFO] GET /api/assistance?userId=user-111 
[2026-02-16T19:57:44.733Z] [INFO] GET /api/users/f351179b-4b23-4d70-8278-9799600dc85f 
[2026-02-16T19:57:52.314Z] [INFO] GET /api/appointments?userId=user-111 
[2026-02-16T19:57:52.315Z] [INFO] GET /api/assistance?userId=user-111 
[2026-02-16T19:57:57.513Z] [INFO] GET /api/vehicles/user-111 
[2026-02-16T19:58:29.007Z] [INFO] GET /api/appointments?mechanicId=af73990a-bf31-4f68-8767-e14c23236b2c 
[2026-02-16T19:58:29.008Z] [INFO] GET /api/assistance?mechanicId=af73990a-bf31-4f68-8767-e14c23236b2c 
[2026-02-16T19:58:43.841Z] [INFO] GET /api/users/check-phone/%2B19999999999 
[2026-02-16T19:58:44.628Z] [INFO] GET /api/appointments?userId=user-111 
[2026-02-16T19:58:44.630Z] [INFO] GET /api/assistance?userId=user-111 
[2026-02-16T19:58:57.552Z] [INFO] GET /api/users 
[2026-02-16T19:58:57.581Z] [INFO] GET /api/users 
[2026-02-16T19:59:29.452Z] [INFO] OPTIONS /api/users 
[2026-02-16T19:59:29.453Z] [INFO] POST /api/users 
[2026-02-16T19:59:32.144Z] [INFO] OPTIONS /api/login 
[2026-02-16T19:59:32.144Z] [INFO] POST /api/login 
[2026-02-16T19:59:32.203Z] [INFO] GET /api/assistance?status=pending 
[2026-02-16T19:59:44.468Z] [INFO] OPTIONS /api/login 
[2026-02-16T19:59:44.469Z] [INFO] POST /api/login 
[2026-02-16T19:59:44.497Z] [INFO] GET /api/appointments?mechanicId=c0189cef-dfe6-4e31-bd4c-738bbbdd2e4a 
[2026-02-16T19:59:44.498Z] [INFO] GET /api/assistance?mechanicId=c0189cef-dfe6-4e31-bd4c-738bbbdd2e4a 
[2026-02-16T19:59:44.522Z] [INFO] GET /api/assistance?zip=33327&status=pending 
[2026-02-16T19:59:59.172Z] [INFO] GET /api/users/check-phone/%2B17777777779 
[2026-02-16T20:00:43.532Z] [INFO] POST /api/users 
[2026-02-16T20:00:50.310Z] [INFO] POST /api/login 
[2026-02-16T20:00:50.359Z] [INFO] GET /api/appointments?userId=1e37680f-307c-4300-bed5-32b15da8ff3e 
[2026-02-16T20:00:50.362Z] [INFO] GET /api/assistance?userId=1e37680f-307c-4300-bed5-32b15da8ff3e 
[2026-02-16T20:00:50.417Z] [INFO] GET /api/assistance?userId=1e37680f-307c-4300-bed5-32b15da8ff3e&status=pending 
[2026-02-16T20:00:54.933Z] [INFO] GET /api/appointments?userId=1e37680f-307c-4300-bed5-32b15da8ff3e 
[2026-02-16T20:00:54.934Z] [INFO] GET /api/assistance?userId=1e37680f-307c-4300-bed5-32b15da8ff3e 
[2026-02-16T20:00:58.668Z] [INFO] GET /api/vehicles/1e37680f-307c-4300-bed5-32b15da8ff3e 
[2026-02-16T20:01:10.641Z] [INFO] POST /api/assistance 
[2026-02-16T20:01:14.569Z] [INFO] GET /api/appointments?mechanicId=c0189cef-dfe6-4e31-bd4c-738bbbdd2e4a 
[2026-02-16T20:01:14.570Z] [INFO] GET /api/assistance?mechanicId=c0189cef-dfe6-4e31-bd4c-738bbbdd2e4a 
[2026-02-16T20:01:21.888Z] [INFO] GET /api/appointments?mechanicId=c0189cef-dfe6-4e31-bd4c-738bbbdd2e4a 
[2026-02-16T20:01:21.889Z] [INFO] GET /api/assistance?mechanicId=c0189cef-dfe6-4e31-bd4c-738bbbdd2e4a 
[2026-02-16T20:01:25.803Z] [INFO] OPTIONS /api/login 
[2026-02-16T20:01:25.804Z] [INFO] POST /api/login 
[2026-02-16T20:01:25.846Z] [INFO] GET /api/appointments?mechanicId=c0189cef-dfe6-4e31-bd4c-738bbbdd2e4a 
[2026-02-16T20:01:25.847Z] [INFO] GET /api/assistance?mechanicId=c0189cef-dfe6-4e31-bd4c-738bbbdd2e4a 
[2026-02-16T20:01:25.870Z] [INFO] GET /api/assistance?zip=33327&status=pending 
[2026-02-16T20:01:29.830Z] [INFO] OPTIONS /api/assistance/7e74bae4-c197-45fc-8679-cc6b5f1fcc83 
[2026-02-16T20:01:29.831Z] [INFO] PATCH /api/assistance/7e74bae4-c197-45fc-8679-cc6b5f1fcc83 
[2026-02-16T20:01:30.550Z] [INFO] GET /api/assistance?zip=33327&status=pending 
[2026-02-16T20:01:30.580Z] [INFO] GET /api/appointments?mechanicId=c0189cef-dfe6-4e31-bd4c-738bbbdd2e4a 
[2026-02-16T20:01:30.583Z] [INFO] GET /api/assistance?mechanicId=c0189cef-dfe6-4e31-bd4c-738bbbdd2e4a 
[2026-02-16T20:01:31.867Z] [INFO] GET /api/assistance?zip=33327&status=pending 
[2026-02-16T20:01:37.597Z] [INFO] GET /api/appointments?userId=1e37680f-307c-4300-bed5-32b15da8ff3e 
[2026-02-16T20:01:37.598Z] [INFO] GET /api/assistance?userId=1e37680f-307c-4300-bed5-32b15da8ff3e 
[2026-02-16T20:01:39.566Z] [INFO] GET /api/users/c0189cef-dfe6-4e31-bd4c-738bbbdd2e4a 
[2026-02-16T20:01:49.075Z] [INFO] GET /api/appointments?mechanicId=c0189cef-dfe6-4e31-bd4c-738bbbdd2e4a 
[2026-02-16T20:01:49.076Z] [INFO] GET /api/assistance?mechanicId=c0189cef-dfe6-4e31-bd4c-738bbbdd2e4a 
[2026-02-16T20:03:18.434Z] [INFO] GET /api/appointments?userId=1e37680f-307c-4300-bed5-32b15da8ff3e 
[2026-02-16T20:03:18.442Z] [INFO] GET /api/assistance?userId=1e37680f-307c-4300-bed5-32b15da8ff3e 
[2026-02-16T20:03:29.473Z] [INFO] POST /api/login 
[2026-02-16T20:03:29.677Z] [INFO] GET /api/assistance?zip=33327&status=pending 
[2026-02-16T20:03:29.680Z] [INFO] GET /api/vehicles/c0189cef-dfe6-4e31-bd4c-738bbbdd2e4a 
[2026-02-16T20:03:29.681Z] [INFO] GET /api/appointments?mechanicId=c0189cef-dfe6-4e31-bd4c-738bbbdd2e4a 
[2026-02-16T20:03:29.683Z] [INFO] GET /api/assistance?mechanicId=c0189cef-dfe6-4e31-bd4c-738bbbdd2e4a 
[2026-02-16T20:03:29.756Z] [INFO] GET /api/assistance?zip=33327&status=pending 
[2026-02-16T20:03:31.930Z] [INFO] GET /api/appointments?mechanicId=c0189cef-dfe6-4e31-bd4c-738bbbdd2e4a 
[2026-02-16T20:03:31.932Z] [INFO] GET /api/assistance?mechanicId=c0189cef-dfe6-4e31-bd4c-738bbbdd2e4a 
[2026-02-16T20:03:32.701Z] [INFO] GET /api/users/1e37680f-307c-4300-bed5-32b15da8ff3e 
[2026-02-16T20:03:32.702Z] [INFO] GET /api/users/c0189cef-dfe6-4e31-bd4c-738bbbdd2e4a 
[2026-02-16T20:03:33.705Z] [INFO] PATCH /api/appointments/7e74bae4-c197-45fc-8679-cc6b5f1fcc83 
[2026-02-16T20:03:39.832Z] [INFO] GET /api/appointments?mechanicId=c0189cef-dfe6-4e31-bd4c-738bbbdd2e4a 
[2026-02-16T20:03:39.833Z] [INFO] GET /api/assistance?mechanicId=c0189cef-dfe6-4e31-bd4c-738bbbdd2e4a 
[2026-02-16T20:03:42.716Z] [INFO] GET /api/appointments?mechanicId=c0189cef-dfe6-4e31-bd4c-738bbbdd2e4a 
[2026-02-16T20:03:42.718Z] [INFO] GET /api/assistance?mechanicId=c0189cef-dfe6-4e31-bd4c-738bbbdd2e4a 
[2026-02-16T20:03:44.535Z] [INFO] OPTIONS /api/login 
[2026-02-16T20:03:44.536Z] [INFO] POST /api/login 
[2026-02-16T20:03:44.599Z] [INFO] GET /api/assistance?zip=33327&status=pending 
[2026-02-16T20:03:45.478Z] [INFO] GET /api/appointments?mechanicId=c0189cef-dfe6-4e31-bd4c-738bbbdd2e4a 
[2026-02-16T20:03:45.479Z] [INFO] GET /api/assistance?mechanicId=c0189cef-dfe6-4e31-bd4c-738bbbdd2e4a 
[2026-02-16T20:03:57.077Z] [INFO] GET /api/appointments?mechanicId=c0189cef-dfe6-4e31-bd4c-738bbbdd2e4a 
[2026-02-16T20:03:57.079Z] [INFO] GET /api/assistance?mechanicId=c0189cef-dfe6-4e31-bd4c-738bbbdd2e4a 
[2026-02-16T20:03:59.270Z] [INFO] GET /api/appointments?mechanicId=c0189cef-dfe6-4e31-bd4c-738bbbdd2e4a 
[2026-02-16T20:03:59.270Z] [INFO] GET /api/assistance?mechanicId=c0189cef-dfe6-4e31-bd4c-738bbbdd2e4a 
[2026-02-16T20:04:04.028Z] [INFO] GET /api/appointments?mechanicId=c0189cef-dfe6-4e31-bd4c-738bbbdd2e4a 
[2026-02-16T20:04:04.029Z] [INFO] GET /api/assistance?mechanicId=c0189cef-dfe6-4e31-bd4c-738bbbdd2e4a 
[2026-02-16T20:04:06.961Z] [INFO] GET /api/appointments?mechanicId=c0189cef-dfe6-4e31-bd4c-738bbbdd2e4a 
[2026-02-16T20:04:06.965Z] [INFO] GET /api/assistance?mechanicId=c0189cef-dfe6-4e31-bd4c-738bbbdd2e4a 
[2026-02-16T20:05:00.328Z] [INFO] GET /api/assistance?mechanicId=c0189cef-dfe6-4e31-bd4c-738bbbdd2e4a 
[2026-02-16T20:05:00.337Z] [INFO] GET /api/appointments?mechanicId=c0189cef-dfe6-4e31-bd4c-738bbbdd2e4a 
[2026-02-16T20:05:01.908Z] [INFO] OPTIONS /api/login 
[2026-02-16T20:05:01.912Z] [INFO] POST /api/login 
[2026-02-16T20:05:01.989Z] [INFO] GET /api/assistance?zip=33327&status=pending 
[2026-02-16T20:05:03.404Z] [INFO] GET /api/appointments?mechanicId=c0189cef-dfe6-4e31-bd4c-738bbbdd2e4a 
[2026-02-16T20:05:03.405Z] [INFO] GET /api/assistance?mechanicId=c0189cef-dfe6-4e31-bd4c-738bbbdd2e4a 
[2026-02-16T20:05:08.917Z] [INFO] GET /api/appointments?mechanicId=c0189cef-dfe6-4e31-bd4c-738bbbdd2e4a 
[2026-02-16T20:05:08.920Z] [INFO] GET /api/assistance?mechanicId=c0189cef-dfe6-4e31-bd4c-738bbbdd2e4a 
[2026-02-16T20:05:10.152Z] [INFO] OPTIONS /api/login 
[2026-02-16T20:05:10.153Z] [INFO] POST /api/login 
[2026-02-16T20:05:10.221Z] [INFO] GET /api/assistance?zip=33327&status=pending 
[2026-02-16T20:05:24.075Z] [INFO] GET /api/appointments?mechanicId=c0189cef-dfe6-4e31-bd4c-738bbbdd2e4a 
[2026-02-16T20:05:24.076Z] [INFO] GET /api/assistance?mechanicId=c0189cef-dfe6-4e31-bd4c-738bbbdd2e4a 
[2026-02-16T20:06:18.618Z] [INFO] GET /api/appointments?mechanicId=c0189cef-dfe6-4e31-bd4c-738bbbdd2e4a 
[2026-02-16T20:06:18.619Z] [INFO] GET /api/assistance?mechanicId=c0189cef-dfe6-4e31-bd4c-738bbbdd2e4a 
[2026-02-16T20:06:27.099Z] [INFO] GET /api/assistance?mechanicId=c0189cef-dfe6-4e31-bd4c-738bbbdd2e4a 
[2026-02-16T20:06:27.106Z] [INFO] GET /api/appointments?mechanicId=c0189cef-dfe6-4e31-bd4c-738bbbdd2e4a 
[2026-02-16T20:06:35.653Z] [INFO] OPTIONS /api/login 
[2026-02-16T20:06:35.655Z] [INFO] POST /api/login 
[2026-02-16T20:06:35.713Z] [INFO] GET /api/assistance?zip=33327&status=pending 
[2026-02-16T20:06:36.603Z] [INFO] GET /api/appointments?mechanicId=c0189cef-dfe6-4e31-bd4c-738bbbdd2e4a 
[2026-02-16T20:06:36.604Z] [INFO] GET /api/assistance?mechanicId=c0189cef-dfe6-4e31-bd4c-738bbbdd2e4a 
[2026-02-16T20:06:37.349Z] [INFO] GET /api/users/c0189cef-dfe6-4e31-bd4c-738bbbdd2e4a 
[2026-02-16T20:06:37.350Z] [INFO] GET /api/users/1e37680f-307c-4300-bed5-32b15da8ff3e 
[2026-02-16T20:06:38.351Z] [INFO] OPTIONS /api/appointments/7e74bae4-c197-45fc-8679-cc6b5f1fcc83 
[2026-02-16T20:06:38.352Z] [INFO] PATCH /api/appointments/7e74bae4-c197-45fc-8679-cc6b5f1fcc83 
[2026-02-16T20:06:43.251Z] [INFO] POST /api/login 
[2026-02-16T20:06:43.360Z] [INFO] GET /api/assistance?zip=33327&status=pending 
[2026-02-16T20:06:44.292Z] [INFO] GET /api/appointments?mechanicId=c0189cef-dfe6-4e31-bd4c-738bbbdd2e4a 
[2026-02-16T20:06:44.294Z] [INFO] GET /api/assistance?mechanicId=c0189cef-dfe6-4e31-bd4c-738bbbdd2e4a 
[2026-02-16T20:06:45.188Z] [INFO] GET /api/users/c0189cef-dfe6-4e31-bd4c-738bbbdd2e4a 
[2026-02-16T20:06:45.189Z] [INFO] GET /api/users/1e37680f-307c-4300-bed5-32b15da8ff3e 
[2026-02-16T20:06:46.203Z] [INFO] PATCH /api/appointments/7e74bae4-c197-45fc-8679-cc6b5f1fcc83 
[2026-02-16T20:06:47.529Z] [INFO] GET /api/appointments?mechanicId=c0189cef-dfe6-4e31-bd4c-738bbbdd2e4a 
[2026-02-16T20:06:47.530Z] [INFO] GET /api/assistance?mechanicId=c0189cef-dfe6-4e31-bd4c-738bbbdd2e4a 
[2026-02-16T20:06:50.368Z] [INFO] GET /api/appointments?mechanicId=c0189cef-dfe6-4e31-bd4c-738bbbdd2e4a 
[2026-02-16T20:06:50.369Z] [INFO] GET /api/assistance?mechanicId=c0189cef-dfe6-4e31-bd4c-738bbbdd2e4a 
[2026-02-16T20:06:59.367Z] [INFO] GET /api/appointments?mechanicId=c0189cef-dfe6-4e31-bd4c-738bbbdd2e4a 
[2026-02-16T20:06:59.368Z] [INFO] GET /api/assistance?mechanicId=c0189cef-dfe6-4e31-bd4c-738bbbdd2e4a 
[2026-02-16T20:07:00.483Z] [INFO] GET /api/users/1e37680f-307c-4300-bed5-32b15da8ff3e 
[2026-02-16T20:07:00.484Z] [INFO] GET /api/users/c0189cef-dfe6-4e31-bd4c-738bbbdd2e4a 
[2026-02-16T20:07:01.484Z] [INFO] OPTIONS /api/appointments/7e74bae4-c197-45fc-8679-cc6b5f1fcc83 
[2026-02-16T20:07:01.485Z] [INFO] PATCH /api/appointments/7e74bae4-c197-45fc-8679-cc6b5f1fcc83 
[2026-02-16T20:07:04.930Z] [INFO] PATCH /api/appointments/7e74bae4-c197-45fc-8679-cc6b5f1fcc83 
[2026-02-16T20:07:04.958Z] [INFO] PATCH /api/appointments/7e74bae4-c197-45fc-8679-cc6b5f1fcc83 
[2026-02-16T20:07:10.388Z] [INFO] GET /api/appointments?mechanicId=c0189cef-dfe6-4e31-bd4c-738bbbdd2e4a 
[2026-02-16T20:07:10.389Z] [INFO] GET /api/assistance?mechanicId=c0189cef-dfe6-4e31-bd4c-738bbbdd2e4a 
[2026-02-16T20:07:11.666Z] [INFO] GET /api/users/c0189cef-dfe6-4e31-bd4c-738bbbdd2e4a 
[2026-02-16T20:07:11.667Z] [INFO] GET /api/users/1e37680f-307c-4300-bed5-32b15da8ff3e 
[2026-02-16T20:07:12.666Z] [INFO] OPTIONS /api/appointments/7e74bae4-c197-45fc-8679-cc6b5f1fcc83 
[2026-02-16T20:07:12.667Z] [INFO] PATCH /api/appointments/7e74bae4-c197-45fc-8679-cc6b5f1fcc83 
[2026-02-16T20:07:17.090Z] [INFO] GET /api/appointments?mechanicId=c0189cef-dfe6-4e31-bd4c-738bbbdd2e4a 
[2026-02-16T20:07:17.090Z] [INFO] GET /api/assistance?mechanicId=c0189cef-dfe6-4e31-bd4c-738bbbdd2e4a 
[2026-02-16T20:09:15.777Z] [INFO] GET /api/assistance?mechanicId=c0189cef-dfe6-4e31-bd4c-738bbbdd2e4a 
[2026-02-16T20:09:15.781Z] [INFO] GET /api/appointments?mechanicId=c0189cef-dfe6-4e31-bd4c-738bbbdd2e4a 
[2026-02-16T20:09:17.800Z] [INFO] GET /api/appointments?mechanicId=c0189cef-dfe6-4e31-bd4c-738bbbdd2e4a 
[2026-02-16T20:09:17.801Z] [INFO] GET /api/assistance?mechanicId=c0189cef-dfe6-4e31-bd4c-738bbbdd2e4a 
[2026-02-16T20:11:28.335Z] [INFO] GET /api/appointments?mechanicId=c0189cef-dfe6-4e31-bd4c-738bbbdd2e4a 
[2026-02-16T20:11:28.337Z] [INFO] GET /api/assistance?mechanicId=c0189cef-dfe6-4e31-bd4c-738bbbdd2e4a 
[2026-02-16T20:12:00.411Z] [INFO] POST /api/login 
[2026-02-16T20:12:00.487Z] [INFO] GET /api/appointments?mechanicId=af73990a-bf31-4f68-8767-e14c23236b2c 
[2026-02-16T20:12:00.489Z] [INFO] GET /api/assistance?mechanicId=af73990a-bf31-4f68-8767-e14c23236b2c 
[2026-02-16T20:12:00.581Z] [INFO] GET /api/assistance?status=pending 
[2026-02-16T20:12:01.901Z] [INFO] GET /api/appointments?mechanicId=af73990a-bf31-4f68-8767-e14c23236b2c 
[2026-02-16T20:12:01.902Z] [INFO] GET /api/assistance?mechanicId=af73990a-bf31-4f68-8767-e14c23236b2c 
[2026-02-16T20:14:43.677Z] [INFO] POST /api/login 
[2026-02-16T20:14:43.906Z] [INFO] GET /api/appointments?userId=user-111 
[2026-02-16T20:14:43.919Z] [INFO] GET /api/assistance?userId=user-111 
[2026-02-16T20:14:43.925Z] [INFO] GET /api/assistance?userId=user-111&status=pending 
[2026-02-16T20:14:46.004Z] [INFO] GET /api/appointments?userId=user-111 
[2026-02-16T20:14:46.005Z] [INFO] GET /api/assistance?userId=user-111 
[2026-02-16T20:14:53.924Z] [INFO] GET /api/users/f351179b-4b23-4d70-8278-9799600dc85f 
[2026-02-16T20:15:06.171Z] [INFO] GET /api/appointments?userId=user-111 
[2026-02-16T20:15:06.172Z] [INFO] GET /api/assistance?userId=user-111 
[2026-02-16T20:17:28.420Z] [INFO] GET /api/appointments?mechanicId=c0189cef-dfe6-4e31-bd4c-738bbbdd2e4a 
[2026-02-16T20:17:28.422Z] [INFO] GET /api/assistance?mechanicId=c0189cef-dfe6-4e31-bd4c-738bbbdd2e4a 
[2026-02-16T20:17:37.468Z] [INFO] POST /api/login 
[2026-02-16T20:17:37.684Z] [INFO] GET /api/appointments?mechanicId=f351179b-4b23-4d70-8278-9799600dc85f 
[2026-02-16T20:17:37.697Z] [INFO] GET /api/assistance?mechanicId=f351179b-4b23-4d70-8278-9799600dc85f 
[2026-02-16T20:17:37.741Z] [INFO] GET /api/assistance?status=pending 
[2026-02-16T20:17:39.026Z] [INFO] GET /api/appointments?mechanicId=f351179b-4b23-4d70-8278-9799600dc85f 
[2026-02-16T20:17:39.028Z] [INFO] GET /api/assistance?mechanicId=f351179b-4b23-4d70-8278-9799600dc85f 
[2026-02-16T20:17:55.816Z] [INFO] GET /api/appointments?mechanicId=f351179b-4b23-4d70-8278-9799600dc85f 
[2026-02-16T20:17:55.818Z] [INFO] GET /api/assistance?mechanicId=f351179b-4b23-4d70-8278-9799600dc85f 
[2026-02-16T20:17:57.586Z] [INFO] POST /api/login 
[2026-02-16T20:17:57.899Z] [INFO] GET /api/assistance?status=pending 
[2026-02-16T20:18:04.729Z] [INFO] GET /api/appointments?mechanicId=f351179b-4b23-4d70-8278-9799600dc85f 
[2026-02-16T20:18:04.729Z] [INFO] GET /api/assistance?mechanicId=f351179b-4b23-4d70-8278-9799600dc85f 
[2026-02-16T20:18:06.839Z] [INFO] GET /api/users/f351179b-4b23-4d70-8278-9799600dc85f 
[2026-02-16T20:18:06.841Z] [INFO] GET /api/users/user-2 
[2026-02-16T20:18:07.863Z] [INFO] PATCH /api/appointments/c5b957cf-b5a8-4486-a1f1-d0a23378f843 
[2026-02-16T20:18:13.873Z] [INFO] PATCH /api/appointments/c5b957cf-b5a8-4486-a1f1-d0a23378f843 
[2026-02-16T20:18:15.292Z] [INFO] PATCH /api/appointments/c5b957cf-b5a8-4486-a1f1-d0a23378f843 
[2026-02-16T20:18:15.450Z] [INFO] PATCH /api/appointments/c5b957cf-b5a8-4486-a1f1-d0a23378f843 
[2026-02-16T20:18:20.700Z] [INFO] PATCH /api/appointments/c5b957cf-b5a8-4486-a1f1-d0a23378f843 
[2026-02-16T20:18:22.153Z] [INFO] PATCH /api/appointments/c5b957cf-b5a8-4486-a1f1-d0a23378f843 
[2026-02-16T20:18:23.073Z] [INFO] PATCH /api/appointments/c5b957cf-b5a8-4486-a1f1-d0a23378f843 
[2026-02-16T20:18:29.121Z] [INFO] GET /api/appointments?mechanicId=f351179b-4b23-4d70-8278-9799600dc85f 
[2026-02-16T20:18:29.122Z] [INFO] GET /api/assistance?mechanicId=f351179b-4b23-4d70-8278-9799600dc85f 
[2026-02-16T20:18:34.872Z] [INFO] GET /api/appointments?mechanicId=f351179b-4b23-4d70-8278-9799600dc85f 
[2026-02-16T20:18:34.873Z] [INFO] GET /api/assistance?mechanicId=f351179b-4b23-4d70-8278-9799600dc85f 
[2026-02-16T20:18:40.387Z] [INFO] GET /api/appointments?mechanicId=f351179b-4b23-4d70-8278-9799600dc85f 
[2026-02-16T20:18:40.388Z] [INFO] GET /api/assistance?mechanicId=f351179b-4b23-4d70-8278-9799600dc85f 
[2026-02-16T20:18:41.599Z] [INFO] GET /api/users/user-111 
[2026-02-16T20:18:41.600Z] [INFO] GET /api/users/f351179b-4b23-4d70-8278-9799600dc85f 
[2026-02-16T20:18:42.611Z] [INFO] PATCH /api/appointments/fcddf1af-48b1-4d57-aa07-23db35f48437 
[2026-02-16T20:18:43.246Z] [INFO] GET /api/appointments?mechanicId=f351179b-4b23-4d70-8278-9799600dc85f 
[2026-02-16T20:18:43.247Z] [INFO] GET /api/assistance?mechanicId=f351179b-4b23-4d70-8278-9799600dc85f 
[2026-02-16T20:18:52.473Z] [INFO] POST /api/login 
[2026-02-16T20:18:52.635Z] [INFO] GET /api/appointments?userId=user-111 
[2026-02-16T20:18:52.646Z] [INFO] GET /api/assistance?userId=user-111 
[2026-02-16T20:18:52.689Z] [INFO] GET /api/assistance?userId=user-111&status=pending 
[2026-02-16T20:18:54.551Z] [INFO] GET /api/appointments?userId=user-111 
[2026-02-16T20:18:54.552Z] [INFO] GET /api/assistance?userId=user-111 
[2026-02-16T20:18:56.772Z] [INFO] GET /api/users/f351179b-4b23-4d70-8278-9799600dc85f 
[2026-02-16T20:19:19.203Z] [INFO] GET /api/appointments?userId=user-111 
[2026-02-16T20:19:19.204Z] [INFO] GET /api/assistance?userId=user-111 
[2026-02-16T20:19:28.105Z] [INFO] GET /api/vehicles/user-111 
[2026-02-16T20:19:30.483Z] [INFO] GET /api/vehicles/user-111 
[2026-02-16T20:19:41.211Z] [INFO] POST /api/assistance 
[2026-02-16T20:19:48.815Z] [INFO] GET /api/appointments?userId=user-111 
[2026-02-16T20:19:48.817Z] [INFO] GET /api/assistance?userId=user-111 
[2026-02-16T20:20:09.931Z] [INFO] POST /api/login 
[2026-02-16T20:20:10.049Z] [INFO] GET /api/appointments?mechanicId=af73990a-bf31-4f68-8767-e14c23236b2c 
[2026-02-16T20:20:10.051Z] [INFO] GET /api/assistance?mechanicId=af73990a-bf31-4f68-8767-e14c23236b2c 
[2026-02-16T20:20:10.110Z] [INFO] GET /api/assistance?status=pending 
[2026-02-16T20:20:20.871Z] [INFO] PATCH /api/assistance/9bf49a2d-77db-44eb-b671-455f09e9882b 
[2026-02-16T20:20:21.742Z] [INFO] GET /api/assistance?status=pending 
[2026-02-16T20:20:21.789Z] [INFO] GET /api/appointments?mechanicId=af73990a-bf31-4f68-8767-e14c23236b2c 
[2026-02-16T20:20:21.790Z] [INFO] GET /api/assistance?mechanicId=af73990a-bf31-4f68-8767-e14c23236b2c 
[2026-02-16T20:20:22.933Z] [INFO] GET /api/assistance?status=pending 
[2026-02-16T20:20:25.760Z] [INFO] GET /api/assistance?userId=user-111&status=pending 
[2026-02-16T20:20:26.605Z] [INFO] GET /api/appointments?userId=user-111 
[2026-02-16T20:20:26.613Z] [INFO] GET /api/assistance?userId=user-111 
[2026-02-16T20:20:29.689Z] [INFO] GET /api/users/af73990a-bf31-4f68-8767-e14c23236b2c 
[2026-02-16T20:20:45.683Z] [INFO] GET /api/appointments?userId=user-111 
[2026-02-16T20:20:45.684Z] [INFO] GET /api/assistance?userId=user-111 
[2026-02-16T20:23:56.270Z] [INFO] GET /api/appointments?mechanicId=af73990a-bf31-4f68-8767-e14c23236b2c 
[2026-02-16T20:23:56.280Z] [INFO] GET /api/assistance?mechanicId=af73990a-bf31-4f68-8767-e14c23236b2c 
[2026-02-16T20:23:58.523Z] [INFO] GET /api/appointments?mechanicId=af73990a-bf31-4f68-8767-e14c23236b2c 
[2026-02-16T20:23:58.523Z] [INFO] GET /api/assistance?mechanicId=af73990a-bf31-4f68-8767-e14c23236b2c 
[2026-02-16T20:26:26.486Z] [INFO] GET /api/users/c0189cef-dfe6-4e31-bd4c-738bbbdd2e4a 
[2026-02-16T20:26:26.489Z] [INFO] GET /api/users/1e37680f-307c-4300-bed5-32b15da8ff3e 
[2026-02-16T20:26:27.484Z] [INFO] OPTIONS /api/appointments/7e74bae4-c197-45fc-8679-cc6b5f1fcc83 
[2026-02-16T20:26:27.485Z] [INFO] PATCH /api/appointments/7e74bae4-c197-45fc-8679-cc6b5f1fcc83 
[2026-02-16T21:07:21.871Z] [INFO] GET /api/users/check-phone/%2B10000000000 
[2026-02-16T21:09:10.679Z] [INFO] POST /api/users 
[2026-02-16T21:09:20.837Z] [INFO] POST /api/login 
[2026-02-16T21:09:20.947Z] [INFO] GET /api/appointments?mechanicId=08061ab3-4712-48ef-8a72-8211333dba03 
[2026-02-16T21:09:20.951Z] [INFO] GET /api/assistance?mechanicId=08061ab3-4712-48ef-8a72-8211333dba03 
[2026-02-16T21:09:21.013Z] [INFO] GET /api/assistance?zip=33327&status=pending 
[2026-02-16T21:10:01.740Z] [INFO] GET /api/users 
[2026-02-16T21:10:23.371Z] [INFO] GET /api/appointments 
[2026-02-16T21:10:23.378Z] [INFO] GET /api/assistance 
[2026-02-16T21:10:28.237Z] [INFO] GET /api/users 
[2026-02-16T21:10:28.238Z] [INFO] GET /api/users 
[2026-02-16T21:10:42.066Z] [INFO] GET /api/appointments?mechanicId=08061ab3-4712-48ef-8a72-8211333dba03 
[2026-02-16T21:10:42.068Z] [INFO] GET /api/assistance?mechanicId=08061ab3-4712-48ef-8a72-8211333dba03 
[2026-02-16T21:10:46.678Z] [INFO] GET /api/appointments?mechanicId=08061ab3-4712-48ef-8a72-8211333dba03 
[2026-02-16T21:10:46.678Z] [INFO] GET /api/assistance?mechanicId=08061ab3-4712-48ef-8a72-8211333dba03 
[2026-02-16T21:11:30.005Z] [INFO] GET /api/users/check-phone/%2B11111111111 
[2026-02-16T21:11:43.339Z] [INFO] GET /api/users/check-phone/%2B18888888888 
[2026-02-16T21:12:48.278Z] [INFO] POST /api/users 
[2026-02-16T21:13:09.601Z] [INFO] GET /api/users 
[2026-02-16T21:13:09.604Z] [INFO] GET /api/users 
[2026-02-16T21:13:22.164Z] [INFO] POST /api/login 
[2026-02-16T21:13:22.319Z] [INFO] GET /api/appointments?userId=90d3310f-57ab-4b52-bb8b-f8f572ca92b0 
[2026-02-16T21:13:22.321Z] [INFO] GET /api/assistance?userId=90d3310f-57ab-4b52-bb8b-f8f572ca92b0 
[2026-02-16T21:13:22.406Z] [INFO] GET /api/assistance?userId=90d3310f-57ab-4b52-bb8b-f8f572ca92b0&status=pending 
[2026-02-16T21:13:26.726Z] [INFO] GET /api/appointments?userId=90d3310f-57ab-4b52-bb8b-f8f572ca92b0 
[2026-02-16T21:13:26.728Z] [INFO] GET /api/assistance?userId=90d3310f-57ab-4b52-bb8b-f8f572ca92b0 
[2026-02-16T21:13:33.342Z] [INFO] GET /api/vehicles/90d3310f-57ab-4b52-bb8b-f8f572ca92b0 
[2026-02-16T21:14:13.936Z] [INFO] POST /api/assistance 
[2026-02-16T21:14:22.160Z] [INFO] GET /api/appointments?userId=90d3310f-57ab-4b52-bb8b-f8f572ca92b0 
[2026-02-16T21:14:22.161Z] [INFO] GET /api/assistance?userId=90d3310f-57ab-4b52-bb8b-f8f572ca92b0 
[2026-02-16T21:14:37.108Z] [INFO] POST /api/login 
[2026-02-16T21:14:37.285Z] [INFO] GET /api/assistance?userId=90d3310f-57ab-4b52-bb8b-f8f572ca92b0&status=pending 
[2026-02-16T21:14:37.289Z] [INFO] GET /api/vehicles/90d3310f-57ab-4b52-bb8b-f8f572ca92b0 
[2026-02-16T21:14:37.290Z] [INFO] GET /api/appointments?userId=90d3310f-57ab-4b52-bb8b-f8f572ca92b0 
[2026-02-16T21:14:37.291Z] [INFO] GET /api/assistance?userId=90d3310f-57ab-4b52-bb8b-f8f572ca92b0 
[2026-02-16T21:14:37.373Z] [INFO] GET /api/assistance?userId=90d3310f-57ab-4b52-bb8b-f8f572ca92b0&status=pending 
[2026-02-16T21:15:02.182Z] [INFO] GET /api/appointments 
[2026-02-16T21:15:02.189Z] [INFO] GET /api/assistance 
[2026-02-16T21:15:02.190Z] [INFO] GET /api/appointments 
[2026-02-16T21:15:02.191Z] [INFO] GET /api/assistance 
[2026-02-16T21:15:43.392Z] [INFO] POST /api/login 
[2026-02-16T21:15:43.603Z] [INFO] GET /api/appointments?mechanicId=08061ab3-4712-48ef-8a72-8211333dba03 
[2026-02-16T21:15:43.609Z] [INFO] GET /api/assistance?mechanicId=08061ab3-4712-48ef-8a72-8211333dba03 
[2026-02-16T21:15:43.733Z] [INFO] GET /api/assistance?zip=33327&status=pending 
[2026-02-16T21:15:53.926Z] [INFO] PATCH /api/assistance/c6144c21-a6e9-4fb4-a7c6-60f9d1f8cd4a 
[2026-02-16T21:15:55.587Z] [INFO] GET /api/assistance?zip=33327&status=pending 
[2026-02-16T21:15:55.664Z] [INFO] GET /api/appointments?mechanicId=08061ab3-4712-48ef-8a72-8211333dba03 
[2026-02-16T21:15:55.668Z] [INFO] GET /api/assistance?mechanicId=08061ab3-4712-48ef-8a72-8211333dba03 
[2026-02-16T21:15:56.054Z] [INFO] GET /api/assistance?zip=33327&status=pending 
[2026-02-16T21:16:01.539Z] [INFO] GET /api/appointments?mechanicId=08061ab3-4712-48ef-8a72-8211333dba03 
[2026-02-16T21:16:01.541Z] [INFO] GET /api/assistance?mechanicId=08061ab3-4712-48ef-8a72-8211333dba03 
[2026-02-16T21:16:04.927Z] [INFO] GET /api/appointments 
[2026-02-16T21:16:04.929Z] [INFO] GET /api/assistance 
[2026-02-16T21:16:04.930Z] [INFO] GET /api/appointments 
[2026-02-16T21:16:04.932Z] [INFO] GET /api/assistance 
[2026-02-16T21:16:14.275Z] [INFO] GET /api/users/08061ab3-4712-48ef-8a72-8211333dba03 
[2026-02-16T21:16:14.278Z] [INFO] GET /api/users/90d3310f-57ab-4b52-bb8b-f8f572ca92b0 
[2026-02-16T21:16:15.268Z] [INFO] PATCH /api/appointments/c6144c21-a6e9-4fb4-a7c6-60f9d1f8cd4a 
[2026-02-16T21:16:28.906Z] [INFO] PATCH /api/appointments/c6144c21-a6e9-4fb4-a7c6-60f9d1f8cd4a 
[2026-02-16T21:16:29.835Z] [INFO] PATCH /api/appointments/c6144c21-a6e9-4fb4-a7c6-60f9d1f8cd4a 
[2026-02-16T21:16:33.338Z] [INFO] GET /api/appointments?mechanicId=08061ab3-4712-48ef-8a72-8211333dba03 
[2026-02-16T21:16:33.341Z] [INFO] GET /api/assistance?mechanicId=08061ab3-4712-48ef-8a72-8211333dba03 
[2026-02-16T21:16:42.218Z] [INFO] POST /api/login 
[2026-02-16T21:16:42.293Z] [INFO] GET /api/appointments?userId=90d3310f-57ab-4b52-bb8b-f8f572ca92b0 
[2026-02-16T21:16:42.302Z] [INFO] GET /api/assistance?userId=90d3310f-57ab-4b52-bb8b-f8f572ca92b0 
[2026-02-16T21:16:42.358Z] [INFO] GET /api/assistance?userId=90d3310f-57ab-4b52-bb8b-f8f572ca92b0&status=pending 
[2026-02-16T21:16:44.087Z] [INFO] GET /api/appointments?userId=90d3310f-57ab-4b52-bb8b-f8f572ca92b0 
[2026-02-16T21:16:44.088Z] [INFO] GET /api/assistance?userId=90d3310f-57ab-4b52-bb8b-f8f572ca92b0 
[2026-02-16T21:16:49.636Z] [INFO] GET /api/users/08061ab3-4712-48ef-8a72-8211333dba03 
[2026-02-16T21:17:02.965Z] [INFO] GET /api/appointments?userId=90d3310f-57ab-4b52-bb8b-f8f572ca92b0 
[2026-02-16T21:17:02.966Z] [INFO] GET /api/assistance?userId=90d3310f-57ab-4b52-bb8b-f8f572ca92b0 
[2026-02-16T21:17:09.636Z] [INFO] PATCH /api/appointments/c6144c21-a6e9-4fb4-a7c6-60f9d1f8cd4a 
[2026-02-16T21:17:09.773Z] [INFO] GET /api/appointments?userId=90d3310f-57ab-4b52-bb8b-f8f572ca92b0 
[2026-02-16T21:17:09.776Z] [INFO] GET /api/assistance?userId=90d3310f-57ab-4b52-bb8b-f8f572ca92b0 
[2026-02-16T21:17:11.042Z] [INFO] GET /api/assistance?userId=90d3310f-57ab-4b52-bb8b-f8f572ca92b0&status=pending 
[2026-02-16T21:17:12.935Z] [INFO] GET /api/appointments 
[2026-02-16T21:17:12.937Z] [INFO] GET /api/assistance 
[2026-02-16T21:17:12.938Z] [INFO] GET /api/appointments 
[2026-02-16T21:17:12.938Z] [INFO] GET /api/assistance 
[2026-02-16T21:17:28.835Z] [INFO] GET /api/appointments?userId=90d3310f-57ab-4b52-bb8b-f8f572ca92b0 
[2026-02-16T21:17:28.840Z] [INFO] GET /api/assistance?userId=90d3310f-57ab-4b52-bb8b-f8f572ca92b0 
[2026-02-16T21:18:29.260Z] [INFO] GET /api/appointments?userId=90d3310f-57ab-4b52-bb8b-f8f572ca92b0 
[2026-02-16T21:18:29.262Z] [INFO] GET /api/assistance?userId=90d3310f-57ab-4b52-bb8b-f8f572ca92b0 
[2026-02-16T21:18:59.392Z] [INFO] POST /api/login 
[2026-02-16T21:18:59.517Z] [INFO] GET /api/assistance?userId=user-111&status=pending 
[2026-02-16T21:18:59.519Z] [INFO] GET /api/appointments?userId=user-111 
[2026-02-16T21:18:59.520Z] [INFO] GET /api/assistance?userId=user-111 
[2026-02-16T21:18:59.593Z] [INFO] GET /api/assistance?userId=user-111&status=pending 
[2026-02-16T21:19:12.203Z] [INFO] GET /api/appointments?userId=user-111 
[2026-02-16T21:19:12.204Z] [INFO] GET /api/assistance?userId=user-111 
[2026-02-16T21:19:16.878Z] [INFO] GET /api/users/f351179b-4b23-4d70-8278-9799600dc85f 
[2026-02-16T21:19:20.331Z] [INFO] GET /api/appointments?userId=user-111 
[2026-02-16T21:19:20.333Z] [INFO] GET /api/assistance?userId=user-111 
[2026-02-16T21:19:23.402Z] [INFO] GET /api/users/af73990a-bf31-4f68-8767-e14c23236b2c 
[2026-02-16T21:19:27.569Z] [INFO] GET /api/appointments?userId=user-111 
[2026-02-16T21:19:27.570Z] [INFO] GET /api/assistance?userId=user-111 
[2026-02-16T21:19:58.884Z] [INFO] GET /api/appointments?userId=user-111 
[2026-02-16T21:19:58.886Z] [INFO] GET /api/assistance?userId=user-111 
[2026-02-16T21:20:10.411Z] [INFO] GET /api/appointments?userId=user-111 
[2026-02-16T21:20:10.413Z] [INFO] GET /api/assistance?userId=user-111 
[2026-02-16T21:20:42.235Z] [INFO] GET /api/appointments?userId=user-111 
[2026-02-16T21:20:42.238Z] [INFO] GET /api/assistance?userId=user-111 
[2026-02-16T21:21:10.704Z] [INFO] GET /api/appointments?userId=user-111 
[2026-02-16T21:21:10.707Z] [INFO] GET /api/assistance?userId=user-111 
[2026-02-16T21:21:31.580Z] [INFO] GET /api/users 
[2026-02-16T21:21:31.582Z] [INFO] GET /api/users 
[2026-02-16T21:21:33.871Z] [INFO] GET /api/appointments 
[2026-02-16T21:21:33.872Z] [INFO] GET /api/assistance 
[2026-02-16T21:21:33.873Z] [INFO] GET /api/assistance 
[2026-02-16T21:21:33.876Z] [INFO] GET /api/appointments 
[2026-02-16T21:21:39.271Z] [INFO] GET /api/users 
[2026-02-16T21:21:39.272Z] [INFO] GET /api/users 
[2026-02-16T21:21:39.772Z] [INFO] GET /api/appointments 
[2026-02-16T21:21:39.773Z] [INFO] GET /api/assistance 
[2026-02-16T21:21:39.774Z] [INFO] GET /api/appointments 
[2026-02-16T21:21:39.775Z] [INFO] GET /api/assistance 
[2026-02-16T21:21:50.882Z] [INFO] GET /api/users 
[2026-02-16T21:21:50.886Z] [INFO] GET /api/users 
[2026-02-16T21:21:56.079Z] [INFO] GET /api/appointments 
[2026-02-16T21:21:56.082Z] [INFO] GET /api/assistance 
[2026-02-16T21:21:56.084Z] [INFO] GET /api/assistance 
[2026-02-16T21:21:56.087Z] [INFO] GET /api/appointments 
[2026-02-16T21:22:11.906Z] [INFO] GET /api/appointments?userId=user-111 
[2026-02-16T21:22:11.908Z] [INFO] GET /api/assistance?userId=user-111 
[2026-02-16T21:22:28.547Z] [INFO] GET /api/appointments?userId=user-111 
[2026-02-16T21:22:28.548Z] [INFO] GET /api/assistance?userId=user-111 
[2026-02-16T21:22:44.627Z] [INFO] GET /api/appointments?userId=user-111 
[2026-02-16T21:22:44.629Z] [INFO] GET /api/assistance?userId=user-111 
[2026-02-16T21:23:46.656Z] [INFO] GET /api/appointments?userId=user-111 
[2026-02-16T21:23:46.658Z] [INFO] GET /api/assistance?userId=user-111 
[2026-02-16T21:23:51.260Z] [INFO] GET /api/appointments?userId=user-111 
[2026-02-16T21:23:51.261Z] [INFO] GET /api/assistance?userId=user-111 
[2026-02-16T21:23:54.695Z] [INFO] GET /api/vehicles/user-111 
[2026-02-16T21:24:43.323Z] [INFO] POST /api/assistance 
[2026-02-16T21:24:47.553Z] [INFO] GET /api/appointments?userId=user-111 
[2026-02-16T21:24:47.556Z] [INFO] GET /api/assistance?userId=user-111 
[2026-02-16T21:25:16.279Z] [INFO] GET /api/assistance?userId=user-111&status=pending 
[2026-02-16T21:25:17.747Z] [INFO] GET /api/appointments?userId=user-111 
[2026-02-16T21:25:17.749Z] [INFO] GET /api/assistance?userId=user-111 
[2026-02-16T21:25:19.587Z] [INFO] GET /api/appointments?userId=user-111 
[2026-02-16T21:25:19.588Z] [INFO] GET /api/assistance?userId=user-111 
[2026-02-16T21:33:07.795Z] [INFO] GET /api/users 
[2026-02-16T21:33:07.799Z] [INFO] GET /api/users 
[2026-02-16T21:33:32.776Z] [INFO] GET /api/users 
[2026-02-16T21:33:32.778Z] [INFO] GET /api/users 
[2026-02-16T21:36:53.332Z] [INFO] GET /api/appointments?mechanicId=c0189cef-dfe6-4e31-bd4c-738bbbdd2e4a 
[2026-02-16T21:36:53.346Z] [INFO] GET /api/assistance?mechanicId=c0189cef-dfe6-4e31-bd4c-738bbbdd2e4a 
[2026-02-16T21:36:57.751Z] [INFO] OPTIONS /api/login 
[2026-02-16T21:36:57.752Z] [INFO] POST /api/login 
[2026-02-16T21:36:57.824Z] [INFO] GET /api/assistance?zip=33327&status=pending 
[2026-02-16T21:37:20.191Z] [INFO] GET /api/appointments?mechanicId=c0189cef-dfe6-4e31-bd4c-738bbbdd2e4a 
[2026-02-16T21:37:20.194Z] [INFO] GET /api/assistance?mechanicId=c0189cef-dfe6-4e31-bd4c-738bbbdd2e4a 
[2026-02-16T21:37:41.099Z] [INFO] OPTIONS /api/login 
[2026-02-16T21:37:41.103Z] [INFO] POST /api/login 
[2026-02-16T21:37:41.156Z] [INFO] GET /api/appointments?mechanicId=08061ab3-4712-48ef-8a72-8211333dba03 
[2026-02-16T21:37:41.157Z] [INFO] GET /api/assistance?mechanicId=08061ab3-4712-48ef-8a72-8211333dba03 
[2026-02-16T21:37:41.187Z] [INFO] GET /api/assistance?zip=33327&status=pending 
[2026-02-16T21:37:52.791Z] [INFO] OPTIONS /api/users/08061ab3-4712-48ef-8a72-8211333dba03 
[2026-02-16T21:37:52.793Z] [INFO] PATCH /api/users/08061ab3-4712-48ef-8a72-8211333dba03 
[2026-02-16T21:37:58.737Z] [INFO] GET /api/users 
[2026-02-16T21:37:58.762Z] [INFO] GET /api/users 
[2026-02-16T21:37:59.245Z] [INFO] GET /api/users 
[2026-02-16T21:37:59.256Z] [INFO] GET /api/users 
[2026-02-16T21:38:11.639Z] [INFO] POST /api/login 
[2026-02-16T21:38:11.875Z] [INFO] GET /api/assistance?zip=33327&status=pending 
[2026-02-16T21:38:11.877Z] [INFO] GET /api/assistance?zip=33327&status=pending 
[2026-02-16T21:38:11.880Z] [INFO] GET /api/vehicles/08061ab3-4712-48ef-8a72-8211333dba03 
[2026-02-16T21:38:11.883Z] [INFO] GET /api/appointments?mechanicId=08061ab3-4712-48ef-8a72-8211333dba03 
[2026-02-16T21:38:11.884Z] [INFO] GET /api/assistance?mechanicId=08061ab3-4712-48ef-8a72-8211333dba03 
[2026-02-16T21:38:11.968Z] [INFO] GET /api/assistance?zip=33327&status=pending 
[2026-02-16T21:38:30.588Z] [INFO] GET /api/appointments 
[2026-02-16T21:38:30.588Z] [INFO] GET /api/assistance 
[2026-02-16T21:38:30.590Z] [INFO] GET /api/appointments 
[2026-02-16T21:38:30.591Z] [INFO] GET /api/assistance 
[2026-02-16T21:39:12.564Z] [INFO] POST /api/login 
[2026-02-16T21:39:12.774Z] [INFO] GET /api/assistance?zip=33327&status=pending 
[2026-02-16T21:39:12.777Z] [INFO] GET /api/assistance?zip=33327&status=pending 
[2026-02-16T21:39:12.779Z] [INFO] GET /api/vehicles/08061ab3-4712-48ef-8a72-8211333dba03 
[2026-02-16T21:39:12.781Z] [INFO] GET /api/appointments?mechanicId=08061ab3-4712-48ef-8a72-8211333dba03 
[2026-02-16T21:39:12.781Z] [INFO] GET /api/assistance?mechanicId=08061ab3-4712-48ef-8a72-8211333dba03 
[2026-02-16T21:39:12.855Z] [INFO] GET /api/assistance?zip=33327&status=pending 
[2026-02-16T21:39:15.694Z] [INFO] GET /api/appointments?mechanicId=08061ab3-4712-48ef-8a72-8211333dba03 
[2026-02-16T21:39:15.695Z] [INFO] GET /api/assistance?mechanicId=08061ab3-4712-48ef-8a72-8211333dba03 
[2026-02-16T21:39:19.461Z] [INFO] GET /api/appointments?mechanicId=08061ab3-4712-48ef-8a72-8211333dba03 
[2026-02-16T21:39:19.462Z] [INFO] GET /api/assistance?mechanicId=08061ab3-4712-48ef-8a72-8211333dba03 
[2026-02-16T21:39:37.140Z] [INFO] OPTIONS /api/login 
[2026-02-16T21:39:37.143Z] [INFO] POST /api/login 
[2026-02-16T21:39:37.207Z] [INFO] GET /api/appointments?userId=90d3310f-57ab-4b52-bb8b-f8f572ca92b0 
[2026-02-16T21:39:37.209Z] [INFO] GET /api/assistance?userId=90d3310f-57ab-4b52-bb8b-f8f572ca92b0 
[2026-02-16T21:39:37.249Z] [INFO] GET /api/assistance?userId=90d3310f-57ab-4b52-bb8b-f8f572ca92b0&status=pending 
[2026-02-16T21:39:52.837Z] [INFO] OPTIONS /api/users/90d3310f-57ab-4b52-bb8b-f8f572ca92b0 
[2026-02-16T21:39:52.840Z] [INFO] PATCH /api/users/90d3310f-57ab-4b52-bb8b-f8f572ca92b0 
[2026-02-16T21:40:03.036Z] [INFO] GET /api/appointments 
[2026-02-16T21:40:03.037Z] [INFO] GET /api/assistance 
[2026-02-16T21:40:03.040Z] [INFO] GET /api/appointments 
[2026-02-16T21:40:03.041Z] [INFO] GET /api/assistance 
[2026-02-16T21:40:04.711Z] [INFO] GET /api/users 
[2026-02-16T21:40:04.736Z] [INFO] GET /api/users 
[2026-02-16T21:40:13.817Z] [INFO] OPTIONS /api/login 
[2026-02-16T21:40:13.819Z] [INFO] POST /api/login 
[2026-02-16T21:40:13.872Z] [INFO] GET /api/appointments?userId=90d3310f-57ab-4b52-bb8b-f8f572ca92b0 
[2026-02-16T21:40:13.873Z] [INFO] GET /api/assistance?userId=90d3310f-57ab-4b52-bb8b-f8f572ca92b0 
[2026-02-16T21:40:13.895Z] [INFO] GET /api/assistance?userId=90d3310f-57ab-4b52-bb8b-f8f572ca92b0&status=pending 
[2026-02-16T21:40:19.528Z] [INFO] GET /api/vehicles/90d3310f-57ab-4b52-bb8b-f8f572ca92b0 
[2026-02-16T21:40:21.826Z] [INFO] GET /api/vehicles/90d3310f-57ab-4b52-bb8b-f8f572ca92b0 
[2026-02-16T21:40:32.144Z] [INFO] OPTIONS /api/vehicles 
[2026-02-16T21:40:32.146Z] [INFO] POST /api/vehicles 
[2026-02-16T21:40:32.168Z] [INFO] GET /api/vehicles/90d3310f-57ab-4b52-bb8b-f8f572ca92b0 
[2026-02-16T21:40:43.794Z] [INFO] GET /api/assistance?userId=90d3310f-57ab-4b52-bb8b-f8f572ca92b0&status=pending 
[2026-02-16T21:42:15.394Z] [INFO] GET /api/assistance 
[2026-02-16T21:42:15.396Z] [INFO] GET /api/appointments 
[2026-02-16T21:42:15.400Z] [INFO] GET /api/assistance 
[2026-02-16T21:42:15.400Z] [INFO] GET /api/appointments 
[2026-02-16T21:42:23.604Z] [INFO] OPTIONS /api/assistance/c6144c21-a6e9-4fb4-a7c6-60f9d1f8cd4a 
[2026-02-16T21:42:23.604Z] [INFO] DELETE /api/assistance/c6144c21-a6e9-4fb4-a7c6-60f9d1f8cd4a 
[2026-02-16T21:42:28.477Z] [INFO] GET /api/users 
[2026-02-16T21:42:28.499Z] [INFO] GET /api/users 
[2026-02-16T21:42:32.173Z] [INFO] OPTIONS /api/users/90d3310f-57ab-4b52-bb8b-f8f572ca92b0 
[2026-02-16T21:42:32.175Z] [INFO] DELETE /api/users/90d3310f-57ab-4b52-bb8b-f8f572ca92b0 
[2026-02-16T21:42:35.212Z] [INFO] OPTIONS /api/users/08061ab3-4712-48ef-8a72-8211333dba03 
[2026-02-16T21:42:35.213Z] [INFO] DELETE /api/users/08061ab3-4712-48ef-8a72-8211333dba03 
[2026-02-16T21:42:39.991Z] [INFO] POST /api/login 
[2026-02-16T21:42:45.430Z] [INFO] POST /api/login 
[2026-02-16T21:42:54.432Z] [INFO] OPTIONS /api/login 
[2026-02-16T21:42:54.434Z] [INFO] POST /api/login 
[2026-02-16T21:43:11.494Z] [INFO] POST /api/login 
[2026-02-16T21:43:11.718Z] [INFO] GET /api/assistance?userId=user-111&status=pending 
[2026-02-16T21:43:11.722Z] [INFO] GET /api/assistance?userId=user-111&status=pending 
[2026-02-16T21:43:11.724Z] [INFO] GET /api/vehicles/user-111 
[2026-02-16T21:43:11.725Z] [INFO] GET /api/appointments?userId=user-111 
[2026-02-16T21:43:11.726Z] [INFO] GET /api/assistance?userId=user-111 
[2026-02-16T21:43:11.808Z] [INFO] GET /api/assistance?userId=user-111&status=pending 
[2026-02-16T21:43:16.924Z] [INFO] GET /api/appointments?userId=user-111 
[2026-02-16T21:43:16.925Z] [INFO] GET /api/assistance?userId=user-111 
[2026-02-16T21:43:21.292Z] [INFO] GET /api/appointments?userId=user-111 
[2026-02-16T21:43:21.294Z] [INFO] GET /api/assistance?userId=user-111 
[2026-02-16T21:43:26.077Z] [INFO] GET /api/appointments?userId=user-111 
[2026-02-16T21:43:26.079Z] [INFO] GET /api/assistance?userId=user-111 
[2026-02-16T21:44:20.162Z] [INFO] GET /api/vehicles/user-111 
[2026-02-16T21:46:47.867Z] [INFO] GET /api/vehicles/user-111 
[2026-02-16T21:48:34.773Z] [INFO] GET /api/appointments?userId=user-111 
[2026-02-16T21:48:34.775Z] [INFO] GET /api/assistance?userId=user-111 
[2026-02-16T21:49:00.434Z] [INFO] GET /api/appointments?userId=user-111 
[2026-02-16T21:49:00.436Z] [INFO] GET /api/assistance?userId=user-111 
[2026-02-16T21:49:08.430Z] [INFO] GET /api/vehicles/user-111 
[2026-02-16T21:50:00.932Z] [INFO] GET /api/vehicles/user-111 
[2026-02-16T21:50:48.659Z] [INFO] GET /api/vehicles/user-111 
[2026-02-16T21:50:52.040Z] [INFO] GET /api/vehicles/user-111 
[2026-02-16T21:55:59.946Z] [INFO] POST /api/login 
[2026-02-16T21:56:00.178Z] [INFO] GET /api/assistance?zip=33327&status=pending 
[2026-02-16T21:56:00.181Z] [INFO] GET /api/assistance?zip=33327&status=pending 
[2026-02-16T21:56:00.184Z] [INFO] GET /api/vehicles/311c2648-9fe3-4c2d-96cc-48b74eae323d 
[2026-02-16T21:56:00.184Z] [INFO] GET /api/appointments?mechanicId=311c2648-9fe3-4c2d-96cc-48b74eae323d 
[2026-02-16T21:56:00.185Z] [INFO] GET /api/assistance?mechanicId=311c2648-9fe3-4c2d-96cc-48b74eae323d 
[2026-02-16T21:56:00.272Z] [INFO] GET /api/assistance?zip=33327&status=pending 
[2026-02-16T21:56:20.791Z] [INFO] GET /api/appointments?mechanicId=311c2648-9fe3-4c2d-96cc-48b74eae323d 
[2026-02-16T21:56:20.792Z] [INFO] GET /api/assistance?mechanicId=311c2648-9fe3-4c2d-96cc-48b74eae323d 
[2026-02-16T21:56:30.420Z] [INFO] GET /api/assistance?zip=33327&status=pending 
[2026-02-16T21:56:32.980Z] [INFO] GET /api/assistance?zip=33327&status=pending 
[2026-02-16T21:56:33.857Z] [INFO] GET /api/appointments?mechanicId=311c2648-9fe3-4c2d-96cc-48b74eae323d 
[2026-02-16T21:56:33.861Z] [INFO] GET /api/assistance?mechanicId=311c2648-9fe3-4c2d-96cc-48b74eae323d 
[2026-02-16T21:56:44.555Z] [INFO] GET /api/appointments?mechanicId=311c2648-9fe3-4c2d-96cc-48b74eae323d 
[2026-02-16T21:56:44.555Z] [INFO] GET /api/assistance?mechanicId=311c2648-9fe3-4c2d-96cc-48b74eae323d 
[2026-02-16T21:56:55.995Z] [INFO] GET /api/appointments 
[2026-02-16T21:56:55.998Z] [INFO] GET /api/assistance 
[2026-02-16T21:56:56.015Z] [INFO] GET /api/appointments 
[2026-02-16T21:56:56.016Z] [INFO] GET /api/assistance 
[2026-02-16T21:57:20.314Z] [INFO] PATCH /api/users/311c2648-9fe3-4c2d-96cc-48b74eae323d 
[2026-02-16T21:57:20.504Z] [INFO] GET /api/assistance?zip=94108&status=pending 
[2026-02-16T21:57:20.505Z] [INFO] GET /api/assistance?zip=94108&status=pending 
[2026-02-16T21:57:20.506Z] [INFO] GET /api/assistance?zip=94108&status=pending 
[2026-02-16T21:57:22.652Z] [INFO] GET /api/appointments?mechanicId=311c2648-9fe3-4c2d-96cc-48b74eae323d 
[2026-02-16T21:57:22.653Z] [INFO] GET /api/assistance?mechanicId=311c2648-9fe3-4c2d-96cc-48b74eae323d 
[2026-02-16T21:57:32.648Z] [INFO] PATCH /api/users/311c2648-9fe3-4c2d-96cc-48b74eae323d 
[2026-02-16T21:57:32.845Z] [INFO] GET /api/assistance?zip=33009&status=pending 
[2026-02-16T21:57:32.847Z] [INFO] GET /api/assistance?zip=33009&status=pending 
[2026-02-16T21:57:32.849Z] [INFO] GET /api/assistance?zip=33009&status=pending 
[2026-02-16T21:57:34.524Z] [INFO] GET /api/appointments?mechanicId=311c2648-9fe3-4c2d-96cc-48b74eae323d 
[2026-02-16T21:57:34.525Z] [INFO] GET /api/assistance?mechanicId=311c2648-9fe3-4c2d-96cc-48b74eae323d 
[2026-02-16T21:57:44.684Z] [INFO] PATCH /api/users/311c2648-9fe3-4c2d-96cc-48b74eae323d 
[2026-02-16T21:57:44.861Z] [INFO] GET /api/assistance?zip=94108&status=pending 
[2026-02-16T21:57:44.863Z] [INFO] GET /api/assistance?zip=94108&status=pending 
[2026-02-16T21:57:44.864Z] [INFO] GET /api/assistance?zip=94108&status=pending 
[2026-02-16T22:02:30.375Z] [INFO] GET /api/users/check-phone/%2B10000000000 
[2026-02-16T22:03:49.720Z] [INFO] POST /api/users 
[2026-02-16T22:03:58.532Z] [INFO] POST /api/login 
[2026-02-16T22:03:58.775Z] [INFO] GET /api/assistance?zip=33327&status=pending 
[2026-02-16T22:03:58.778Z] [INFO] GET /api/assistance?zip=33327&status=pending 
[2026-02-16T22:03:58.778Z] [INFO] GET /api/vehicles/60b577d5-305f-423f-b6a2-fb3c13dcead3 
[2026-02-16T22:03:58.779Z] [INFO] GET /api/appointments?mechanicId=60b577d5-305f-423f-b6a2-fb3c13dcead3 
[2026-02-16T22:03:58.780Z] [INFO] GET /api/assistance?mechanicId=60b577d5-305f-423f-b6a2-fb3c13dcead3 
[2026-02-16T22:03:58.875Z] [INFO] GET /api/assistance?zip=33327&status=pending 
[2026-02-16T22:04:06.003Z] [INFO] GET /api/appointments?mechanicId=60b577d5-305f-423f-b6a2-fb3c13dcead3 
[2026-02-16T22:04:06.003Z] [INFO] GET /api/assistance?mechanicId=60b577d5-305f-423f-b6a2-fb3c13dcead3 
[2026-02-16T22:04:29.966Z] [INFO] GET /api/users/check-phone/%2B18888888888 
[2026-02-16T22:06:04.620Z] [INFO] POST /api/users 
[2026-02-16T22:07:23.043Z] [INFO] GET /api/assistance 
[2026-02-16T22:07:23.046Z] [INFO] GET /api/appointments 
[2026-02-16T22:07:25.197Z] [INFO] GET /api/users 
[2026-02-16T22:07:26.834Z] [INFO] GET /api/users 
[2026-02-16T22:07:26.835Z] [INFO] GET /api/users 
[2026-02-16T22:08:02.766Z] [INFO] POST /api/login 
[2026-02-16T22:08:03.046Z] [INFO] GET /api/assistance?userId=67125ea6-c050-4b6e-b4ce-e65e06941745&status=pending 
[2026-02-16T22:08:03.050Z] [INFO] GET /api/assistance?userId=67125ea6-c050-4b6e-b4ce-e65e06941745&status=pending 
[2026-02-16T22:08:03.055Z] [INFO] GET /api/vehicles/67125ea6-c050-4b6e-b4ce-e65e06941745 
[2026-02-16T22:08:03.057Z] [INFO] GET /api/appointments?userId=67125ea6-c050-4b6e-b4ce-e65e06941745 
[2026-02-16T22:08:03.058Z] [INFO] GET /api/assistance?userId=67125ea6-c050-4b6e-b4ce-e65e06941745 
[2026-02-16T22:08:03.145Z] [INFO] GET /api/assistance?userId=67125ea6-c050-4b6e-b4ce-e65e06941745&status=pending 
[2026-02-16T22:08:18.528Z] [INFO] GET /api/vehicles/67125ea6-c050-4b6e-b4ce-e65e06941745 
[2026-02-16T22:09:08.916Z] [INFO] POST /api/assistance 
[2026-02-16T22:09:13.363Z] [INFO] GET /api/appointments?userId=67125ea6-c050-4b6e-b4ce-e65e06941745 
[2026-02-16T22:09:13.364Z] [INFO] GET /api/assistance?userId=67125ea6-c050-4b6e-b4ce-e65e06941745 
[2026-02-16T22:09:27.429Z] [INFO] POST /api/login 
[2026-02-16T22:09:27.778Z] [INFO] GET /api/assistance?zip=33327&status=pending 
[2026-02-16T22:09:27.781Z] [INFO] GET /api/assistance?zip=33327&status=pending 
[2026-02-16T22:09:27.783Z] [INFO] GET /api/vehicles/60b577d5-305f-423f-b6a2-fb3c13dcead3 
[2026-02-16T22:09:27.784Z] [INFO] GET /api/assistance?zip=33327&status=pending 
[2026-02-16T22:09:27.785Z] [INFO] GET /api/vehicles/60b577d5-305f-423f-b6a2-fb3c13dcead3 
[2026-02-16T22:09:27.786Z] [INFO] GET /api/appointments?mechanicId=60b577d5-305f-423f-b6a2-fb3c13dcead3 
[2026-02-16T22:09:27.787Z] [INFO] GET /api/assistance?mechanicId=60b577d5-305f-423f-b6a2-fb3c13dcead3 
[2026-02-16T22:09:27.882Z] [INFO] GET /api/assistance?zip=33327&status=pending 
[2026-02-16T22:09:32.718Z] [INFO] GET /api/appointments?mechanicId=60b577d5-305f-423f-b6a2-fb3c13dcead3 
[2026-02-16T22:09:32.720Z] [INFO] GET /api/assistance?mechanicId=60b577d5-305f-423f-b6a2-fb3c13dcead3 
[2026-02-16T22:09:42.809Z] [INFO] PATCH /api/assistance/1c19331b-b91d-4eeb-a52c-9b11811efaac 
[2026-02-16T22:09:44.549Z] [INFO] GET /api/assistance?zip=33327&status=pending 
[2026-02-16T22:09:44.626Z] [INFO] GET /api/appointments?mechanicId=60b577d5-305f-423f-b6a2-fb3c13dcead3 
[2026-02-16T22:09:44.627Z] [INFO] GET /api/assistance?mechanicId=60b577d5-305f-423f-b6a2-fb3c13dcead3 
[2026-02-16T22:09:44.913Z] [INFO] GET /api/assistance?zip=33327&status=pending 
[2026-02-16T22:09:52.058Z] [INFO] GET /api/users/60b577d5-305f-423f-b6a2-fb3c13dcead3 
[2026-02-16T22:09:52.063Z] [INFO] GET /api/users/67125ea6-c050-4b6e-b4ce-e65e06941745 
[2026-02-16T22:09:53.056Z] [INFO] PATCH /api/appointments/1c19331b-b91d-4eeb-a52c-9b11811efaac 
[2026-02-16T22:10:16.828Z] [INFO] GET /api/appointments?mechanicId=60b577d5-305f-423f-b6a2-fb3c13dcead3 
[2026-02-16T22:10:16.829Z] [INFO] GET /api/assistance?mechanicId=60b577d5-305f-423f-b6a2-fb3c13dcead3 
[2026-02-16T22:10:19.039Z] [INFO] GET /api/users/60b577d5-305f-423f-b6a2-fb3c13dcead3 
[2026-02-16T22:10:19.040Z] [INFO] GET /api/users/67125ea6-c050-4b6e-b4ce-e65e06941745 
[2026-02-16T22:10:20.056Z] [INFO] PATCH /api/appointments/1c19331b-b91d-4eeb-a52c-9b11811efaac 
[2026-02-16T22:10:22.890Z] [INFO] PATCH /api/appointments/1c19331b-b91d-4eeb-a52c-9b11811efaac 
[2026-02-16T22:10:23.607Z] [INFO] PATCH /api/appointments/1c19331b-b91d-4eeb-a52c-9b11811efaac 
[2026-02-16T22:10:26.021Z] [INFO] GET /api/appointments?mechanicId=60b577d5-305f-423f-b6a2-fb3c13dcead3 
[2026-02-16T22:10:26.023Z] [INFO] GET /api/assistance?mechanicId=60b577d5-305f-423f-b6a2-fb3c13dcead3 
[2026-02-16T22:10:34.950Z] [INFO] POST /api/login 
[2026-02-16T22:10:35.302Z] [INFO] GET /api/assistance?userId=67125ea6-c050-4b6e-b4ce-e65e06941745&status=pending 
[2026-02-16T22:10:35.305Z] [INFO] GET /api/vehicles/67125ea6-c050-4b6e-b4ce-e65e06941745 
[2026-02-16T22:10:35.307Z] [INFO] GET /api/assistance?userId=67125ea6-c050-4b6e-b4ce-e65e06941745&status=pending 
[2026-02-16T22:10:35.309Z] [INFO] GET /api/assistance?userId=67125ea6-c050-4b6e-b4ce-e65e06941745&status=pending 
[2026-02-16T22:10:35.310Z] [INFO] GET /api/vehicles/67125ea6-c050-4b6e-b4ce-e65e06941745 
[2026-02-16T22:10:35.311Z] [INFO] GET /api/appointments?userId=67125ea6-c050-4b6e-b4ce-e65e06941745 
[2026-02-16T22:10:35.311Z] [INFO] GET /api/assistance?userId=67125ea6-c050-4b6e-b4ce-e65e06941745 
[2026-02-16T22:10:35.435Z] [INFO] GET /api/assistance?userId=67125ea6-c050-4b6e-b4ce-e65e06941745&status=pending 
[2026-02-16T22:10:37.381Z] [INFO] GET /api/appointments?userId=67125ea6-c050-4b6e-b4ce-e65e06941745 
[2026-02-16T22:10:37.381Z] [INFO] GET /api/assistance?userId=67125ea6-c050-4b6e-b4ce-e65e06941745 
[2026-02-16T22:10:41.486Z] [INFO] GET /api/users/60b577d5-305f-423f-b6a2-fb3c13dcead3 
[2026-02-16T22:10:55.269Z] [INFO] GET /api/appointments?userId=67125ea6-c050-4b6e-b4ce-e65e06941745 
[2026-02-16T22:10:55.270Z] [INFO] GET /api/assistance?userId=67125ea6-c050-4b6e-b4ce-e65e06941745 
[2026-02-16T22:11:01.794Z] [INFO] PATCH /api/appointments/1c19331b-b91d-4eeb-a52c-9b11811efaac 
[2026-02-16T22:11:02.111Z] [INFO] GET /api/appointments?userId=67125ea6-c050-4b6e-b4ce-e65e06941745 
[2026-02-16T22:11:02.113Z] [INFO] GET /api/assistance?userId=67125ea6-c050-4b6e-b4ce-e65e06941745 
[2026-02-16T22:11:03.625Z] [INFO] GET /api/assistance?userId=67125ea6-c050-4b6e-b4ce-e65e06941745&status=pending 
[2026-02-16T22:11:04.406Z] [INFO] GET /api/appointments?userId=67125ea6-c050-4b6e-b4ce-e65e06941745 
[2026-02-16T22:11:04.407Z] [INFO] GET /api/assistance?userId=67125ea6-c050-4b6e-b4ce-e65e06941745 
[2026-02-16T22:11:05.158Z] [INFO] GET /api/appointments?userId=67125ea6-c050-4b6e-b4ce-e65e06941745 
[2026-02-16T22:11:05.159Z] [INFO] GET /api/assistance?userId=67125ea6-c050-4b6e-b4ce-e65e06941745 
[2026-02-16T22:11:06.604Z] [INFO] GET /api/appointments?userId=67125ea6-c050-4b6e-b4ce-e65e06941745 
[2026-02-16T22:11:06.605Z] [INFO] GET /api/assistance?userId=67125ea6-c050-4b6e-b4ce-e65e06941745 
[2026-02-16T22:11:26.512Z] [INFO] GET /api/appointments 
[2026-02-16T22:11:26.515Z] [INFO] GET /api/assistance 
[2026-02-16T22:11:26.520Z] [INFO] GET /api/appointments 
[2026-02-16T22:11:26.521Z] [INFO] GET /api/assistance 
[2026-02-16T22:11:27.421Z] [INFO] GET /api/appointments 
[2026-02-16T22:11:27.422Z] [INFO] GET /api/assistance 
[2026-02-16T22:11:27.423Z] [INFO] GET /api/appointments 
[2026-02-16T22:11:27.423Z] [INFO] GET /api/assistance 
[2026-02-16T22:12:43.071Z] [INFO] GET /api/appointments?userId=67125ea6-c050-4b6e-b4ce-e65e06941745 
[2026-02-16T22:12:43.074Z] [INFO] GET /api/assistance?userId=67125ea6-c050-4b6e-b4ce-e65e06941745 
[2026-02-16T22:12:55.861Z] [INFO] GET /api/vehicles/67125ea6-c050-4b6e-b4ce-e65e06941745 
[2026-02-16T22:13:07.479Z] [INFO] POST /api/assistance 
[2026-02-16T22:13:10.688Z] [INFO] GET /api/appointments?userId=67125ea6-c050-4b6e-b4ce-e65e06941745 
[2026-02-16T22:13:10.689Z] [INFO] GET /api/assistance?userId=67125ea6-c050-4b6e-b4ce-e65e06941745 
[2026-02-16T22:13:59.762Z] [INFO] GET /api/assistance?userId=67125ea6-c050-4b6e-b4ce-e65e06941745&status=pending 
[2026-02-16T22:14:01.664Z] [INFO] GET /api/appointments?userId=67125ea6-c050-4b6e-b4ce-e65e06941745 
[2026-02-16T22:14:01.665Z] [INFO] GET /api/assistance?userId=67125ea6-c050-4b6e-b4ce-e65e06941745 
[2026-02-16T22:15:01.195Z] [INFO] GET /api/appointments?userId=67125ea6-c050-4b6e-b4ce-e65e06941745 
[2026-02-16T22:15:01.198Z] [INFO] GET /api/assistance?userId=67125ea6-c050-4b6e-b4ce-e65e06941745 
[2026-02-16T22:15:03.852Z] [INFO] GET /api/appointments?userId=67125ea6-c050-4b6e-b4ce-e65e06941745 
[2026-02-16T22:15:03.853Z] [INFO] GET /api/assistance?userId=67125ea6-c050-4b6e-b4ce-e65e06941745 
[2026-02-16T22:15:07.995Z] [INFO] GET /api/appointments?userId=67125ea6-c050-4b6e-b4ce-e65e06941745 
[2026-02-16T22:15:07.995Z] [INFO] GET /api/assistance?userId=67125ea6-c050-4b6e-b4ce-e65e06941745 
[2026-02-16T22:15:21.060Z] [INFO] GET /api/appointments?userId=67125ea6-c050-4b6e-b4ce-e65e06941745 
[2026-02-16T22:15:21.061Z] [INFO] GET /api/assistance?userId=67125ea6-c050-4b6e-b4ce-e65e06941745 
[2026-02-16T22:22:00.466Z] [INFO] GET /api/appointments?userId=67125ea6-c050-4b6e-b4ce-e65e06941745 
[2026-02-16T22:22:00.478Z] [INFO] GET /api/assistance?userId=67125ea6-c050-4b6e-b4ce-e65e06941745 
[2026-02-16T22:22:20.973Z] [INFO] GET /api/appointments?userId=67125ea6-c050-4b6e-b4ce-e65e06941745 
[2026-02-16T22:22:20.974Z] [INFO] GET /api/assistance?userId=67125ea6-c050-4b6e-b4ce-e65e06941745 
[2026-02-16T22:22:23.811Z] [INFO] GET /api/vehicles/67125ea6-c050-4b6e-b4ce-e65e06941745 
[2026-02-16T22:22:41.287Z] [INFO] GET /api/appointments?userId=67125ea6-c050-4b6e-b4ce-e65e06941745 
[2026-02-16T22:22:41.289Z] [INFO] GET /api/assistance?userId=67125ea6-c050-4b6e-b4ce-e65e06941745 
[2026-02-16T22:25:01.442Z] [INFO] POST /api/login 
[2026-02-16T22:25:01.618Z] [INFO] GET /api/appointments?mechanicId=60b577d5-305f-423f-b6a2-fb3c13dcead3 
[2026-02-16T22:25:01.621Z] [INFO] GET /api/assistance?mechanicId=60b577d5-305f-423f-b6a2-fb3c13dcead3 
[2026-02-16T22:25:01.693Z] [INFO] GET /api/assistance?zip=33327&status=pending 
[2026-02-16T22:25:12.148Z] [INFO] GET /api/appointments?mechanicId=60b577d5-305f-423f-b6a2-fb3c13dcead3 
[2026-02-16T22:25:12.150Z] [INFO] GET /api/assistance?mechanicId=60b577d5-305f-423f-b6a2-fb3c13dcead3 
[2026-02-16T22:25:26.678Z] [INFO] PATCH /api/users/60b577d5-305f-423f-b6a2-fb3c13dcead3 
[2026-02-16T22:25:26.848Z] [INFO] GET /api/assistance?zip=94108&status=pending 
[2026-02-16T22:25:28.654Z] [INFO] GET /api/appointments?mechanicId=60b577d5-305f-423f-b6a2-fb3c13dcead3 
[2026-02-16T22:25:28.656Z] [INFO] GET /api/assistance?mechanicId=60b577d5-305f-423f-b6a2-fb3c13dcead3 
[2026-02-16T22:25:51.483Z] [INFO] PATCH /api/assistance/b8dd0cb2-9f14-4988-abb8-7b3e0b45a351 
[2026-02-16T22:25:52.280Z] [INFO] GET /api/assistance?zip=94108&status=pending 
[2026-02-16T22:25:52.334Z] [INFO] GET /api/appointments?mechanicId=60b577d5-305f-423f-b6a2-fb3c13dcead3 
[2026-02-16T22:25:52.341Z] [INFO] GET /api/assistance?mechanicId=60b577d5-305f-423f-b6a2-fb3c13dcead3 
[2026-02-16T22:25:53.581Z] [INFO] GET /api/assistance?zip=94108&status=pending 
[2026-02-16T22:29:22.619Z] [INFO] GET /api/users 
[2026-02-16T22:29:23.261Z] [INFO] GET /api/appointments 
[2026-02-16T22:29:23.262Z] [INFO] GET /api/assistance 
[2026-02-16T22:29:37.469Z] [INFO] GET /api/users 
[2026-02-16T22:29:37.471Z] [INFO] GET /api/users 
[2026-02-16T22:29:51.892Z] [INFO] GET /api/users 
[2026-02-16T22:29:51.893Z] [INFO] GET /api/users 
[2026-02-16T22:30:55.867Z] [INFO] GET /api/users 
[2026-02-16T22:30:55.870Z] [INFO] GET /api/users 
[2026-02-16T22:30:58.290Z] [INFO] GET /api/appointments 
[2026-02-16T22:30:58.291Z] [INFO] GET /api/appointments 
[2026-02-16T22:30:58.292Z] [INFO] GET /api/assistance 
[2026-02-16T22:30:58.294Z] [INFO] GET /api/assistance 
[2026-02-16T22:43:23.165Z] [INFO] GET /api/appointments?userId=user-111 
[2026-02-16T22:43:23.172Z] [INFO] GET /api/assistance?userId=user-111 
[2026-02-16T23:25:03.916Z] [INFO] GET /api/appointments 
[2026-02-16T23:25:03.921Z] [INFO] GET /api/assistance 
[2026-02-16T23:25:03.933Z] [INFO] GET /api/appointments 
[2026-02-16T23:25:03.938Z] [INFO] GET /api/assistance 
[2026-02-17T02:43:13.786Z] [INFO] POST /api/login 
[2026-02-17T02:43:13.881Z] [INFO] GET /api/appointments?userId=67125ea6-c050-4b6e-b4ce-e65e06941745 
[2026-02-17T02:43:13.884Z] [INFO] GET /api/assistance?userId=67125ea6-c050-4b6e-b4ce-e65e06941745 
[2026-02-17T02:43:13.941Z] [INFO] GET /api/assistance?userId=67125ea6-c050-4b6e-b4ce-e65e06941745&status=pending 
[2026-02-17T02:43:19.629Z] [INFO] GET /api/vehicles/67125ea6-c050-4b6e-b4ce-e65e06941745 
[2026-02-17T02:46:34.133Z] [INFO] GET /api/vehicles/67125ea6-c050-4b6e-b4ce-e65e06941745 
[2026-02-17T02:46:51.007Z] [INFO] PATCH /api/vehicles/1771279562909 
[2026-02-17T02:46:51.031Z] [INFO] GET /api/vehicles/67125ea6-c050-4b6e-b4ce-e65e06941745 
[2026-02-17T02:46:58.200Z] [INFO] PATCH /api/vehicles/1771279562909 
[2026-02-17T02:46:58.213Z] [INFO] GET /api/vehicles/67125ea6-c050-4b6e-b4ce-e65e06941745 
[2026-02-17T02:48:57.165Z] [INFO] GET /api/vehicles/67125ea6-c050-4b6e-b4ce-e65e06941745 
[2026-02-17T02:50:43.908Z] [INFO] GET /api/appointments?userId=67125ea6-c050-4b6e-b4ce-e65e06941745 
[2026-02-17T02:50:43.911Z] [INFO] GET /api/assistance?userId=67125ea6-c050-4b6e-b4ce-e65e06941745 
[2026-02-17T02:51:02.290Z] [INFO] GET /api/vehicles/67125ea6-c050-4b6e-b4ce-e65e06941745 
[2026-02-17T02:51:42.036Z] [INFO] POST /api/vehicles 
[2026-02-17T02:51:42.048Z] [INFO] GET /api/vehicles/67125ea6-c050-4b6e-b4ce-e65e06941745 
[2026-02-17T02:52:02.053Z] [INFO] POST /api/login 
[2026-02-17T02:52:02.082Z] [INFO] GET /api/appointments?userId=67125ea6-c050-4b6e-b4ce-e65e06941745 
[2026-02-17T02:52:02.083Z] [INFO] GET /api/assistance?userId=67125ea6-c050-4b6e-b4ce-e65e06941745 
[2026-02-17T02:52:02.142Z] [INFO] GET /api/assistance?userId=67125ea6-c050-4b6e-b4ce-e65e06941745&status=pending 
[2026-02-17T02:52:08.146Z] [INFO] GET /api/vehicles/67125ea6-c050-4b6e-b4ce-e65e06941745 
[2026-02-17T02:52:34.303Z] [INFO] PATCH /api/vehicles/1771296702031 
[2026-02-17T02:52:34.315Z] [INFO] GET /api/vehicles/67125ea6-c050-4b6e-b4ce-e65e06941745 
[2026-02-17T02:54:08.051Z] [INFO] GET /api/vehicles/67125ea6-c050-4b6e-b4ce-e65e06941745 
[2026-02-17T02:54:40.439Z] [INFO] DELETE /api/vehicles/1771296702031 
[2026-02-17T02:54:40.451Z] [INFO] GET /api/vehicles/67125ea6-c050-4b6e-b4ce-e65e06941745 
[2026-02-17T02:55:41.877Z] [INFO] GET /api/vehicles/67125ea6-c050-4b6e-b4ce-e65e06941745 
[2026-02-17T02:56:18.534Z] [INFO] GET /api/appointments?userId=67125ea6-c050-4b6e-b4ce-e65e06941745 
[2026-02-17T02:56:18.539Z] [INFO] GET /api/assistance?userId=67125ea6-c050-4b6e-b4ce-e65e06941745 
[2026-02-17T02:56:21.205Z] [INFO] POST /api/login 
[2026-02-17T02:56:21.327Z] [INFO] GET /api/assistance?userId=67125ea6-c050-4b6e-b4ce-e65e06941745&status=pending 
[2026-02-17T02:56:23.897Z] [INFO] GET /api/vehicles/67125ea6-c050-4b6e-b4ce-e65e06941745 
[2026-02-17T02:57:12.174Z] [INFO] GET /api/vehicles/67125ea6-c050-4b6e-b4ce-e65e06941745 
[2026-02-17T02:57:58.091Z] [INFO] GET /api/appointments?userId=67125ea6-c050-4b6e-b4ce-e65e06941745 
[2026-02-17T02:57:58.095Z] [INFO] GET /api/assistance?userId=67125ea6-c050-4b6e-b4ce-e65e06941745 
[2026-02-17T02:58:11.993Z] [INFO] GET /api/vehicles/67125ea6-c050-4b6e-b4ce-e65e06941745 
[2026-02-17T02:58:21.966Z] [INFO] OPTIONS /api/login 
[2026-02-17T02:58:21.967Z] [INFO] POST /api/login 
[2026-02-17T02:58:22.030Z] [INFO] GET /api/appointments?userId=67125ea6-c050-4b6e-b4ce-e65e06941745 
[2026-02-17T02:58:22.031Z] [INFO] GET /api/assistance?userId=67125ea6-c050-4b6e-b4ce-e65e06941745 
[2026-02-17T02:58:22.083Z] [INFO] GET /api/assistance?userId=67125ea6-c050-4b6e-b4ce-e65e06941745&status=pending 
[2026-02-17T02:58:24.146Z] [INFO] GET /api/vehicles/67125ea6-c050-4b6e-b4ce-e65e06941745 
[2026-02-17T03:02:08.084Z] [INFO] POST /api/vehicles 
[2026-02-17T03:02:08.115Z] [INFO] GET /api/vehicles/67125ea6-c050-4b6e-b4ce-e65e06941745 
[2026-02-17T03:06:51.940Z] [INFO] GET /api/appointments?userId=67125ea6-c050-4b6e-b4ce-e65e06941745 
[2026-02-17T03:06:51.951Z] [INFO] GET /api/assistance?userId=67125ea6-c050-4b6e-b4ce-e65e06941745 
[2026-02-17T03:06:52.547Z] [INFO] GET /api/vehicles/67125ea6-c050-4b6e-b4ce-e65e06941745 
[2026-02-17T03:06:52.548Z] [INFO] GET /api/appointments?userId=67125ea6-c050-4b6e-b4ce-e65e06941745 
[2026-02-17T03:06:52.548Z] [INFO] GET /api/assistance?userId=67125ea6-c050-4b6e-b4ce-e65e06941745 
[2026-02-17T03:06:59.160Z] [INFO] POST /api/login 
[2026-02-17T03:06:59.292Z] [INFO] GET /api/assistance?userId=67125ea6-c050-4b6e-b4ce-e65e06941745&status=pending 
[2026-02-17T03:07:01.394Z] [INFO] GET /api/vehicles/67125ea6-c050-4b6e-b4ce-e65e06941745 
[2026-02-17T03:27:44.460Z] [INFO] POST /api/login 
[2026-02-17T03:27:44.621Z] [INFO] GET /api/appointments?mechanicId=60b577d5-305f-423f-b6a2-fb3c13dcead3 
[2026-02-17T03:27:44.622Z] [INFO] GET /api/assistance?mechanicId=60b577d5-305f-423f-b6a2-fb3c13dcead3 
[2026-02-17T03:27:44.676Z] [INFO] GET /api/assistance?zip=94108&status=pending 
[2026-02-17T03:27:55.126Z] [INFO] GET /api/appointments?mechanicId=60b577d5-305f-423f-b6a2-fb3c13dcead3 
[2026-02-17T03:27:55.127Z] [INFO] GET /api/assistance?mechanicId=60b577d5-305f-423f-b6a2-fb3c13dcead3 
[2026-02-17T03:28:06.828Z] [INFO] POST /api/login 
[2026-02-17T03:28:06.982Z] [INFO] GET /api/appointments?userId=67125ea6-c050-4b6e-b4ce-e65e06941745 
[2026-02-17T03:28:06.984Z] [INFO] GET /api/assistance?userId=67125ea6-c050-4b6e-b4ce-e65e06941745 
[2026-02-17T03:28:07.041Z] [INFO] GET /api/assistance?userId=67125ea6-c050-4b6e-b4ce-e65e06941745&status=pending 
[2026-02-17T03:28:13.599Z] [INFO] GET /api/appointments?userId=67125ea6-c050-4b6e-b4ce-e65e06941745 
[2026-02-17T03:28:13.599Z] [INFO] GET /api/assistance?userId=67125ea6-c050-4b6e-b4ce-e65e06941745 
[2026-02-17T03:28:15.237Z] [INFO] GET /api/appointments?userId=67125ea6-c050-4b6e-b4ce-e65e06941745 
[2026-02-17T03:28:15.237Z] [INFO] GET /api/assistance?userId=67125ea6-c050-4b6e-b4ce-e65e06941745 
[2026-02-17T03:28:16.273Z] [INFO] GET /api/users/60b577d5-305f-423f-b6a2-fb3c13dcead3 
[2026-02-17T03:30:00.105Z] [INFO] GET /api/appointments?userId=67125ea6-c050-4b6e-b4ce-e65e06941745 
[2026-02-17T03:30:00.107Z] [INFO] GET /api/assistance?userId=67125ea6-c050-4b6e-b4ce-e65e06941745 
[2026-02-17T03:30:04.774Z] [INFO] GET /api/appointments?userId=67125ea6-c050-4b6e-b4ce-e65e06941745 
[2026-02-17T03:30:04.774Z] [INFO] GET /api/assistance?userId=67125ea6-c050-4b6e-b4ce-e65e06941745 
[2026-02-17T03:30:06.213Z] [INFO] GET /api/appointments?userId=67125ea6-c050-4b6e-b4ce-e65e06941745 
[2026-02-17T03:30:06.213Z] [INFO] GET /api/assistance?userId=67125ea6-c050-4b6e-b4ce-e65e06941745 
[2026-02-17T03:30:40.004Z] [INFO] GET /api/appointments 
[2026-02-17T03:30:40.007Z] [INFO] GET /api/assistance 
[2026-02-17T03:30:40.018Z] [INFO] GET /api/assistance 
[2026-02-17T03:30:40.019Z] [INFO] GET /api/appointments 
[2026-02-17T03:50:07.435Z] [INFO] GET /api/appointments?userId=67125ea6-c050-4b6e-b4ce-e65e06941745 
[2026-02-17T03:50:07.448Z] [INFO] GET /api/assistance?userId=67125ea6-c050-4b6e-b4ce-e65e06941745 
[2026-02-17T03:54:58.018Z] [INFO] GET /api/vehicles/67125ea6-c050-4b6e-b4ce-e65e06941745 
[2026-02-17T03:54:58.023Z] [INFO] GET /api/appointments?userId=67125ea6-c050-4b6e-b4ce-e65e06941745 
[2026-02-17T03:54:58.024Z] [INFO] GET /api/assistance?userId=67125ea6-c050-4b6e-b4ce-e65e06941745 
[2026-02-17T03:54:58.051Z] [INFO] GET /api/appointments?userId=67125ea6-c050-4b6e-b4ce-e65e06941745 
[2026-02-17T03:54:58.051Z] [INFO] GET /api/assistance?userId=67125ea6-c050-4b6e-b4ce-e65e06941745 
[2026-02-17T03:56:49.306Z] [INFO] GET /api/assistance?userId=67125ea6-c050-4b6e-b4ce-e65e06941745&status=pending 
[2026-02-17T03:56:52.847Z] [INFO] GET /api/vehicles/67125ea6-c050-4b6e-b4ce-e65e06941745 
[2026-02-17T03:57:02.221Z] [INFO] POST /api/assistance 
[2026-02-17T03:57:22.391Z] [INFO] PATCH /api/appointments/18 
[2026-02-17T03:58:09.188Z] [INFO] PATCH /api/appointments/b8dd0cb2-9f14-4988-abb8-7b3e0b45a351 
[2026-02-17T03:58:09.299Z] [INFO] GET /api/appointments?userId=67125ea6-c050-4b6e-b4ce-e65e06941745 
[2026-02-17T03:58:09.300Z] [INFO] GET /api/assistance?userId=67125ea6-c050-4b6e-b4ce-e65e06941745 
[2026-02-17T03:59:04.829Z] [INFO] GET /api/appointments 
[2026-02-17T03:59:04.835Z] [INFO] GET /api/assistance 
[2026-02-17T03:59:04.849Z] [INFO] GET /api/appointments 
[2026-02-17T03:59:04.855Z] [INFO] GET /api/assistance 
[2026-02-17T03:59:21.197Z] [INFO] GET /api/appointments?userId=67125ea6-c050-4b6e-b4ce-e65e06941745 
[2026-02-17T03:59:21.198Z] [INFO] GET /api/assistance?userId=67125ea6-c050-4b6e-b4ce-e65e06941745 
[2026-02-17T03:59:21.727Z] [INFO] GET /api/assistance?userId=67125ea6-c050-4b6e-b4ce-e65e06941745&status=pending 
[2026-02-17T03:59:22.712Z] [INFO] GET /api/appointments?userId=67125ea6-c050-4b6e-b4ce-e65e06941745 
[2026-02-17T03:59:22.712Z] [INFO] GET /api/assistance?userId=67125ea6-c050-4b6e-b4ce-e65e06941745 
[2026-02-17T03:59:51.625Z] [INFO] PATCH /api/appointments/107365f9-7d0a-4175-8dac-c0b11db382c4 
[2026-02-17T03:59:51.799Z] [INFO] GET /api/appointments?userId=67125ea6-c050-4b6e-b4ce-e65e06941745 
[2026-02-17T03:59:51.801Z] [INFO] GET /api/assistance?userId=67125ea6-c050-4b6e-b4ce-e65e06941745 
[2026-02-17T03:59:53.031Z] [INFO] GET /api/assistance?userId=67125ea6-c050-4b6e-b4ce-e65e06941745&status=pending 
[2026-02-17T03:59:58.512Z] [INFO] GET /api/vehicles/67125ea6-c050-4b6e-b4ce-e65e06941745 
[2026-02-17T04:00:05.536Z] [INFO] POST /api/assistance 
[2026-02-17T04:00:10.557Z] [INFO] GET /api/appointments?userId=67125ea6-c050-4b6e-b4ce-e65e06941745 
[2026-02-17T04:00:10.558Z] [INFO] GET /api/assistance?userId=67125ea6-c050-4b6e-b4ce-e65e06941745 
[2026-02-17T04:00:10.747Z] [INFO] GET /api/assistance/19 
[2026-02-17T04:00:27.670Z] [INFO] GET /api/assistance?userId=67125ea6-c050-4b6e-b4ce-e65e06941745&status=pending 
[2026-02-17T04:00:34.188Z] [INFO] GET /api/appointments?userId=67125ea6-c050-4b6e-b4ce-e65e06941745 
[2026-02-17T04:00:34.189Z] [INFO] GET /api/assistance?userId=67125ea6-c050-4b6e-b4ce-e65e06941745 
[2026-02-17T04:00:36.591Z] [INFO] GET /api/appointments?userId=67125ea6-c050-4b6e-b4ce-e65e06941745 
[2026-02-17T04:00:36.594Z] [INFO] GET /api/assistance?userId=67125ea6-c050-4b6e-b4ce-e65e06941745 
[2026-02-17T04:00:40.850Z] [INFO] PATCH /api/appointments/a5e5b145-7d47-4b13-a456-0cd8377c71b2 
[2026-02-17T04:00:41.063Z] [INFO] GET /api/appointments?userId=67125ea6-c050-4b6e-b4ce-e65e06941745 
[2026-02-17T04:00:41.065Z] [INFO] GET /api/assistance?userId=67125ea6-c050-4b6e-b4ce-e65e06941745 
[2026-02-17T04:00:41.885Z] [INFO] GET /api/assistance?userId=67125ea6-c050-4b6e-b4ce-e65e06941745&status=pending 
[2026-02-17T04:00:44.006Z] [INFO] GET /api/vehicles/67125ea6-c050-4b6e-b4ce-e65e06941745 
[2026-02-17T04:00:54.871Z] [INFO] POST /api/assistance 
[2026-02-17T04:01:00.008Z] [INFO] GET /api/assistance/20 
[2026-02-17T04:02:05.278Z] [INFO] GET /api/appointments 
[2026-02-17T04:02:05.279Z] [INFO] GET /api/assistance 
[2026-02-17T04:02:16.155Z] [INFO] GET /api/appointments?userId=67125ea6-c050-4b6e-b4ce-e65e06941745 
[2026-02-17T04:02:16.163Z] [INFO] GET /api/assistance?userId=67125ea6-c050-4b6e-b4ce-e65e06941745 
[2026-02-17T04:02:17.128Z] [INFO] GET /api/vehicles/67125ea6-c050-4b6e-b4ce-e65e06941745 
[2026-02-17T04:02:17.130Z] [INFO] GET /api/appointments?userId=67125ea6-c050-4b6e-b4ce-e65e06941745 
[2026-02-17T04:02:17.131Z] [INFO] GET /api/assistance?userId=67125ea6-c050-4b6e-b4ce-e65e06941745 
[2026-02-17T04:02:18.219Z] [INFO] POST /api/login 
[2026-02-17T04:02:18.382Z] [INFO] GET /api/assistance?userId=67125ea6-c050-4b6e-b4ce-e65e06941745&status=pending 
[2026-02-17T04:02:20.719Z] [INFO] GET /api/appointments?userId=67125ea6-c050-4b6e-b4ce-e65e06941745 
[2026-02-17T04:02:20.719Z] [INFO] GET /api/assistance?userId=67125ea6-c050-4b6e-b4ce-e65e06941745 
[2026-02-17T04:02:25.822Z] [INFO] PATCH /api/appointments/90d92cb7-f649-4cdd-8668-9b3a431c3c33 
[2026-02-17T04:02:25.935Z] [INFO] GET /api/appointments?userId=67125ea6-c050-4b6e-b4ce-e65e06941745 
[2026-02-17T04:02:25.937Z] [INFO] GET /api/assistance?userId=67125ea6-c050-4b6e-b4ce-e65e06941745 
[2026-02-17T04:02:26.740Z] [INFO] GET /api/assistance?userId=67125ea6-c050-4b6e-b4ce-e65e06941745&status=pending 
[2026-02-17T04:02:28.269Z] [INFO] GET /api/vehicles/67125ea6-c050-4b6e-b4ce-e65e06941745 
[2026-02-17T04:02:38.555Z] [INFO] POST /api/assistance 
[2026-02-17T04:02:43.648Z] [INFO] GET /api/assistance/21 
[2026-02-17T04:03:55.985Z] [INFO] GET /api/appointments?userId=67125ea6-c050-4b6e-b4ce-e65e06941745 
[2026-02-17T04:03:55.987Z] [INFO] GET /api/assistance?userId=67125ea6-c050-4b6e-b4ce-e65e06941745 
[2026-02-17T04:03:59.074Z] [INFO] GET /api/appointments?userId=67125ea6-c050-4b6e-b4ce-e65e06941745 
[2026-02-17T04:03:59.075Z] [INFO] GET /api/assistance?userId=67125ea6-c050-4b6e-b4ce-e65e06941745 
[2026-02-17T04:05:22.894Z] [INFO] GET /api/appointments?userId=67125ea6-c050-4b6e-b4ce-e65e06941745 
[2026-02-17T04:05:22.897Z] [INFO] GET /api/assistance?userId=67125ea6-c050-4b6e-b4ce-e65e06941745 
[2026-02-17T04:05:30.965Z] [INFO] GET /api/appointments?userId=67125ea6-c050-4b6e-b4ce-e65e06941745 
[2026-02-17T04:05:30.966Z] [INFO] GET /api/assistance?userId=67125ea6-c050-4b6e-b4ce-e65e06941745 
[2026-02-17T04:05:41.019Z] [INFO] GET /api/appointments?userId=67125ea6-c050-4b6e-b4ce-e65e06941745 
[2026-02-17T04:05:41.024Z] [INFO] GET /api/assistance?userId=67125ea6-c050-4b6e-b4ce-e65e06941745 
[2026-02-17T04:05:42.728Z] [INFO] GET /api/vehicles/67125ea6-c050-4b6e-b4ce-e65e06941745 
[2026-02-17T04:05:42.730Z] [INFO] GET /api/appointments?userId=67125ea6-c050-4b6e-b4ce-e65e06941745 
[2026-02-17T04:05:42.731Z] [INFO] GET /api/assistance?userId=67125ea6-c050-4b6e-b4ce-e65e06941745 
[2026-02-17T04:05:44.320Z] [INFO] POST /api/login 
[2026-02-17T04:05:44.450Z] [INFO] GET /api/assistance?userId=67125ea6-c050-4b6e-b4ce-e65e06941745&status=pending 
[2026-02-17T04:05:45.653Z] [INFO] GET /api/appointments?userId=67125ea6-c050-4b6e-b4ce-e65e06941745 
[2026-02-17T04:05:45.654Z] [INFO] GET /api/assistance?userId=67125ea6-c050-4b6e-b4ce-e65e06941745 
[2026-02-17T04:05:50.725Z] [INFO] PATCH /api/appointments/514148bc-9616-47de-acfe-9cb02210d4c7 
[2026-02-17T04:05:50.863Z] [INFO] GET /api/appointments?userId=67125ea6-c050-4b6e-b4ce-e65e06941745 
[2026-02-17T04:05:50.865Z] [INFO] GET /api/assistance?userId=67125ea6-c050-4b6e-b4ce-e65e06941745 
[2026-02-17T04:05:51.776Z] [INFO] GET /api/assistance?userId=67125ea6-c050-4b6e-b4ce-e65e06941745&status=pending 
[2026-02-17T04:05:53.270Z] [INFO] GET /api/vehicles/67125ea6-c050-4b6e-b4ce-e65e06941745 
[2026-02-17T04:06:00.857Z] [INFO] POST /api/assistance 
[2026-02-17T04:06:05.954Z] [INFO] GET /api/assistance/22 
[2026-02-17T04:06:06.904Z] [INFO] PATCH /api/assistance/22 
[2026-02-17T04:06:06.921Z] [INFO] GET /api/appointments?userId=67125ea6-c050-4b6e-b4ce-e65e06941745 
[2026-02-17T04:06:06.922Z] [INFO] GET /api/assistance?userId=67125ea6-c050-4b6e-b4ce-e65e06941745 
[2026-02-17T04:07:47.794Z] [INFO] GET /api/appointments?userId=67125ea6-c050-4b6e-b4ce-e65e06941745 
[2026-02-17T04:07:47.800Z] [INFO] GET /api/assistance?userId=67125ea6-c050-4b6e-b4ce-e65e06941745 
[2026-02-17T04:07:48.049Z] [INFO] GET /api/vehicles/67125ea6-c050-4b6e-b4ce-e65e06941745 
[2026-02-17T04:07:48.050Z] [INFO] GET /api/appointments?userId=67125ea6-c050-4b6e-b4ce-e65e06941745 
[2026-02-17T04:07:48.051Z] [INFO] GET /api/assistance?userId=67125ea6-c050-4b6e-b4ce-e65e06941745 
[2026-02-17T04:07:53.725Z] [INFO] POST /api/login 
[2026-02-17T04:07:53.873Z] [INFO] GET /api/assistance?userId=67125ea6-c050-4b6e-b4ce-e65e06941745&status=pending 
[2026-02-17T04:07:57.366Z] [INFO] GET /api/appointments?userId=67125ea6-c050-4b6e-b4ce-e65e06941745 
[2026-02-17T04:07:57.368Z] [INFO] GET /api/assistance?userId=67125ea6-c050-4b6e-b4ce-e65e06941745 
[2026-02-17T04:08:01.390Z] [INFO] PATCH /api/appointments/dff514e6-5956-43a7-b4dc-ba168bae6abd 
[2026-02-17T04:08:01.506Z] [INFO] GET /api/appointments?userId=67125ea6-c050-4b6e-b4ce-e65e06941745 
[2026-02-17T04:08:01.510Z] [INFO] GET /api/assistance?userId=67125ea6-c050-4b6e-b4ce-e65e06941745 
[2026-02-17T04:08:02.441Z] [INFO] GET /api/assistance?userId=67125ea6-c050-4b6e-b4ce-e65e06941745&status=pending 
[2026-02-17T04:08:04.187Z] [INFO] GET /api/vehicles/67125ea6-c050-4b6e-b4ce-e65e06941745 
[2026-02-17T04:08:10.908Z] [INFO] POST /api/assistance 
[2026-02-17T04:08:16.004Z] [INFO] GET /api/assistance/060be902-67e4-4c5d-bf8f-a1364d44d9f5 
[2026-02-17T04:08:16.972Z] [INFO] PATCH /api/assistance/060be902-67e4-4c5d-bf8f-a1364d44d9f5 
[2026-02-17T04:08:16.991Z] [INFO] GET /api/appointments?userId=67125ea6-c050-4b6e-b4ce-e65e06941745 
[2026-02-17T04:08:16.992Z] [INFO] GET /api/assistance?userId=67125ea6-c050-4b6e-b4ce-e65e06941745 
[2026-02-17T04:08:17.110Z] [INFO] GET /api/users/mechanic-001 
[2026-02-17T04:10:33.766Z] [INFO] GET /api/appointments?userId=67125ea6-c050-4b6e-b4ce-e65e06941745 
[2026-02-17T04:10:33.773Z] [INFO] GET /api/assistance?userId=67125ea6-c050-4b6e-b4ce-e65e06941745 
[2026-02-17T04:10:35.077Z] [INFO] GET /api/vehicles/67125ea6-c050-4b6e-b4ce-e65e06941745 
[2026-02-17T04:10:35.079Z] [INFO] GET /api/appointments?userId=67125ea6-c050-4b6e-b4ce-e65e06941745 
[2026-02-17T04:10:35.081Z] [INFO] GET /api/assistance?userId=67125ea6-c050-4b6e-b4ce-e65e06941745 
[2026-02-17T04:10:36.056Z] [INFO] POST /api/login 
[2026-02-17T04:10:36.189Z] [INFO] GET /api/assistance?userId=67125ea6-c050-4b6e-b4ce-e65e06941745&status=pending 
[2026-02-17T04:10:37.492Z] [INFO] GET /api/appointments?userId=67125ea6-c050-4b6e-b4ce-e65e06941745 
[2026-02-17T04:10:37.493Z] [INFO] GET /api/assistance?userId=67125ea6-c050-4b6e-b4ce-e65e06941745 
[2026-02-17T04:10:42.291Z] [INFO] PATCH /api/appointments/060be902-67e4-4c5d-bf8f-a1364d44d9f5 
[2026-02-17T04:10:42.402Z] [INFO] GET /api/appointments?userId=67125ea6-c050-4b6e-b4ce-e65e06941745 
[2026-02-17T04:10:42.404Z] [INFO] GET /api/assistance?userId=67125ea6-c050-4b6e-b4ce-e65e06941745 
[2026-02-17T04:10:44.198Z] [INFO] GET /api/assistance?userId=67125ea6-c050-4b6e-b4ce-e65e06941745&status=pending 
[2026-02-17T04:10:45.704Z] [INFO] GET /api/vehicles/67125ea6-c050-4b6e-b4ce-e65e06941745 
[2026-02-17T04:10:52.992Z] [INFO] POST /api/assistance 
[2026-02-17T04:10:56.046Z] [INFO] GET /api/assistance/56394684-5b2f-47d2-8f01-c804edf74b53 
[2026-02-17T04:10:59.045Z] [INFO] GET /api/assistance/56394684-5b2f-47d2-8f01-c804edf74b53 
[2026-02-17T04:11:02.047Z] [INFO] GET /api/assistance/56394684-5b2f-47d2-8f01-c804edf74b53 
[2026-02-17T04:11:05.054Z] [INFO] GET /api/assistance/56394684-5b2f-47d2-8f01-c804edf74b53 
[2026-02-17T04:11:08.048Z] [INFO] GET /api/assistance/56394684-5b2f-47d2-8f01-c804edf74b53 
[2026-02-17T04:11:11.051Z] [INFO] GET /api/assistance/56394684-5b2f-47d2-8f01-c804edf74b53 
[2026-02-17T04:11:14.056Z] [INFO] GET /api/assistance/56394684-5b2f-47d2-8f01-c804edf74b53 
[2026-02-17T04:11:17.051Z] [INFO] GET /api/assistance/56394684-5b2f-47d2-8f01-c804edf74b53 
[2026-02-17T04:11:19.746Z] [INFO] OPTIONS /api/login 
[2026-02-17T04:11:19.748Z] [INFO] POST /api/login 
[2026-02-17T04:11:19.778Z] [INFO] GET /api/appointments?mechanicId=60b577d5-305f-423f-b6a2-fb3c13dcead3 
[2026-02-17T04:11:19.778Z] [INFO] GET /api/assistance?mechanicId=60b577d5-305f-423f-b6a2-fb3c13dcead3 
[2026-02-17T04:11:19.805Z] [INFO] GET /api/assistance?zip=94108&status=pending 
[2026-02-17T04:11:20.051Z] [INFO] GET /api/assistance/56394684-5b2f-47d2-8f01-c804edf74b53 
[2026-02-17T04:11:23.055Z] [INFO] GET /api/assistance/56394684-5b2f-47d2-8f01-c804edf74b53 
[2026-02-17T04:11:26.055Z] [INFO] GET /api/assistance/56394684-5b2f-47d2-8f01-c804edf74b53 
[2026-02-17T04:11:29.055Z] [INFO] GET /api/assistance/56394684-5b2f-47d2-8f01-c804edf74b53 
[2026-02-17T04:11:32.055Z] [INFO] GET /api/assistance/56394684-5b2f-47d2-8f01-c804edf74b53 
[2026-02-17T04:11:32.916Z] [INFO] OPTIONS /api/users/60b577d5-305f-423f-b6a2-fb3c13dcead3 
[2026-02-17T04:11:32.917Z] [INFO] PATCH /api/users/60b577d5-305f-423f-b6a2-fb3c13dcead3 
[2026-02-17T04:11:32.999Z] [INFO] GET /api/assistance?zip=33327&status=pending 
[2026-02-17T04:11:35.056Z] [INFO] GET /api/assistance/56394684-5b2f-47d2-8f01-c804edf74b53 
[2026-02-17T04:11:36.429Z] [INFO] OPTIONS /api/assistance/56394684-5b2f-47d2-8f01-c804edf74b53 
[2026-02-17T04:11:36.430Z] [INFO] PATCH /api/assistance/56394684-5b2f-47d2-8f01-c804edf74b53 
[2026-02-17T04:11:37.144Z] [INFO] GET /api/assistance?zip=33327&status=pending 
[2026-02-17T04:11:37.177Z] [INFO] GET /api/appointments?mechanicId=60b577d5-305f-423f-b6a2-fb3c13dcead3 
[2026-02-17T04:11:37.178Z] [INFO] GET /api/assistance?mechanicId=60b577d5-305f-423f-b6a2-fb3c13dcead3 
[2026-02-17T04:11:38.057Z] [INFO] GET /api/assistance/56394684-5b2f-47d2-8f01-c804edf74b53 
[2026-02-17T04:11:38.126Z] [INFO] GET /api/assistance/56394684-5b2f-47d2-8f01-c804edf74b53 
[2026-02-17T04:11:38.459Z] [INFO] GET /api/assistance?zip=33327&status=pending 
[2026-02-17T04:11:45.608Z] [INFO] PATCH /api/assistance/56394684-5b2f-47d2-8f01-c804edf74b53 
[2026-02-17T04:11:45.625Z] [INFO] GET /api/appointments?userId=67125ea6-c050-4b6e-b4ce-e65e06941745 
[2026-02-17T04:11:45.626Z] [INFO] GET /api/assistance?userId=67125ea6-c050-4b6e-b4ce-e65e06941745 
[2026-02-17T04:11:45.750Z] [INFO] GET /api/users/mechanic-001 
[2026-02-17T04:13:30.307Z] [INFO] GET /api/appointments?userId=67125ea6-c050-4b6e-b4ce-e65e06941745 
[2026-02-17T04:13:30.308Z] [INFO] GET /api/assistance?userId=67125ea6-c050-4b6e-b4ce-e65e06941745 
[2026-02-17T04:13:31.671Z] [INFO] GET /api/assistance?mechanicId=60b577d5-305f-423f-b6a2-fb3c13dcead3 
[2026-02-17T04:13:31.673Z] [INFO] GET /api/appointments?mechanicId=60b577d5-305f-423f-b6a2-fb3c13dcead3 
[2026-02-17T04:13:37.898Z] [INFO] GET /api/appointments?mechanicId=60b577d5-305f-423f-b6a2-fb3c13dcead3 
[2026-02-17T04:13:37.900Z] [INFO] GET /api/assistance?mechanicId=60b577d5-305f-423f-b6a2-fb3c13dcead3 
[2026-02-17T04:13:41.026Z] [INFO] POST /api/login 
[2026-02-17T04:13:41.167Z] [INFO] GET /api/assistance?userId=67125ea6-c050-4b6e-b4ce-e65e06941745&status=pending 
[2026-02-17T04:13:42.097Z] [INFO] GET /api/appointments?userId=67125ea6-c050-4b6e-b4ce-e65e06941745 
[2026-02-17T04:13:42.099Z] [INFO] GET /api/assistance?userId=67125ea6-c050-4b6e-b4ce-e65e06941745 
[2026-02-17T04:13:46.259Z] [INFO] PATCH /api/appointments/56394684-5b2f-47d2-8f01-c804edf74b53 
[2026-02-17T04:13:46.368Z] [INFO] GET /api/appointments?userId=67125ea6-c050-4b6e-b4ce-e65e06941745 
[2026-02-17T04:13:46.369Z] [INFO] GET /api/assistance?userId=67125ea6-c050-4b6e-b4ce-e65e06941745 
[2026-02-17T04:13:47.277Z] [INFO] GET /api/assistance?userId=67125ea6-c050-4b6e-b4ce-e65e06941745&status=pending 
[2026-02-17T04:13:49.039Z] [INFO] GET /api/vehicles/67125ea6-c050-4b6e-b4ce-e65e06941745 
[2026-02-17T04:13:56.225Z] [INFO] POST /api/assistance 
[2026-02-17T04:13:58.044Z] [INFO] GET /api/assistance?zip=33327&status=pending 
[2026-02-17T04:13:59.282Z] [INFO] GET /api/assistance/e007b93a-1cf4-4641-8ce5-19f33963e83b 
[2026-02-17T04:13:59.739Z] [INFO] OPTIONS /api/assistance/e007b93a-1cf4-4641-8ce5-19f33963e83b 
[2026-02-17T04:13:59.740Z] [INFO] PATCH /api/assistance/e007b93a-1cf4-4641-8ce5-19f33963e83b 
[2026-02-17T04:14:00.461Z] [INFO] GET /api/assistance?zip=33327&status=pending 
[2026-02-17T04:14:01.776Z] [INFO] GET /api/assistance?zip=33327&status=pending 
[2026-02-17T04:14:02.283Z] [INFO] GET /api/assistance/e007b93a-1cf4-4641-8ce5-19f33963e83b 
[2026-02-17T04:14:02.345Z] [INFO] GET /api/assistance/e007b93a-1cf4-4641-8ce5-19f33963e83b 
[2026-02-17T04:14:03.707Z] [INFO] PATCH /api/assistance/e007b93a-1cf4-4641-8ce5-19f33963e83b 
[2026-02-17T04:14:03.724Z] [INFO] GET /api/appointments?userId=67125ea6-c050-4b6e-b4ce-e65e06941745 
[2026-02-17T04:14:03.725Z] [INFO] GET /api/assistance?userId=67125ea6-c050-4b6e-b4ce-e65e06941745 
[2026-02-17T04:14:03.852Z] [INFO] GET /api/users/mech-1 
[2026-02-17T04:14:21.901Z] [INFO] GET /api/assistance 
[2026-02-17T04:14:21.902Z] [INFO] GET /api/appointments 
[2026-02-17T04:14:21.905Z] [INFO] GET /api/assistance 
[2026-02-17T04:14:21.905Z] [INFO] GET /api/appointments 
[2026-02-17T04:14:22.409Z] [INFO] GET /api/appointments 
[2026-02-17T04:14:22.410Z] [INFO] GET /api/assistance 
[2026-02-17T04:14:22.411Z] [INFO] GET /api/appointments 
[2026-02-17T04:14:22.412Z] [INFO] GET /api/assistance 
[2026-02-17T04:14:32.431Z] [INFO] GET /api/appointments?userId=67125ea6-c050-4b6e-b4ce-e65e06941745 
[2026-02-17T04:14:32.431Z] [INFO] GET /api/assistance?userId=67125ea6-c050-4b6e-b4ce-e65e06941745 
[2026-02-17T04:14:33.734Z] [INFO] GET /api/users/mech-1 
[2026-02-17T04:14:37.299Z] [INFO] GET /api/appointments?userId=67125ea6-c050-4b6e-b4ce-e65e06941745 
[2026-02-17T04:14:37.299Z] [INFO] GET /api/assistance?userId=67125ea6-c050-4b6e-b4ce-e65e06941745 
[2026-02-17T04:15:52.847Z] [INFO] GET /api/users/mech-1 
[2026-02-17T04:15:55.263Z] [INFO] GET /api/appointments 
[2026-02-17T04:15:55.264Z] [INFO] GET /api/assistance 
[2026-02-17T04:15:55.265Z] [INFO] GET /api/appointments 
[2026-02-17T04:15:55.266Z] [INFO] GET /api/assistance 
[2026-02-17T04:16:40.703Z] [INFO] GET /api/appointments?userId=67125ea6-c050-4b6e-b4ce-e65e06941745 
[2026-02-17T04:16:40.706Z] [INFO] GET /api/assistance?userId=67125ea6-c050-4b6e-b4ce-e65e06941745 
[2026-02-17T04:16:43.250Z] [INFO] GET /api/appointments?userId=67125ea6-c050-4b6e-b4ce-e65e06941745 
[2026-02-17T04:16:43.251Z] [INFO] GET /api/assistance?userId=67125ea6-c050-4b6e-b4ce-e65e06941745 
[2026-02-17T04:16:47.708Z] [INFO] PATCH /api/appointments/e007b93a-1cf4-4641-8ce5-19f33963e83b 
[2026-02-17T04:16:47.848Z] [INFO] GET /api/appointments?userId=67125ea6-c050-4b6e-b4ce-e65e06941745 
[2026-02-17T04:16:47.849Z] [INFO] GET /api/assistance?userId=67125ea6-c050-4b6e-b4ce-e65e06941745 
[2026-02-17T04:16:49.294Z] [INFO] GET /api/assistance?userId=67125ea6-c050-4b6e-b4ce-e65e06941745&status=pending 
[2026-02-17T04:16:51.600Z] [INFO] GET /api/vehicles/67125ea6-c050-4b6e-b4ce-e65e06941745 
[2026-02-17T04:16:58.842Z] [INFO] POST /api/assistance 
[2026-02-17T04:17:01.907Z] [INFO] GET /api/assistance/876b7061-389b-4b75-a489-93fe64016bf7 
[2026-02-17T04:17:04.911Z] [INFO] GET /api/assistance/876b7061-389b-4b75-a489-93fe64016bf7 
[2026-02-17T04:17:07.912Z] [INFO] GET /api/assistance/876b7061-389b-4b75-a489-93fe64016bf7 
[2026-02-17T04:17:10.912Z] [INFO] GET /api/assistance/876b7061-389b-4b75-a489-93fe64016bf7 
[2026-02-17T04:17:13.927Z] [INFO] GET /api/assistance/876b7061-389b-4b75-a489-93fe64016bf7 
[2026-02-17T04:17:16.913Z] [INFO] GET /api/assistance/876b7061-389b-4b75-a489-93fe64016bf7 
[2026-02-17T04:17:19.915Z] [INFO] GET /api/assistance/876b7061-389b-4b75-a489-93fe64016bf7 
[2026-02-17T04:17:22.913Z] [INFO] GET /api/assistance/876b7061-389b-4b75-a489-93fe64016bf7 
[2026-02-17T04:17:25.914Z] [INFO] GET /api/assistance?zip=33327&status=pending 
[2026-02-17T04:17:25.918Z] [INFO] GET /api/appointments?mechanicId=60b577d5-305f-423f-b6a2-fb3c13dcead3 
[2026-02-17T04:17:25.918Z] [INFO] GET /api/assistance?mechanicId=60b577d5-305f-423f-b6a2-fb3c13dcead3 
[2026-02-17T04:17:25.924Z] [INFO] GET /api/assistance/876b7061-389b-4b75-a489-93fe64016bf7 
[2026-02-17T04:17:28.917Z] [INFO] GET /api/assistance/876b7061-389b-4b75-a489-93fe64016bf7 
[2026-02-17T04:17:30.632Z] [INFO] OPTIONS /api/assistance/876b7061-389b-4b75-a489-93fe64016bf7 
[2026-02-17T04:17:30.633Z] [INFO] PATCH /api/assistance/876b7061-389b-4b75-a489-93fe64016bf7 
[2026-02-17T04:17:31.432Z] [INFO] GET /api/assistance?zip=33327&status=pending 
[2026-02-17T04:17:31.460Z] [INFO] GET /api/appointments?mechanicId=60b577d5-305f-423f-b6a2-fb3c13dcead3 
[2026-02-17T04:17:31.463Z] [INFO] GET /api/assistance?mechanicId=60b577d5-305f-423f-b6a2-fb3c13dcead3 
[2026-02-17T04:17:31.917Z] [INFO] GET /api/assistance/876b7061-389b-4b75-a489-93fe64016bf7 
[2026-02-17T04:17:32.009Z] [INFO] GET /api/assistance/876b7061-389b-4b75-a489-93fe64016bf7 
[2026-02-17T04:17:32.554Z] [INFO] GET /api/appointments 
[2026-02-17T04:17:32.558Z] [INFO] GET /api/assistance 
[2026-02-17T04:17:32.560Z] [INFO] GET /api/appointments 
[2026-02-17T04:17:32.560Z] [INFO] GET /api/assistance 
[2026-02-17T04:17:32.867Z] [INFO] GET /api/assistance?zip=33327&status=pending 
[2026-02-17T04:17:38.154Z] [INFO] PATCH /api/assistance/876b7061-389b-4b75-a489-93fe64016bf7 
[2026-02-17T04:17:38.162Z] [INFO] GET /api/appointments?userId=67125ea6-c050-4b6e-b4ce-e65e06941745 
[2026-02-17T04:17:38.163Z] [INFO] GET /api/assistance?userId=67125ea6-c050-4b6e-b4ce-e65e06941745 
[2026-02-17T04:17:38.304Z] [INFO] GET /api/users/60b577d5-305f-423f-b6a2-fb3c13dcead3 
[2026-02-17T04:17:49.863Z] [INFO] GET /api/assistance 
[2026-02-17T04:17:49.864Z] [INFO] GET /api/appointments 
[2026-02-17T04:17:49.867Z] [INFO] GET /api/assistance 
[2026-02-17T04:17:49.867Z] [INFO] GET /api/appointments 
[2026-02-17T04:20:52.651Z] [INFO] GET /api/appointments?userId=67125ea6-c050-4b6e-b4ce-e65e06941745 
[2026-02-17T04:20:52.656Z] [INFO] GET /api/assistance?userId=67125ea6-c050-4b6e-b4ce-e65e06941745 
[2026-02-17T04:20:54.094Z] [INFO] GET /api/appointments?mechanicId=60b577d5-305f-423f-b6a2-fb3c13dcead3 
[2026-02-17T04:20:54.098Z] [INFO] GET /api/assistance?mechanicId=60b577d5-305f-423f-b6a2-fb3c13dcead3 
[2026-02-17T04:20:54.878Z] [INFO] POST /api/login 
[2026-02-17T04:20:55.025Z] [INFO] GET /api/assistance?userId=67125ea6-c050-4b6e-b4ce-e65e06941745&status=pending 
[2026-02-17T04:20:56.379Z] [INFO] GET /api/appointments?userId=67125ea6-c050-4b6e-b4ce-e65e06941745 
[2026-02-17T04:20:56.380Z] [INFO] GET /api/assistance?userId=67125ea6-c050-4b6e-b4ce-e65e06941745 
[2026-02-17T04:21:00.445Z] [INFO] PATCH /api/appointments/876b7061-389b-4b75-a489-93fe64016bf7 
[2026-02-17T04:21:00.554Z] [INFO] GET /api/appointments?userId=67125ea6-c050-4b6e-b4ce-e65e06941745 
[2026-02-17T04:21:00.557Z] [INFO] GET /api/assistance?userId=67125ea6-c050-4b6e-b4ce-e65e06941745 
[2026-02-17T04:21:01.280Z] [INFO] GET /api/assistance?userId=67125ea6-c050-4b6e-b4ce-e65e06941745&status=pending 
[2026-02-17T04:21:03.325Z] [INFO] GET /api/vehicles/67125ea6-c050-4b6e-b4ce-e65e06941745 
[2026-02-17T04:21:11.161Z] [INFO] POST /api/assistance 
[2026-02-17T04:21:14.214Z] [INFO] GET /api/assistance/2bf19c37-1310-4c33-9000-e703aa7fd04a 
[2026-02-17T04:21:14.607Z] [INFO] GET /api/appointments 
[2026-02-17T04:21:14.608Z] [INFO] GET /api/assistance 
[2026-02-17T04:21:15.524Z] [INFO] GET /api/appointments 
[2026-02-17T04:21:15.524Z] [INFO] GET /api/assistance 
[2026-02-17T04:21:15.525Z] [INFO] GET /api/appointments 
[2026-02-17T04:21:15.526Z] [INFO] GET /api/assistance 
[2026-02-17T04:21:17.214Z] [INFO] GET /api/assistance/2bf19c37-1310-4c33-9000-e703aa7fd04a 
[2026-02-17T04:21:20.216Z] [INFO] GET /api/assistance/2bf19c37-1310-4c33-9000-e703aa7fd04a 
[2026-02-17T04:21:23.230Z] [INFO] GET /api/assistance/2bf19c37-1310-4c33-9000-e703aa7fd04a 
[2026-02-17T04:21:26.226Z] [INFO] GET /api/assistance/2bf19c37-1310-4c33-9000-e703aa7fd04a 
[2026-02-17T04:21:29.226Z] [INFO] GET /api/assistance/2bf19c37-1310-4c33-9000-e703aa7fd04a 
[2026-02-17T04:21:32.226Z] [INFO] GET /api/assistance/2bf19c37-1310-4c33-9000-e703aa7fd04a 
[2026-02-17T04:21:32.579Z] [INFO] GET /api/assistance?zip=33327&status=pending 
[2026-02-17T04:21:35.228Z] [INFO] GET /api/assistance/2bf19c37-1310-4c33-9000-e703aa7fd04a 
[2026-02-17T04:21:38.229Z] [INFO] GET /api/assistance/2bf19c37-1310-4c33-9000-e703aa7fd04a 
[2026-02-17T04:21:41.230Z] [INFO] GET /api/assistance/2bf19c37-1310-4c33-9000-e703aa7fd04a 
[2026-02-17T04:21:42.953Z] [INFO] GET /api/assistance?zip=33327&status=pending 
[2026-02-17T04:21:42.954Z] [INFO] GET /api/assistance?mechanicId=60b577d5-305f-423f-b6a2-fb3c13dcead3 
[2026-02-17T04:21:42.955Z] [INFO] GET /api/appointments?mechanicId=60b577d5-305f-423f-b6a2-fb3c13dcead3 
[2026-02-17T04:21:44.239Z] [INFO] GET /api/assistance/2bf19c37-1310-4c33-9000-e703aa7fd04a 
[2026-02-17T04:21:44.267Z] [INFO] GET /api/appointments 
[2026-02-17T04:21:44.268Z] [INFO] GET /api/assistance 
[2026-02-17T04:21:44.273Z] [INFO] GET /api/appointments 
[2026-02-17T04:21:44.276Z] [INFO] GET /api/assistance 
[2026-02-17T04:21:47.231Z] [INFO] GET /api/assistance/2bf19c37-1310-4c33-9000-e703aa7fd04a 
[2026-02-17T04:21:47.834Z] [INFO] OPTIONS /api/assistance/2bf19c37-1310-4c33-9000-e703aa7fd04a 
[2026-02-17T04:21:47.835Z] [INFO] PATCH /api/assistance/2bf19c37-1310-4c33-9000-e703aa7fd04a 
[2026-02-17T04:21:48.562Z] [INFO] GET /api/assistance?zip=33327&status=pending 
[2026-02-17T04:21:48.589Z] [INFO] GET /api/appointments?mechanicId=60b577d5-305f-423f-b6a2-fb3c13dcead3 
[2026-02-17T04:21:48.590Z] [INFO] GET /api/assistance?mechanicId=60b577d5-305f-423f-b6a2-fb3c13dcead3 
[2026-02-17T04:21:49.874Z] [INFO] GET /api/assistance?zip=33327&status=pending 
[2026-02-17T04:21:50.232Z] [INFO] GET /api/assistance/2bf19c37-1310-4c33-9000-e703aa7fd04a 
[2026-02-17T04:21:53.244Z] [INFO] GET /api/assistance/2bf19c37-1310-4c33-9000-e703aa7fd04a 
[2026-02-17T04:21:55.567Z] [INFO] GET /api/appointments 
[2026-02-17T04:21:55.572Z] [INFO] GET /api/assistance 
[2026-02-17T04:21:55.573Z] [INFO] GET /api/appointments 
[2026-02-17T04:21:55.575Z] [INFO] GET /api/assistance 
[2026-02-17T04:21:56.240Z] [INFO] GET /api/assistance/2bf19c37-1310-4c33-9000-e703aa7fd04a 
[2026-02-17T04:21:59.251Z] [INFO] GET /api/assistance/2bf19c37-1310-4c33-9000-e703aa7fd04a 
[2026-02-17T04:22:02.242Z] [INFO] GET /api/assistance/2bf19c37-1310-4c33-9000-e703aa7fd04a 
[2026-02-17T04:22:05.245Z] [INFO] GET /api/assistance/2bf19c37-1310-4c33-9000-e703aa7fd04a 
[2026-02-17T04:22:08.244Z] [INFO] GET /api/assistance/2bf19c37-1310-4c33-9000-e703aa7fd04a 
[2026-02-17T04:22:11.245Z] [INFO] GET /api/assistance/2bf19c37-1310-4c33-9000-e703aa7fd04a 
[2026-02-17T04:22:14.245Z] [INFO] GET /api/assistance/2bf19c37-1310-4c33-9000-e703aa7fd04a 
[2026-02-17T04:22:15.783Z] [INFO] GET /api/appointments 
[2026-02-17T04:22:15.783Z] [INFO] GET /api/assistance 
[2026-02-17T04:22:15.784Z] [INFO] GET /api/appointments 
[2026-02-17T04:22:15.786Z] [INFO] GET /api/assistance 
[2026-02-17T04:22:17.246Z] [INFO] GET /api/assistance/2bf19c37-1310-4c33-9000-e703aa7fd04a 
[2026-02-17T04:22:20.248Z] [INFO] GET /api/assistance/2bf19c37-1310-4c33-9000-e703aa7fd04a 
[2026-02-17T04:22:23.258Z] [INFO] GET /api/assistance/2bf19c37-1310-4c33-9000-e703aa7fd04a 
[2026-02-17T04:22:26.258Z] [INFO] GET /api/assistance/2bf19c37-1310-4c33-9000-e703aa7fd04a 
[2026-02-17T04:22:29.259Z] [INFO] GET /api/assistance/2bf19c37-1310-4c33-9000-e703aa7fd04a 
[2026-02-17T04:22:32.260Z] [INFO] GET /api/assistance/2bf19c37-1310-4c33-9000-e703aa7fd04a 
[2026-02-17T04:22:35.261Z] [INFO] GET /api/assistance/2bf19c37-1310-4c33-9000-e703aa7fd04a 
[2026-02-17T04:22:38.262Z] [INFO] GET /api/assistance/2bf19c37-1310-4c33-9000-e703aa7fd04a 
[2026-02-17T04:22:41.263Z] [INFO] GET /api/assistance/2bf19c37-1310-4c33-9000-e703aa7fd04a 
[2026-02-17T04:22:44.264Z] [INFO] GET /api/assistance/2bf19c37-1310-4c33-9000-e703aa7fd04a 
[2026-02-17T04:22:47.263Z] [INFO] GET /api/assistance/2bf19c37-1310-4c33-9000-e703aa7fd04a 
[2026-02-17T04:22:50.266Z] [INFO] GET /api/assistance/2bf19c37-1310-4c33-9000-e703aa7fd04a 
[2026-02-17T04:22:53.273Z] [INFO] GET /api/assistance/2bf19c37-1310-4c33-9000-e703aa7fd04a 
[2026-02-17T04:22:56.276Z] [INFO] GET /api/assistance/2bf19c37-1310-4c33-9000-e703aa7fd04a 
[2026-02-17T04:22:59.277Z] [INFO] GET /api/assistance/2bf19c37-1310-4c33-9000-e703aa7fd04a 
[2026-02-17T04:23:02.276Z] [INFO] GET /api/assistance/2bf19c37-1310-4c33-9000-e703aa7fd04a 
[2026-02-17T04:23:05.278Z] [INFO] GET /api/assistance/2bf19c37-1310-4c33-9000-e703aa7fd04a 
[2026-02-17T04:23:08.279Z] [INFO] GET /api/assistance/2bf19c37-1310-4c33-9000-e703aa7fd04a 
[2026-02-17T04:23:11.279Z] [INFO] GET /api/assistance/2bf19c37-1310-4c33-9000-e703aa7fd04a 
[2026-02-17T04:23:14.281Z] [INFO] GET /api/assistance/2bf19c37-1310-4c33-9000-e703aa7fd04a 
[2026-02-17T04:23:17.280Z] [INFO] GET /api/assistance/2bf19c37-1310-4c33-9000-e703aa7fd04a 
[2026-02-17T04:23:20.282Z] [INFO] GET /api/assistance/2bf19c37-1310-4c33-9000-e703aa7fd04a 
[2026-02-17T04:23:23.290Z] [INFO] GET /api/assistance/2bf19c37-1310-4c33-9000-e703aa7fd04a 
[2026-02-17T04:23:26.292Z] [INFO] GET /api/assistance/2bf19c37-1310-4c33-9000-e703aa7fd04a 
[2026-02-17T04:23:29.294Z] [INFO] GET /api/assistance/2bf19c37-1310-4c33-9000-e703aa7fd04a 
[2026-02-17T04:23:32.293Z] [INFO] GET /api/assistance/2bf19c37-1310-4c33-9000-e703aa7fd04a 
[2026-02-17T04:23:35.298Z] [INFO] GET /api/assistance/2bf19c37-1310-4c33-9000-e703aa7fd04a 
[2026-02-17T04:23:36.758Z] [INFO] GET /api/assistance?mechanicId=60b577d5-305f-423f-b6a2-fb3c13dcead3 
[2026-02-17T04:23:36.759Z] [INFO] GET /api/appointments?mechanicId=60b577d5-305f-423f-b6a2-fb3c13dcead3 
[2026-02-17T04:23:36.762Z] [INFO] GET /api/appointments?mechanicId=60b577d5-305f-423f-b6a2-fb3c13dcead3 
[2026-02-17T04:23:36.764Z] [INFO] GET /api/assistance?mechanicId=60b577d5-305f-423f-b6a2-fb3c13dcead3 
[2026-02-17T04:23:36.998Z] [INFO] GET /api/assistance?userId=67125ea6-c050-4b6e-b4ce-e65e06941745&status=pending 
[2026-02-17T04:23:37.002Z] [INFO] GET /api/appointments?userId=67125ea6-c050-4b6e-b4ce-e65e06941745 
[2026-02-17T04:23:37.004Z] [INFO] GET /api/vehicles/67125ea6-c050-4b6e-b4ce-e65e06941745 
[2026-02-17T04:23:37.006Z] [INFO] GET /api/assistance?userId=67125ea6-c050-4b6e-b4ce-e65e06941745 
[2026-02-17T04:23:40.003Z] [INFO] GET /api/assistance/2bf19c37-1310-4c33-9000-e703aa7fd04a 
[2026-02-17T04:23:42.005Z] [INFO] GET /api/appointments?userId=67125ea6-c050-4b6e-b4ce-e65e06941745 
[2026-02-17T04:23:42.006Z] [INFO] GET /api/assistance?userId=67125ea6-c050-4b6e-b4ce-e65e06941745 
[2026-02-17T04:23:43.009Z] [INFO] GET /api/assistance/2bf19c37-1310-4c33-9000-e703aa7fd04a 
[2026-02-17T04:23:46.025Z] [INFO] GET /api/assistance/2bf19c37-1310-4c33-9000-e703aa7fd04a 
[2026-02-17T04:23:47.009Z] [INFO] GET /api/appointments?userId=67125ea6-c050-4b6e-b4ce-e65e06941745 
[2026-02-17T04:23:47.012Z] [INFO] GET /api/assistance?userId=67125ea6-c050-4b6e-b4ce-e65e06941745 
[2026-02-17T04:23:49.024Z] [INFO] GET /api/assistance/2bf19c37-1310-4c33-9000-e703aa7fd04a 
[2026-02-17T04:23:52.010Z] [INFO] GET /api/appointments?userId=67125ea6-c050-4b6e-b4ce-e65e06941745 
[2026-02-17T04:23:52.011Z] [INFO] GET /api/assistance?userId=67125ea6-c050-4b6e-b4ce-e65e06941745 
[2026-02-17T04:23:52.051Z] [INFO] GET /api/assistance/2bf19c37-1310-4c33-9000-e703aa7fd04a 
[2026-02-17T04:23:55.114Z] [INFO] GET /api/assistance/2bf19c37-1310-4c33-9000-e703aa7fd04a 
[2026-02-17T04:23:57.012Z] [INFO] GET /api/appointments?userId=67125ea6-c050-4b6e-b4ce-e65e06941745 
[2026-02-17T04:23:57.012Z] [INFO] GET /api/assistance?userId=67125ea6-c050-4b6e-b4ce-e65e06941745 
[2026-02-17T04:23:58.058Z] [INFO] GET /api/assistance/2bf19c37-1310-4c33-9000-e703aa7fd04a 
[2026-02-17T04:24:01.061Z] [INFO] GET /api/assistance/2bf19c37-1310-4c33-9000-e703aa7fd04a 
[2026-02-17T04:24:02.026Z] [INFO] GET /api/appointments?userId=67125ea6-c050-4b6e-b4ce-e65e06941745 
[2026-02-17T04:24:02.028Z] [INFO] GET /api/assistance?userId=67125ea6-c050-4b6e-b4ce-e65e06941745 
[2026-02-17T04:24:04.060Z] [INFO] GET /api/assistance/2bf19c37-1310-4c33-9000-e703aa7fd04a 
[2026-02-17T04:24:07.026Z] [INFO] GET /api/appointments?userId=67125ea6-c050-4b6e-b4ce-e65e06941745 
[2026-02-17T04:24:07.027Z] [INFO] GET /api/assistance?userId=67125ea6-c050-4b6e-b4ce-e65e06941745 
[2026-02-17T04:24:07.070Z] [INFO] GET /api/assistance/2bf19c37-1310-4c33-9000-e703aa7fd04a 
[2026-02-17T04:24:10.072Z] [INFO] GET /api/assistance/2bf19c37-1310-4c33-9000-e703aa7fd04a 
[2026-02-17T04:24:12.027Z] [INFO] GET /api/appointments?userId=67125ea6-c050-4b6e-b4ce-e65e06941745 
[2026-02-17T04:24:12.028Z] [INFO] GET /api/assistance?userId=67125ea6-c050-4b6e-b4ce-e65e06941745 
[2026-02-17T04:24:13.075Z] [INFO] GET /api/assistance/2bf19c37-1310-4c33-9000-e703aa7fd04a 
[2026-02-17T04:24:16.151Z] [INFO] GET /api/assistance?userId=67125ea6-c050-4b6e-b4ce-e65e06941745&status=pending 
[2026-02-17T04:24:16.152Z] [INFO] GET /api/vehicles/67125ea6-c050-4b6e-b4ce-e65e06941745 
[2026-02-17T04:24:16.155Z] [INFO] GET /api/appointments?userId=67125ea6-c050-4b6e-b4ce-e65e06941745 
[2026-02-17T04:24:16.156Z] [INFO] GET /api/assistance?userId=67125ea6-c050-4b6e-b4ce-e65e06941745 
[2026-02-17T04:24:19.154Z] [INFO] GET /api/assistance/2bf19c37-1310-4c33-9000-e703aa7fd04a 
[2026-02-17T04:24:21.159Z] [INFO] GET /api/appointments?userId=67125ea6-c050-4b6e-b4ce-e65e06941745 
[2026-02-17T04:24:21.160Z] [INFO] GET /api/assistance?userId=67125ea6-c050-4b6e-b4ce-e65e06941745 
[2026-02-17T04:24:22.159Z] [INFO] GET /api/assistance/2bf19c37-1310-4c33-9000-e703aa7fd04a 
[2026-02-17T04:24:25.160Z] [INFO] GET /api/assistance/2bf19c37-1310-4c33-9000-e703aa7fd04a 
[2026-02-17T04:24:26.160Z] [INFO] GET /api/appointments?userId=67125ea6-c050-4b6e-b4ce-e65e06941745 
[2026-02-17T04:24:26.160Z] [INFO] GET /api/assistance?userId=67125ea6-c050-4b6e-b4ce-e65e06941745 
[2026-02-17T04:24:28.160Z] [INFO] GET /api/assistance/2bf19c37-1310-4c33-9000-e703aa7fd04a 
[2026-02-17T04:24:31.160Z] [INFO] GET /api/appointments?userId=67125ea6-c050-4b6e-b4ce-e65e06941745 
[2026-02-17T04:24:31.161Z] [INFO] GET /api/assistance?userId=67125ea6-c050-4b6e-b4ce-e65e06941745 
[2026-02-17T04:24:31.174Z] [INFO] GET /api/assistance/2bf19c37-1310-4c33-9000-e703aa7fd04a 
[2026-02-17T04:24:34.173Z] [INFO] GET /api/assistance/2bf19c37-1310-4c33-9000-e703aa7fd04a 
[2026-02-17T04:24:36.162Z] [INFO] GET /api/appointments?userId=67125ea6-c050-4b6e-b4ce-e65e06941745 
[2026-02-17T04:24:36.162Z] [INFO] GET /api/assistance?userId=67125ea6-c050-4b6e-b4ce-e65e06941745 
[2026-02-17T04:24:37.192Z] [INFO] GET /api/assistance/2bf19c37-1310-4c33-9000-e703aa7fd04a 
[2026-02-17T04:24:40.191Z] [INFO] GET /api/assistance/2bf19c37-1310-4c33-9000-e703aa7fd04a 
[2026-02-17T04:24:41.176Z] [INFO] GET /api/appointments?userId=67125ea6-c050-4b6e-b4ce-e65e06941745 
[2026-02-17T04:24:41.178Z] [INFO] GET /api/assistance?userId=67125ea6-c050-4b6e-b4ce-e65e06941745 
[2026-02-17T04:24:43.193Z] [INFO] GET /api/assistance/2bf19c37-1310-4c33-9000-e703aa7fd04a 
[2026-02-17T04:24:46.176Z] [INFO] GET /api/appointments?userId=67125ea6-c050-4b6e-b4ce-e65e06941745 
[2026-02-17T04:24:46.184Z] [INFO] GET /api/assistance?userId=67125ea6-c050-4b6e-b4ce-e65e06941745 
[2026-02-17T04:24:46.218Z] [INFO] GET /api/assistance/2bf19c37-1310-4c33-9000-e703aa7fd04a 
[2026-02-17T04:24:49.220Z] [INFO] GET /api/assistance/2bf19c37-1310-4c33-9000-e703aa7fd04a 
[2026-02-17T04:24:54.935Z] [INFO] GET /api/assistance?mechanicId=60b577d5-305f-423f-b6a2-fb3c13dcead3 
[2026-02-17T04:24:54.937Z] [INFO] GET /api/appointments?mechanicId=60b577d5-305f-423f-b6a2-fb3c13dcead3 
[2026-02-17T04:25:05.519Z] [INFO] GET /api/appointments?userId=67125ea6-c050-4b6e-b4ce-e65e06941745 
[2026-02-17T04:25:05.521Z] [INFO] GET /api/assistance?userId=67125ea6-c050-4b6e-b4ce-e65e06941745 
[2026-02-17T04:25:06.543Z] [INFO] OPTIONS /api/appointments/all 
[2026-02-17T04:25:06.546Z] [INFO] DELETE /api/appointments/all 
[2026-02-17T04:25:10.511Z] [INFO] GET /api/appointments?userId=67125ea6-c050-4b6e-b4ce-e65e06941745 
[2026-02-17T04:25:10.512Z] [INFO] GET /api/assistance?userId=67125ea6-c050-4b6e-b4ce-e65e06941745 
[2026-02-17T04:25:10.752Z] [INFO] GET /api/assistance?zip=33327&status=pending 
[2026-02-17T04:25:13.307Z] [INFO] GET /api/appointments 
[2026-02-17T04:25:13.309Z] [INFO] GET /api/assistance 
[2026-02-17T04:25:13.310Z] [INFO] GET /api/appointments 
[2026-02-17T04:25:13.311Z] [INFO] GET /api/assistance 
[2026-02-17T04:25:14.751Z] [INFO] GET /api/users 
[2026-02-17T04:25:15.074Z] [INFO] GET /api/appointments 
[2026-02-17T04:25:15.076Z] [INFO] GET /api/assistance 
[2026-02-17T04:25:15.076Z] [INFO] GET /api/appointments 
[2026-02-17T04:25:15.077Z] [INFO] GET /api/assistance 
[2026-02-17T04:25:15.521Z] [INFO] GET /api/appointments?userId=67125ea6-c050-4b6e-b4ce-e65e06941745 
[2026-02-17T04:25:15.521Z] [INFO] GET /api/assistance?userId=67125ea6-c050-4b6e-b4ce-e65e06941745 
[2026-02-17T04:25:20.516Z] [INFO] GET /api/appointments?userId=67125ea6-c050-4b6e-b4ce-e65e06941745 
[2026-02-17T04:25:20.517Z] [INFO] GET /api/assistance?userId=67125ea6-c050-4b6e-b4ce-e65e06941745 
[2026-02-17T04:25:25.516Z] [INFO] GET /api/appointments?userId=67125ea6-c050-4b6e-b4ce-e65e06941745 
[2026-02-17T04:25:25.517Z] [INFO] GET /api/assistance?userId=67125ea6-c050-4b6e-b4ce-e65e06941745 
[2026-02-17T04:25:30.515Z] [INFO] GET /api/appointments?userId=67125ea6-c050-4b6e-b4ce-e65e06941745 
[2026-02-17T04:25:30.523Z] [INFO] GET /api/assistance?userId=67125ea6-c050-4b6e-b4ce-e65e06941745 
[2026-02-17T04:25:35.529Z] [INFO] GET /api/appointments?userId=67125ea6-c050-4b6e-b4ce-e65e06941745 
[2026-02-17T04:25:35.530Z] [INFO] GET /api/assistance?userId=67125ea6-c050-4b6e-b4ce-e65e06941745 
[2026-02-17T04:25:40.526Z] [INFO] GET /api/appointments?userId=67125ea6-c050-4b6e-b4ce-e65e06941745 
[2026-02-17T04:25:40.527Z] [INFO] GET /api/assistance?userId=67125ea6-c050-4b6e-b4ce-e65e06941745 
[2026-02-17T04:25:45.529Z] [INFO] GET /api/appointments?userId=67125ea6-c050-4b6e-b4ce-e65e06941745 
[2026-02-17T04:25:45.529Z] [INFO] GET /api/assistance?userId=67125ea6-c050-4b6e-b4ce-e65e06941745 
[2026-02-17T04:25:50.528Z] [INFO] GET /api/appointments?userId=67125ea6-c050-4b6e-b4ce-e65e06941745 
[2026-02-17T04:25:50.530Z] [INFO] GET /api/assistance?userId=67125ea6-c050-4b6e-b4ce-e65e06941745 
[2026-02-17T04:25:55.528Z] [INFO] GET /api/appointments?userId=67125ea6-c050-4b6e-b4ce-e65e06941745 
[2026-02-17T04:25:55.529Z] [INFO] GET /api/assistance?userId=67125ea6-c050-4b6e-b4ce-e65e06941745 
[2026-02-17T04:26:00.536Z] [INFO] GET /api/appointments?userId=67125ea6-c050-4b6e-b4ce-e65e06941745 
[2026-02-17T04:26:00.539Z] [INFO] GET /api/assistance?userId=67125ea6-c050-4b6e-b4ce-e65e06941745 
[2026-02-17T04:26:05.543Z] [INFO] GET /api/appointments?userId=67125ea6-c050-4b6e-b4ce-e65e06941745 
[2026-02-17T04:26:05.544Z] [INFO] GET /api/assistance?userId=67125ea6-c050-4b6e-b4ce-e65e06941745 
[2026-02-17T04:26:10.544Z] [INFO] GET /api/appointments?userId=67125ea6-c050-4b6e-b4ce-e65e06941745 
[2026-02-17T04:26:10.545Z] [INFO] GET /api/assistance?userId=67125ea6-c050-4b6e-b4ce-e65e06941745 
[2026-02-17T04:26:15.546Z] [INFO] GET /api/appointments?userId=67125ea6-c050-4b6e-b4ce-e65e06941745 
[2026-02-17T04:26:15.548Z] [INFO] GET /api/assistance?userId=67125ea6-c050-4b6e-b4ce-e65e06941745 
[2026-02-17T04:26:20.565Z] [INFO] GET /api/appointments?userId=67125ea6-c050-4b6e-b4ce-e65e06941745 
[2026-02-17T04:26:20.567Z] [INFO] GET /api/assistance?userId=67125ea6-c050-4b6e-b4ce-e65e06941745 
[2026-02-17T04:26:21.309Z] [INFO] POST /api/login 
[2026-02-17T04:26:21.455Z] [INFO] GET /api/assistance?userId=67125ea6-c050-4b6e-b4ce-e65e06941745&status=pending 
[2026-02-17T04:26:22.510Z] [INFO] GET /api/appointments?userId=67125ea6-c050-4b6e-b4ce-e65e06941745 
[2026-02-17T04:26:22.510Z] [INFO] GET /api/assistance?userId=67125ea6-c050-4b6e-b4ce-e65e06941745 
[2026-02-17T04:26:24.034Z] [INFO] GET /api/users/60b577d5-305f-423f-b6a2-fb3c13dcead3 
[2026-02-17T04:26:25.561Z] [INFO] GET /api/appointments?userId=67125ea6-c050-4b6e-b4ce-e65e06941745 
[2026-02-17T04:26:25.561Z] [INFO] GET /api/assistance?userId=67125ea6-c050-4b6e-b4ce-e65e06941745 
[2026-02-17T04:26:28.778Z] [INFO] PATCH /api/appointments/2bf19c37-1310-4c33-9000-e703aa7fd04a 
[2026-02-17T04:26:28.903Z] [INFO] GET /api/appointments?userId=67125ea6-c050-4b6e-b4ce-e65e06941745 
[2026-02-17T04:26:28.905Z] [INFO] GET /api/assistance?userId=67125ea6-c050-4b6e-b4ce-e65e06941745 
[2026-02-17T04:26:29.984Z] [INFO] GET /api/assistance?userId=67125ea6-c050-4b6e-b4ce-e65e06941745&status=pending 
[2026-02-17T04:26:30.592Z] [INFO] GET /api/appointments?userId=67125ea6-c050-4b6e-b4ce-e65e06941745 
[2026-02-17T04:26:30.596Z] [INFO] GET /api/assistance?userId=67125ea6-c050-4b6e-b4ce-e65e06941745 
[2026-02-17T04:26:35.579Z] [INFO] GET /api/appointments?userId=67125ea6-c050-4b6e-b4ce-e65e06941745 
[2026-02-17T04:26:35.580Z] [INFO] GET /api/assistance?userId=67125ea6-c050-4b6e-b4ce-e65e06941745 
[2026-02-17T04:26:37.858Z] [INFO] OPTIONS /api/appointments/2bf19c37-1310-4c33-9000-e703aa7fd04a 
[2026-02-17T04:26:37.860Z] [INFO] PATCH /api/appointments/2bf19c37-1310-4c33-9000-e703aa7fd04a 
[2026-02-17T04:26:37.941Z] [INFO] GET /api/assistance?mechanicId=60b577d5-305f-423f-b6a2-fb3c13dcead3 
[2026-02-17T04:26:37.941Z] [INFO] GET /api/appointments?mechanicId=60b577d5-305f-423f-b6a2-fb3c13dcead3 
[2026-02-17T04:26:39.765Z] [INFO] GET /api/assistance?zip=33327&status=pending 
[2026-02-17T04:26:57.989Z] [INFO] GET /api/appointments?userId=67125ea6-c050-4b6e-b4ce-e65e06941745 
[2026-02-17T04:26:58.000Z] [INFO] GET /api/assistance?userId=67125ea6-c050-4b6e-b4ce-e65e06941745 
[2026-02-17T04:27:02.986Z] [INFO] GET /api/appointments?userId=67125ea6-c050-4b6e-b4ce-e65e06941745 
[2026-02-17T04:27:02.988Z] [INFO] GET /api/assistance?userId=67125ea6-c050-4b6e-b4ce-e65e06941745 
[2026-02-17T04:27:05.714Z] [INFO] OPTIONS /api/appointments/all 
[2026-02-17T04:27:05.715Z] [INFO] OPTIONS /api/assistance/all 
[2026-02-17T04:27:05.716Z] [INFO] DELETE /api/appointments/all 
[2026-02-17T04:27:05.717Z] [INFO] DELETE /api/assistance/all 
[2026-02-17T04:27:07.227Z] [INFO] GET /api/appointments 
[2026-02-17T04:27:07.227Z] [INFO] GET /api/assistance 
[2026-02-17T04:27:07.228Z] [INFO] GET /api/appointments 
[2026-02-17T04:27:07.229Z] [INFO] GET /api/assistance 
[2026-02-17T04:27:07.986Z] [INFO] GET /api/appointments?userId=67125ea6-c050-4b6e-b4ce-e65e06941745 
[2026-02-17T04:27:07.986Z] [INFO] GET /api/assistance?userId=67125ea6-c050-4b6e-b4ce-e65e06941745 
[2026-02-17T04:27:08.544Z] [INFO] GET /api/users 
[2026-02-17T04:27:08.548Z] [INFO] GET /api/users 
[2026-02-17T04:27:09.084Z] [INFO] GET /api/appointments 
[2026-02-17T04:27:09.084Z] [INFO] GET /api/assistance 
[2026-02-17T04:27:09.086Z] [INFO] GET /api/appointments 
[2026-02-17T04:27:09.087Z] [INFO] GET /api/assistance 
[2026-02-17T04:27:12.992Z] [INFO] GET /api/appointments?userId=67125ea6-c050-4b6e-b4ce-e65e06941745 
[2026-02-17T04:27:12.994Z] [INFO] GET /api/assistance?userId=67125ea6-c050-4b6e-b4ce-e65e06941745 
[2026-02-17T04:27:13.495Z] [INFO] POST /api/login 
[2026-02-17T04:27:13.641Z] [INFO] GET /api/assistance?userId=67125ea6-c050-4b6e-b4ce-e65e06941745&status=pending 
[2026-02-17T04:27:16.389Z] [INFO] GET /api/vehicles/67125ea6-c050-4b6e-b4ce-e65e06941745 
[2026-02-17T04:27:17.994Z] [INFO] GET /api/appointments?userId=67125ea6-c050-4b6e-b4ce-e65e06941745 
[2026-02-17T04:27:17.995Z] [INFO] GET /api/assistance?userId=67125ea6-c050-4b6e-b4ce-e65e06941745 
[2026-02-17T04:27:23.008Z] [INFO] GET /api/appointments?userId=67125ea6-c050-4b6e-b4ce-e65e06941745 
[2026-02-17T04:27:23.009Z] [INFO] GET /api/assistance?userId=67125ea6-c050-4b6e-b4ce-e65e06941745 
[2026-02-17T04:27:23.731Z] [INFO] POST /api/assistance 
[2026-02-17T04:27:25.557Z] [INFO] GET /api/appointments 
[2026-02-17T04:27:25.559Z] [INFO] GET /api/assistance 
[2026-02-17T04:27:25.560Z] [INFO] GET /api/appointments 
[2026-02-17T04:27:25.561Z] [INFO] GET /api/assistance 
[2026-02-17T04:27:26.798Z] [INFO] GET /api/assistance/64b0d6bf-ea5f-48a3-bad4-2c1827e00b64 
[2026-02-17T04:27:28.010Z] [INFO] GET /api/appointments?userId=67125ea6-c050-4b6e-b4ce-e65e06941745 
[2026-02-17T04:27:28.011Z] [INFO] GET /api/assistance?userId=67125ea6-c050-4b6e-b4ce-e65e06941745 
[2026-02-17T04:27:29.798Z] [INFO] GET /api/assistance/64b0d6bf-ea5f-48a3-bad4-2c1827e00b64 
[2026-02-17T04:27:32.132Z] [INFO] GET /api/assistance?mechanicId=60b577d5-305f-423f-b6a2-fb3c13dcead3 
[2026-02-17T04:27:32.133Z] [INFO] GET /api/appointments?mechanicId=60b577d5-305f-423f-b6a2-fb3c13dcead3 
[2026-02-17T04:27:32.798Z] [INFO] GET /api/assistance/64b0d6bf-ea5f-48a3-bad4-2c1827e00b64 
[2026-02-17T04:27:33.028Z] [INFO] GET /api/appointments?userId=67125ea6-c050-4b6e-b4ce-e65e06941745 
[2026-02-17T04:27:33.031Z] [INFO] GET /api/assistance?userId=67125ea6-c050-4b6e-b4ce-e65e06941745 
[2026-02-17T04:27:34.735Z] [INFO] GET /api/appointments?mechanicId=60b577d5-305f-423f-b6a2-fb3c13dcead3 
[2026-02-17T04:27:34.737Z] [INFO] GET /api/assistance?mechanicId=60b577d5-305f-423f-b6a2-fb3c13dcead3 
[2026-02-17T04:27:35.800Z] [INFO] GET /api/assistance/64b0d6bf-ea5f-48a3-bad4-2c1827e00b64 
[2026-02-17T04:27:38.038Z] [INFO] GET /api/appointments?userId=67125ea6-c050-4b6e-b4ce-e65e06941745 
[2026-02-17T04:27:38.040Z] [INFO] GET /api/assistance?userId=67125ea6-c050-4b6e-b4ce-e65e06941745 
[2026-02-17T04:27:38.809Z] [INFO] GET /api/assistance/64b0d6bf-ea5f-48a3-bad4-2c1827e00b64 
[2026-02-17T04:27:38.869Z] [INFO] GET /api/assistance?zip=33327&status=pending 
[2026-02-17T04:27:38.871Z] [INFO] GET /api/assistance?mechanicId=60b577d5-305f-423f-b6a2-fb3c13dcead3 
[2026-02-17T04:27:38.872Z] [INFO] GET /api/appointments?mechanicId=60b577d5-305f-423f-b6a2-fb3c13dcead3 
[2026-02-17T04:27:41.812Z] [INFO] GET /api/assistance/64b0d6bf-ea5f-48a3-bad4-2c1827e00b64 
[2026-02-17T04:27:42.260Z] [INFO] OPTIONS /api/assistance/64b0d6bf-ea5f-48a3-bad4-2c1827e00b64 
[2026-02-17T04:27:42.262Z] [INFO] PATCH /api/assistance/64b0d6bf-ea5f-48a3-bad4-2c1827e00b64 
[2026-02-17T04:27:43.027Z] [INFO] GET /api/appointments?userId=67125ea6-c050-4b6e-b4ce-e65e06941745 
[2026-02-17T04:27:43.028Z] [INFO] GET /api/assistance?userId=67125ea6-c050-4b6e-b4ce-e65e06941745 
[2026-02-17T04:27:43.051Z] [INFO] GET /api/assistance?zip=33327&status=pending 
[2026-02-17T04:27:43.081Z] [INFO] GET /api/appointments?mechanicId=60b577d5-305f-423f-b6a2-fb3c13dcead3 
[2026-02-17T04:27:43.085Z] [INFO] GET /api/assistance?mechanicId=60b577d5-305f-423f-b6a2-fb3c13dcead3 
[2026-02-17T04:27:44.292Z] [INFO] GET /api/assistance?zip=33327&status=pending 
[2026-02-17T04:27:44.811Z] [INFO] GET /api/assistance/64b0d6bf-ea5f-48a3-bad4-2c1827e00b64 
[2026-02-17T04:27:45.056Z] [INFO] GET /api/appointments 
[2026-02-17T04:27:45.058Z] [INFO] GET /api/assistance 
[2026-02-17T04:27:45.058Z] [INFO] GET /api/appointments 
[2026-02-17T04:27:45.059Z] [INFO] GET /api/assistance 
[2026-02-17T04:27:47.814Z] [INFO] GET /api/assistance/64b0d6bf-ea5f-48a3-bad4-2c1827e00b64 
[2026-02-17T04:27:48.044Z] [INFO] GET /api/appointments?userId=67125ea6-c050-4b6e-b4ce-e65e06941745 
[2026-02-17T04:27:48.046Z] [INFO] GET /api/assistance?userId=67125ea6-c050-4b6e-b4ce-e65e06941745 
[2026-02-17T04:27:50.813Z] [INFO] GET /api/assistance/64b0d6bf-ea5f-48a3-bad4-2c1827e00b64 
[2026-02-17T04:27:53.042Z] [INFO] GET /api/appointments?userId=67125ea6-c050-4b6e-b4ce-e65e06941745 
[2026-02-17T04:27:53.043Z] [INFO] GET /api/assistance?userId=67125ea6-c050-4b6e-b4ce-e65e06941745 
[2026-02-17T04:27:53.826Z] [INFO] GET /api/assistance/64b0d6bf-ea5f-48a3-bad4-2c1827e00b64 
[2026-02-17T04:27:56.826Z] [INFO] GET /api/assistance/64b0d6bf-ea5f-48a3-bad4-2c1827e00b64 
[2026-02-17T04:27:58.061Z] [INFO] GET /api/appointments?userId=67125ea6-c050-4b6e-b4ce-e65e06941745 
[2026-02-17T04:27:58.063Z] [INFO] GET /api/assistance?userId=67125ea6-c050-4b6e-b4ce-e65e06941745 
[2026-02-17T04:27:59.827Z] [INFO] GET /api/assistance/64b0d6bf-ea5f-48a3-bad4-2c1827e00b64 
[2026-02-17T04:28:02.831Z] [INFO] GET /api/assistance/64b0d6bf-ea5f-48a3-bad4-2c1827e00b64 
[2026-02-17T04:28:03.081Z] [INFO] GET /api/appointments?userId=67125ea6-c050-4b6e-b4ce-e65e06941745 
[2026-02-17T04:28:03.083Z] [INFO] GET /api/assistance?userId=67125ea6-c050-4b6e-b4ce-e65e06941745 
[2026-02-17T04:28:05.829Z] [INFO] GET /api/assistance/64b0d6bf-ea5f-48a3-bad4-2c1827e00b64 
[2026-02-17T04:28:08.078Z] [INFO] GET /api/appointments?userId=67125ea6-c050-4b6e-b4ce-e65e06941745 
[2026-02-17T04:28:08.082Z] [INFO] GET /api/assistance?userId=67125ea6-c050-4b6e-b4ce-e65e06941745 
[2026-02-17T04:28:08.844Z] [INFO] GET /api/assistance/64b0d6bf-ea5f-48a3-bad4-2c1827e00b64 
[2026-02-17T04:28:11.844Z] [INFO] GET /api/assistance/64b0d6bf-ea5f-48a3-bad4-2c1827e00b64 
[2026-02-17T04:28:13.077Z] [INFO] GET /api/appointments?userId=67125ea6-c050-4b6e-b4ce-e65e06941745 
[2026-02-17T04:28:13.080Z] [INFO] GET /api/assistance?userId=67125ea6-c050-4b6e-b4ce-e65e06941745 
[2026-02-17T04:28:14.844Z] [INFO] GET /api/assistance/64b0d6bf-ea5f-48a3-bad4-2c1827e00b64 
[2026-02-17T04:28:17.852Z] [INFO] GET /api/assistance/64b0d6bf-ea5f-48a3-bad4-2c1827e00b64 
[2026-02-17T04:28:18.093Z] [INFO] GET /api/appointments?userId=67125ea6-c050-4b6e-b4ce-e65e06941745 
[2026-02-17T04:28:18.095Z] [INFO] GET /api/assistance?userId=67125ea6-c050-4b6e-b4ce-e65e06941745 
[2026-02-17T04:28:20.847Z] [INFO] GET /api/assistance/64b0d6bf-ea5f-48a3-bad4-2c1827e00b64 
[2026-02-17T04:28:23.095Z] [INFO] GET /api/appointments?userId=67125ea6-c050-4b6e-b4ce-e65e06941745 
[2026-02-17T04:28:23.096Z] [INFO] GET /api/assistance?userId=67125ea6-c050-4b6e-b4ce-e65e06941745 
[2026-02-17T04:28:23.859Z] [INFO] GET /api/assistance/64b0d6bf-ea5f-48a3-bad4-2c1827e00b64 
[2026-02-17T04:28:26.860Z] [INFO] GET /api/assistance/64b0d6bf-ea5f-48a3-bad4-2c1827e00b64 
[2026-02-17T04:28:28.111Z] [INFO] GET /api/appointments?userId=67125ea6-c050-4b6e-b4ce-e65e06941745 
[2026-02-17T04:28:28.113Z] [INFO] GET /api/assistance?userId=67125ea6-c050-4b6e-b4ce-e65e06941745 
[2026-02-17T04:28:29.861Z] [INFO] GET /api/assistance/64b0d6bf-ea5f-48a3-bad4-2c1827e00b64 
[2026-02-17T04:28:32.864Z] [INFO] GET /api/assistance/64b0d6bf-ea5f-48a3-bad4-2c1827e00b64 
[2026-02-17T04:28:33.127Z] [INFO] GET /api/appointments?userId=67125ea6-c050-4b6e-b4ce-e65e06941745 
[2026-02-17T04:28:33.129Z] [INFO] GET /api/assistance?userId=67125ea6-c050-4b6e-b4ce-e65e06941745 
[2026-02-17T04:28:35.866Z] [INFO] GET /api/assistance/64b0d6bf-ea5f-48a3-bad4-2c1827e00b64 
[2026-02-17T04:28:38.128Z] [INFO] GET /api/appointments?userId=67125ea6-c050-4b6e-b4ce-e65e06941745 
[2026-02-17T04:28:38.128Z] [INFO] GET /api/assistance?userId=67125ea6-c050-4b6e-b4ce-e65e06941745 
[2026-02-17T04:28:38.876Z] [INFO] GET /api/assistance/64b0d6bf-ea5f-48a3-bad4-2c1827e00b64 
[2026-02-17T04:28:41.877Z] [INFO] GET /api/assistance/64b0d6bf-ea5f-48a3-bad4-2c1827e00b64 
[2026-02-17T04:28:43.130Z] [INFO] GET /api/appointments?userId=67125ea6-c050-4b6e-b4ce-e65e06941745 
[2026-02-17T04:28:43.132Z] [INFO] GET /api/assistance?userId=67125ea6-c050-4b6e-b4ce-e65e06941745 
[2026-02-17T04:28:44.878Z] [INFO] GET /api/assistance/64b0d6bf-ea5f-48a3-bad4-2c1827e00b64 
[2026-02-17T04:28:47.880Z] [INFO] GET /api/assistance/64b0d6bf-ea5f-48a3-bad4-2c1827e00b64 
[2026-02-17T04:28:48.144Z] [INFO] GET /api/appointments?userId=67125ea6-c050-4b6e-b4ce-e65e06941745 
[2026-02-17T04:28:48.146Z] [INFO] GET /api/assistance?userId=67125ea6-c050-4b6e-b4ce-e65e06941745 
[2026-02-17T04:28:50.879Z] [INFO] GET /api/assistance/64b0d6bf-ea5f-48a3-bad4-2c1827e00b64 
[2026-02-17T04:28:53.145Z] [INFO] GET /api/appointments?userId=67125ea6-c050-4b6e-b4ce-e65e06941745 
[2026-02-17T04:28:53.145Z] [INFO] GET /api/assistance?userId=67125ea6-c050-4b6e-b4ce-e65e06941745 
[2026-02-17T04:28:53.893Z] [INFO] GET /api/assistance/64b0d6bf-ea5f-48a3-bad4-2c1827e00b64 
[2026-02-17T04:28:56.894Z] [INFO] GET /api/assistance/64b0d6bf-ea5f-48a3-bad4-2c1827e00b64 
[2026-02-17T04:28:58.161Z] [INFO] GET /api/appointments?userId=67125ea6-c050-4b6e-b4ce-e65e06941745 
[2026-02-17T04:28:58.163Z] [INFO] GET /api/assistance?userId=67125ea6-c050-4b6e-b4ce-e65e06941745 
[2026-02-17T04:28:59.895Z] [INFO] GET /api/assistance/64b0d6bf-ea5f-48a3-bad4-2c1827e00b64 
[2026-02-17T04:29:02.896Z] [INFO] GET /api/assistance/64b0d6bf-ea5f-48a3-bad4-2c1827e00b64 
[2026-02-17T04:29:03.177Z] [INFO] GET /api/appointments?userId=67125ea6-c050-4b6e-b4ce-e65e06941745 
[2026-02-17T04:29:03.179Z] [INFO] GET /api/assistance?userId=67125ea6-c050-4b6e-b4ce-e65e06941745 
[2026-02-17T04:29:05.898Z] [INFO] GET /api/assistance/64b0d6bf-ea5f-48a3-bad4-2c1827e00b64 
[2026-02-17T04:29:08.178Z] [INFO] GET /api/appointments?userId=67125ea6-c050-4b6e-b4ce-e65e06941745 
[2026-02-17T04:29:08.179Z] [INFO] GET /api/assistance?userId=67125ea6-c050-4b6e-b4ce-e65e06941745 
[2026-02-17T04:29:08.911Z] [INFO] GET /api/assistance/64b0d6bf-ea5f-48a3-bad4-2c1827e00b64 
[2026-02-17T04:29:11.760Z] [INFO] GET /api/assistance?mechanicId=60b577d5-305f-423f-b6a2-fb3c13dcead3 
[2026-02-17T04:29:11.762Z] [INFO] GET /api/appointments?mechanicId=60b577d5-305f-423f-b6a2-fb3c13dcead3 
[2026-02-17T04:29:11.768Z] [INFO] GET /api/appointments?mechanicId=60b577d5-305f-423f-b6a2-fb3c13dcead3 
[2026-02-17T04:29:11.769Z] [INFO] GET /api/assistance?mechanicId=60b577d5-305f-423f-b6a2-fb3c13dcead3 
[2026-02-17T04:29:11.917Z] [INFO] GET /api/assistance/64b0d6bf-ea5f-48a3-bad4-2c1827e00b64 
[2026-02-17T04:29:13.179Z] [INFO] GET /api/appointments?userId=67125ea6-c050-4b6e-b4ce-e65e06941745 
[2026-02-17T04:29:13.179Z] [INFO] GET /api/assistance?userId=67125ea6-c050-4b6e-b4ce-e65e06941745 
[2026-02-17T04:29:14.912Z] [INFO] GET /api/assistance/64b0d6bf-ea5f-48a3-bad4-2c1827e00b64 
[2026-02-17T04:29:18.058Z] [INFO] GET /api/assistance/64b0d6bf-ea5f-48a3-bad4-2c1827e00b64 
[2026-02-17T04:29:18.199Z] [INFO] GET /api/appointments?userId=67125ea6-c050-4b6e-b4ce-e65e06941745 
[2026-02-17T04:29:18.211Z] [INFO] GET /api/assistance?userId=67125ea6-c050-4b6e-b4ce-e65e06941745 
[2026-02-17T04:29:20.985Z] [INFO] GET /api/assistance/64b0d6bf-ea5f-48a3-bad4-2c1827e00b64 
[2026-02-17T04:29:23.196Z] [INFO] GET /api/appointments?userId=67125ea6-c050-4b6e-b4ce-e65e06941745 
[2026-02-17T04:29:23.196Z] [INFO] GET /api/assistance?userId=67125ea6-c050-4b6e-b4ce-e65e06941745 
[2026-02-17T04:29:23.927Z] [INFO] GET /api/assistance/64b0d6bf-ea5f-48a3-bad4-2c1827e00b64 
[2026-02-17T04:29:26.928Z] [INFO] GET /api/assistance/64b0d6bf-ea5f-48a3-bad4-2c1827e00b64 
[2026-02-17T04:29:28.209Z] [INFO] GET /api/appointments?userId=67125ea6-c050-4b6e-b4ce-e65e06941745 
[2026-02-17T04:29:28.211Z] [INFO] GET /api/assistance?userId=67125ea6-c050-4b6e-b4ce-e65e06941745 
[2026-02-17T04:29:29.858Z] [INFO] GET /api/appointments?mechanicId=60b577d5-305f-423f-b6a2-fb3c13dcead3 
[2026-02-17T04:29:29.858Z] [INFO] GET /api/assistance?mechanicId=60b577d5-305f-423f-b6a2-fb3c13dcead3 
[2026-02-17T04:29:29.864Z] [INFO] GET /api/appointments?mechanicId=60b577d5-305f-423f-b6a2-fb3c13dcead3 
[2026-02-17T04:29:29.864Z] [INFO] GET /api/assistance?mechanicId=60b577d5-305f-423f-b6a2-fb3c13dcead3 
[2026-02-17T04:29:29.939Z] [INFO] GET /api/assistance/64b0d6bf-ea5f-48a3-bad4-2c1827e00b64 
[2026-02-17T04:29:32.933Z] [INFO] GET /api/assistance/64b0d6bf-ea5f-48a3-bad4-2c1827e00b64 
[2026-02-17T04:29:33.228Z] [INFO] GET /api/appointments?userId=67125ea6-c050-4b6e-b4ce-e65e06941745 
[2026-02-17T04:29:33.230Z] [INFO] GET /api/assistance?userId=67125ea6-c050-4b6e-b4ce-e65e06941745 
[2026-02-17T04:29:35.933Z] [INFO] GET /api/assistance/64b0d6bf-ea5f-48a3-bad4-2c1827e00b64 
[2026-02-17T04:29:38.228Z] [INFO] GET /api/appointments?userId=67125ea6-c050-4b6e-b4ce-e65e06941745 
[2026-02-17T04:29:38.228Z] [INFO] GET /api/assistance?userId=67125ea6-c050-4b6e-b4ce-e65e06941745 
[2026-02-17T04:29:38.942Z] [INFO] GET /api/assistance/64b0d6bf-ea5f-48a3-bad4-2c1827e00b64 
[2026-02-17T04:29:41.945Z] [INFO] GET /api/assistance/64b0d6bf-ea5f-48a3-bad4-2c1827e00b64 
[2026-02-17T04:29:43.229Z] [INFO] GET /api/appointments?userId=67125ea6-c050-4b6e-b4ce-e65e06941745 
[2026-02-17T04:29:43.229Z] [INFO] GET /api/assistance?userId=67125ea6-c050-4b6e-b4ce-e65e06941745 
[2026-02-17T04:29:44.945Z] [INFO] GET /api/assistance/64b0d6bf-ea5f-48a3-bad4-2c1827e00b64 
[2026-02-17T04:29:47.697Z] [INFO] OPTIONS /api/appointments/64b0d6bf-ea5f-48a3-bad4-2c1827e00b64 
[2026-02-17T04:29:47.698Z] [INFO] PATCH /api/appointments/64b0d6bf-ea5f-48a3-bad4-2c1827e00b64 
[2026-02-17T04:29:47.757Z] [INFO] GET /api/appointments?mechanicId=60b577d5-305f-423f-b6a2-fb3c13dcead3 
[2026-02-17T04:29:47.757Z] [INFO] GET /api/assistance?mechanicId=60b577d5-305f-423f-b6a2-fb3c13dcead3 
[2026-02-17T04:29:47.946Z] [INFO] GET /api/assistance/64b0d6bf-ea5f-48a3-bad4-2c1827e00b64 
[2026-02-17T04:29:48.245Z] [INFO] GET /api/appointments?userId=67125ea6-c050-4b6e-b4ce-e65e06941745 
[2026-02-17T04:29:48.247Z] [INFO] GET /api/assistance?userId=67125ea6-c050-4b6e-b4ce-e65e06941745 
[2026-02-17T04:29:50.225Z] [INFO] GET /api/appointments?mechanicId=60b577d5-305f-423f-b6a2-fb3c13dcead3 
[2026-02-17T04:29:50.225Z] [INFO] GET /api/assistance?mechanicId=60b577d5-305f-423f-b6a2-fb3c13dcead3 
[2026-02-17T04:29:50.947Z] [INFO] GET /api/assistance/64b0d6bf-ea5f-48a3-bad4-2c1827e00b64 
[2026-02-17T04:29:52.790Z] [INFO] GET /api/appointments?userId=67125ea6-c050-4b6e-b4ce-e65e06941745 
[2026-02-17T04:29:52.791Z] [INFO] GET /api/assistance?userId=67125ea6-c050-4b6e-b4ce-e65e06941745 
[2026-02-17T04:29:53.244Z] [INFO] GET /api/appointments?userId=67125ea6-c050-4b6e-b4ce-e65e06941745 
[2026-02-17T04:29:53.245Z] [INFO] GET /api/assistance?userId=67125ea6-c050-4b6e-b4ce-e65e06941745 
[2026-02-17T04:29:53.474Z] [INFO] GET /api/assistance?userId=67125ea6-c050-4b6e-b4ce-e65e06941745&status=pending 
[2026-02-17T04:29:53.959Z] [INFO] GET /api/assistance/64b0d6bf-ea5f-48a3-bad4-2c1827e00b64 
[2026-02-17T04:29:55.685Z] [INFO] GET /api/appointments?userId=67125ea6-c050-4b6e-b4ce-e65e06941745 
[2026-02-17T04:29:55.686Z] [INFO] GET /api/assistance?userId=67125ea6-c050-4b6e-b4ce-e65e06941745 
[2026-02-17T04:29:56.989Z] [INFO] GET /api/assistance/64b0d6bf-ea5f-48a3-bad4-2c1827e00b64 
[2026-02-17T04:29:57.238Z] [INFO] GET /api/appointments 
[2026-02-17T04:29:57.238Z] [INFO] GET /api/assistance 
[2026-02-17T04:29:57.239Z] [INFO] GET /api/appointments 
[2026-02-17T04:29:57.239Z] [INFO] GET /api/assistance 
[2026-02-17T04:29:58.283Z] [INFO] GET /api/appointments?userId=67125ea6-c050-4b6e-b4ce-e65e06941745 
[2026-02-17T04:29:58.285Z] [INFO] GET /api/assistance?userId=67125ea6-c050-4b6e-b4ce-e65e06941745 
[2026-02-17T04:29:59.598Z] [INFO] OPTIONS /api/appointments/all 
[2026-02-17T04:29:59.599Z] [INFO] OPTIONS /api/assistance/all 
[2026-02-17T04:29:59.600Z] [INFO] DELETE /api/appointments/all 
[2026-02-17T04:29:59.601Z] [INFO] DELETE /api/assistance/all 
[2026-02-17T04:29:59.977Z] [INFO] GET /api/assistance/64b0d6bf-ea5f-48a3-bad4-2c1827e00b64 
[2026-02-17T04:30:03.023Z] [INFO] GET /api/assistance/64b0d6bf-ea5f-48a3-bad4-2c1827e00b64 
[2026-02-17T04:30:03.261Z] [INFO] GET /api/appointments?userId=67125ea6-c050-4b6e-b4ce-e65e06941745 
[2026-02-17T04:30:03.261Z] [INFO] GET /api/assistance?userId=67125ea6-c050-4b6e-b4ce-e65e06941745 
[2026-02-17T04:30:03.865Z] [INFO] GET /api/vehicles/67125ea6-c050-4b6e-b4ce-e65e06941745 
[2026-02-17T04:30:06.025Z] [INFO] GET /api/assistance/64b0d6bf-ea5f-48a3-bad4-2c1827e00b64 
[2026-02-17T04:30:08.276Z] [INFO] GET /api/appointments?userId=67125ea6-c050-4b6e-b4ce-e65e06941745 
[2026-02-17T04:30:08.277Z] [INFO] GET /api/assistance?userId=67125ea6-c050-4b6e-b4ce-e65e06941745 
[2026-02-17T04:30:09.026Z] [INFO] GET /api/assistance/64b0d6bf-ea5f-48a3-bad4-2c1827e00b64 
[2026-02-17T04:30:12.027Z] [INFO] GET /api/assistance/64b0d6bf-ea5f-48a3-bad4-2c1827e00b64 
[2026-02-17T04:30:13.279Z] [INFO] GET /api/appointments?userId=67125ea6-c050-4b6e-b4ce-e65e06941745 
[2026-02-17T04:30:13.279Z] [INFO] GET /api/assistance?userId=67125ea6-c050-4b6e-b4ce-e65e06941745 
[2026-02-17T04:30:15.029Z] [INFO] GET /api/assistance/64b0d6bf-ea5f-48a3-bad4-2c1827e00b64 
[2026-02-17T04:30:18.030Z] [INFO] GET /api/assistance/64b0d6bf-ea5f-48a3-bad4-2c1827e00b64 
[2026-02-17T04:30:18.293Z] [INFO] GET /api/appointments?userId=67125ea6-c050-4b6e-b4ce-e65e06941745 
[2026-02-17T04:30:18.297Z] [INFO] GET /api/assistance?userId=67125ea6-c050-4b6e-b4ce-e65e06941745 
[2026-02-17T04:30:21.042Z] [INFO] GET /api/assistance/64b0d6bf-ea5f-48a3-bad4-2c1827e00b64 
[2026-02-17T04:30:23.294Z] [INFO] GET /api/appointments?userId=67125ea6-c050-4b6e-b4ce-e65e06941745 
[2026-02-17T04:30:23.295Z] [INFO] GET /api/assistance?userId=67125ea6-c050-4b6e-b4ce-e65e06941745 
[2026-02-17T04:30:24.044Z] [INFO] GET /api/assistance/64b0d6bf-ea5f-48a3-bad4-2c1827e00b64 
[2026-02-17T04:30:27.044Z] [INFO] GET /api/assistance/64b0d6bf-ea5f-48a3-bad4-2c1827e00b64 
[2026-02-17T04:30:28.311Z] [INFO] GET /api/appointments?userId=67125ea6-c050-4b6e-b4ce-e65e06941745 
[2026-02-17T04:30:28.313Z] [INFO] GET /api/assistance?userId=67125ea6-c050-4b6e-b4ce-e65e06941745 
[2026-02-17T04:30:30.044Z] [INFO] GET /api/assistance/64b0d6bf-ea5f-48a3-bad4-2c1827e00b64 
[2026-02-17T04:30:33.047Z] [INFO] GET /api/assistance/64b0d6bf-ea5f-48a3-bad4-2c1827e00b64 
[2026-02-17T04:30:33.311Z] [INFO] GET /api/appointments?userId=67125ea6-c050-4b6e-b4ce-e65e06941745 
[2026-02-17T04:30:33.311Z] [INFO] GET /api/assistance?userId=67125ea6-c050-4b6e-b4ce-e65e06941745 
[2026-02-17T04:30:33.951Z] [INFO] GET /api/appointments?userId=67125ea6-c050-4b6e-b4ce-e65e06941745 
[2026-02-17T04:30:33.951Z] [INFO] GET /api/assistance?userId=67125ea6-c050-4b6e-b4ce-e65e06941745 
[2026-02-17T04:30:36.080Z] [INFO] GET /api/assistance/64b0d6bf-ea5f-48a3-bad4-2c1827e00b64 
[2026-02-17T04:30:38.312Z] [INFO] GET /api/appointments?userId=67125ea6-c050-4b6e-b4ce-e65e06941745 
[2026-02-17T04:30:38.314Z] [INFO] GET /api/assistance?userId=67125ea6-c050-4b6e-b4ce-e65e06941745 
[2026-02-17T04:30:42.721Z] [INFO] GET /api/appointments?mechanicId=60b577d5-305f-423f-b6a2-fb3c13dcead3 
[2026-02-17T04:30:42.722Z] [INFO] GET /api/assistance?mechanicId=60b577d5-305f-423f-b6a2-fb3c13dcead3 
[2026-02-17T04:30:43.606Z] [INFO] GET /api/appointments?userId=67125ea6-c050-4b6e-b4ce-e65e06941745 
[2026-02-17T04:30:43.610Z] [INFO] GET /api/assistance?userId=67125ea6-c050-4b6e-b4ce-e65e06941745 
[2026-02-17T04:30:45.814Z] [INFO] POST /api/login 
[2026-02-17T04:30:45.946Z] [INFO] GET /api/assistance?userId=67125ea6-c050-4b6e-b4ce-e65e06941745&status=pending 
[2026-02-17T04:30:47.037Z] [INFO] GET /api/appointments?userId=67125ea6-c050-4b6e-b4ce-e65e06941745 
[2026-02-17T04:30:47.038Z] [INFO] GET /api/assistance?userId=67125ea6-c050-4b6e-b4ce-e65e06941745 
[2026-02-17T04:30:48.609Z] [INFO] GET /api/appointments?userId=67125ea6-c050-4b6e-b4ce-e65e06941745 
[2026-02-17T04:30:48.610Z] [INFO] GET /api/assistance?userId=67125ea6-c050-4b6e-b4ce-e65e06941745 
[2026-02-17T04:30:51.108Z] [INFO] GET /api/vehicles/67125ea6-c050-4b6e-b4ce-e65e06941745 
[2026-02-17T04:30:53.625Z] [INFO] GET /api/appointments?userId=67125ea6-c050-4b6e-b4ce-e65e06941745 
[2026-02-17T04:30:53.626Z] [INFO] GET /api/assistance?userId=67125ea6-c050-4b6e-b4ce-e65e06941745 
[2026-02-17T04:30:56.561Z] [INFO] POST /api/assistance 
[2026-02-17T04:30:58.620Z] [INFO] GET /api/assistance?zip=33327&status=pending 
[2026-02-17T04:30:58.636Z] [INFO] GET /api/appointments?userId=67125ea6-c050-4b6e-b4ce-e65e06941745 
[2026-02-17T04:30:58.640Z] [INFO] GET /api/assistance?userId=67125ea6-c050-4b6e-b4ce-e65e06941745 
[2026-02-17T04:30:59.629Z] [INFO] GET /api/assistance/4abb0e1c-a130-4d87-8955-d813e8ee5ab4 
[2026-02-17T04:31:02.639Z] [INFO] GET /api/assistance/4abb0e1c-a130-4d87-8955-d813e8ee5ab4 
[2026-02-17T04:31:03.630Z] [INFO] GET /api/appointments?userId=67125ea6-c050-4b6e-b4ce-e65e06941745 
[2026-02-17T04:31:03.632Z] [INFO] GET /api/assistance?userId=67125ea6-c050-4b6e-b4ce-e65e06941745 
[2026-02-17T04:31:04.421Z] [INFO] GET /api/appointments 
[2026-02-17T04:31:04.425Z] [INFO] GET /api/assistance 
[2026-02-17T04:31:04.426Z] [INFO] GET /api/appointments 
[2026-02-17T04:31:04.428Z] [INFO] GET /api/assistance 
[2026-02-17T04:31:05.637Z] [INFO] GET /api/assistance/4abb0e1c-a130-4d87-8955-d813e8ee5ab4 
[2026-02-17T04:31:08.635Z] [INFO] GET /api/appointments?userId=67125ea6-c050-4b6e-b4ce-e65e06941745 
[2026-02-17T04:31:08.636Z] [INFO] GET /api/assistance?userId=67125ea6-c050-4b6e-b4ce-e65e06941745 
[2026-02-17T04:31:08.643Z] [INFO] GET /api/assistance/4abb0e1c-a130-4d87-8955-d813e8ee5ab4 
[2026-02-17T04:31:08.672Z] [INFO] OPTIONS /api/assistance/4abb0e1c-a130-4d87-8955-d813e8ee5ab4 
[2026-02-17T04:31:08.675Z] [INFO] PATCH /api/assistance/4abb0e1c-a130-4d87-8955-d813e8ee5ab4 
[2026-02-17T04:31:09.506Z] [INFO] GET /api/assistance?zip=33327&status=pending 
[2026-02-17T04:31:10.708Z] [INFO] GET /api/assistance?zip=33327&status=pending 
[2026-02-17T04:31:11.648Z] [INFO] GET /api/assistance/4abb0e1c-a130-4d87-8955-d813e8ee5ab4 
[2026-02-17T04:31:13.614Z] [INFO] GET /api/assistance 
[2026-02-17T04:31:13.615Z] [INFO] GET /api/appointments 
[2026-02-17T04:31:13.615Z] [INFO] GET /api/appointments 
[2026-02-17T04:31:13.616Z] [INFO] GET /api/assistance 
[2026-02-17T04:31:13.646Z] [INFO] GET /api/appointments?userId=67125ea6-c050-4b6e-b4ce-e65e06941745 
[2026-02-17T04:31:13.649Z] [INFO] GET /api/assistance?userId=67125ea6-c050-4b6e-b4ce-e65e06941745 
[2026-02-17T04:31:14.660Z] [INFO] GET /api/assistance/4abb0e1c-a130-4d87-8955-d813e8ee5ab4 
[2026-02-17T04:31:17.662Z] [INFO] GET /api/assistance/4abb0e1c-a130-4d87-8955-d813e8ee5ab4 
[2026-02-17T04:31:18.663Z] [INFO] GET /api/appointments?userId=67125ea6-c050-4b6e-b4ce-e65e06941745 
[2026-02-17T04:31:18.666Z] [INFO] GET /api/assistance?userId=67125ea6-c050-4b6e-b4ce-e65e06941745 
[2026-02-17T04:31:20.662Z] [INFO] GET /api/assistance/4abb0e1c-a130-4d87-8955-d813e8ee5ab4 
[2026-02-17T04:31:23.665Z] [INFO] GET /api/appointments?userId=67125ea6-c050-4b6e-b4ce-e65e06941745 
[2026-02-17T04:31:23.666Z] [INFO] GET /api/assistance?userId=67125ea6-c050-4b6e-b4ce-e65e06941745 
[2026-02-17T04:31:23.678Z] [INFO] GET /api/assistance/4abb0e1c-a130-4d87-8955-d813e8ee5ab4 
[2026-02-17T04:31:24.719Z] [INFO] GET /api/appointments 
[2026-02-17T04:31:24.720Z] [INFO] GET /api/assistance 
[2026-02-17T04:31:26.678Z] [INFO] GET /api/assistance/4abb0e1c-a130-4d87-8955-d813e8ee5ab4 
[2026-02-17T04:31:28.673Z] [INFO] GET /api/appointments?userId=67125ea6-c050-4b6e-b4ce-e65e06941745 
[2026-02-17T04:31:28.676Z] [INFO] GET /api/assistance?userId=67125ea6-c050-4b6e-b4ce-e65e06941745 
[2026-02-17T04:31:29.694Z] [INFO] GET /api/assistance/4abb0e1c-a130-4d87-8955-d813e8ee5ab4 
[2026-02-17T04:31:32.695Z] [INFO] GET /api/assistance/4abb0e1c-a130-4d87-8955-d813e8ee5ab4 
[2026-02-17T04:31:33.679Z] [INFO] GET /api/appointments?userId=67125ea6-c050-4b6e-b4ce-e65e06941745 
[2026-02-17T04:31:33.679Z] [INFO] GET /api/assistance?userId=67125ea6-c050-4b6e-b4ce-e65e06941745 
[2026-02-17T04:31:35.696Z] [INFO] GET /api/assistance/4abb0e1c-a130-4d87-8955-d813e8ee5ab4 
[2026-02-17T04:31:38.677Z] [INFO] GET /api/appointments?userId=67125ea6-c050-4b6e-b4ce-e65e06941745 
[2026-02-17T04:31:38.678Z] [INFO] GET /api/assistance?userId=67125ea6-c050-4b6e-b4ce-e65e06941745 
[2026-02-17T04:31:38.719Z] [INFO] GET /api/assistance/4abb0e1c-a130-4d87-8955-d813e8ee5ab4 
[2026-02-17T04:31:41.721Z] [INFO] GET /api/assistance/4abb0e1c-a130-4d87-8955-d813e8ee5ab4 
[2026-02-17T04:31:43.695Z] [INFO] GET /api/appointments?userId=67125ea6-c050-4b6e-b4ce-e65e06941745 
[2026-02-17T04:31:43.697Z] [INFO] GET /api/assistance?userId=67125ea6-c050-4b6e-b4ce-e65e06941745 
[2026-02-17T04:31:44.727Z] [INFO] GET /api/assistance/4abb0e1c-a130-4d87-8955-d813e8ee5ab4 
[2026-02-17T04:31:47.726Z] [INFO] GET /api/assistance/4abb0e1c-a130-4d87-8955-d813e8ee5ab4 
[2026-02-17T04:31:48.713Z] [INFO] GET /api/appointments?userId=67125ea6-c050-4b6e-b4ce-e65e06941745 
[2026-02-17T04:31:48.715Z] [INFO] GET /api/assistance?userId=67125ea6-c050-4b6e-b4ce-e65e06941745 
[2026-02-17T04:31:50.186Z] [INFO] GET /api/appointments 
[2026-02-17T04:31:50.187Z] [INFO] GET /api/assistance 
[2026-02-17T04:31:50.188Z] [INFO] GET /api/appointments 
[2026-02-17T04:31:50.188Z] [INFO] GET /api/assistance 
[2026-02-17T04:31:50.730Z] [INFO] GET /api/assistance/4abb0e1c-a130-4d87-8955-d813e8ee5ab4 
[2026-02-17T04:31:53.713Z] [INFO] GET /api/appointments?userId=67125ea6-c050-4b6e-b4ce-e65e06941745 
[2026-02-17T04:31:53.713Z] [INFO] GET /api/assistance?userId=67125ea6-c050-4b6e-b4ce-e65e06941745 
[2026-02-17T04:31:53.750Z] [INFO] GET /api/assistance/4abb0e1c-a130-4d87-8955-d813e8ee5ab4 
[2026-02-17T04:31:55.843Z] [INFO] GET /api/assistance?mechanicId=60b577d5-305f-423f-b6a2-fb3c13dcead3 
[2026-02-17T04:31:55.844Z] [INFO] GET /api/appointments?mechanicId=60b577d5-305f-423f-b6a2-fb3c13dcead3 
[2026-02-17T04:31:55.847Z] [INFO] GET /api/assistance?mechanicId=60b577d5-305f-423f-b6a2-fb3c13dcead3 
[2026-02-17T04:31:55.848Z] [INFO] GET /api/appointments?mechanicId=60b577d5-305f-423f-b6a2-fb3c13dcead3 
[2026-02-17T04:31:56.026Z] [INFO] GET /api/assistance?userId=67125ea6-c050-4b6e-b4ce-e65e06941745&status=pending 
[2026-02-17T04:31:56.027Z] [INFO] GET /api/vehicles/67125ea6-c050-4b6e-b4ce-e65e06941745 
[2026-02-17T04:31:56.029Z] [INFO] GET /api/appointments?userId=67125ea6-c050-4b6e-b4ce-e65e06941745 
[2026-02-17T04:31:56.039Z] [INFO] GET /api/assistance?userId=67125ea6-c050-4b6e-b4ce-e65e06941745 
[2026-02-17T04:31:58.998Z] [INFO] GET /api/assistance/4abb0e1c-a130-4d87-8955-d813e8ee5ab4 
[2026-02-17T04:32:01.000Z] [INFO] GET /api/appointments?userId=67125ea6-c050-4b6e-b4ce-e65e06941745 
[2026-02-17T04:32:01.000Z] [INFO] GET /api/assistance?userId=67125ea6-c050-4b6e-b4ce-e65e06941745 
[2026-02-17T04:32:02.012Z] [INFO] GET /api/assistance/4abb0e1c-a130-4d87-8955-d813e8ee5ab4 
[2026-02-17T04:32:05.013Z] [INFO] GET /api/assistance/4abb0e1c-a130-4d87-8955-d813e8ee5ab4 
[2026-02-17T04:32:06.013Z] [INFO] GET /api/appointments?userId=67125ea6-c050-4b6e-b4ce-e65e06941745 
[2026-02-17T04:32:06.015Z] [INFO] GET /api/assistance?userId=67125ea6-c050-4b6e-b4ce-e65e06941745 
[2026-02-17T04:32:08.011Z] [INFO] GET /api/assistance/4abb0e1c-a130-4d87-8955-d813e8ee5ab4 
[2026-02-17T04:32:11.013Z] [INFO] GET /api/appointments?userId=67125ea6-c050-4b6e-b4ce-e65e06941745 
[2026-02-17T04:32:11.014Z] [INFO] GET /api/assistance?userId=67125ea6-c050-4b6e-b4ce-e65e06941745 
[2026-02-17T04:32:11.026Z] [INFO] GET /api/assistance/4abb0e1c-a130-4d87-8955-d813e8ee5ab4 
[2026-02-17T04:32:14.044Z] [INFO] GET /api/assistance/4abb0e1c-a130-4d87-8955-d813e8ee5ab4 
[2026-02-17T04:32:16.029Z] [INFO] GET /api/appointments?userId=67125ea6-c050-4b6e-b4ce-e65e06941745 
[2026-02-17T04:32:16.032Z] [INFO] GET /api/assistance?userId=67125ea6-c050-4b6e-b4ce-e65e06941745 
[2026-02-17T04:32:17.059Z] [INFO] GET /api/assistance/4abb0e1c-a130-4d87-8955-d813e8ee5ab4 
[2026-02-17T04:32:20.073Z] [INFO] GET /api/assistance/4abb0e1c-a130-4d87-8955-d813e8ee5ab4 
[2026-02-17T04:32:21.041Z] [INFO] GET /api/appointments?userId=67125ea6-c050-4b6e-b4ce-e65e06941745 
[2026-02-17T04:32:21.043Z] [INFO] GET /api/assistance?userId=67125ea6-c050-4b6e-b4ce-e65e06941745 
[2026-02-17T04:32:23.091Z] [INFO] GET /api/assistance/4abb0e1c-a130-4d87-8955-d813e8ee5ab4 
[2026-02-17T04:32:26.056Z] [INFO] GET /api/appointments?userId=67125ea6-c050-4b6e-b4ce-e65e06941745 
[2026-02-17T04:32:26.059Z] [INFO] GET /api/assistance?userId=67125ea6-c050-4b6e-b4ce-e65e06941745 
[2026-02-17T04:32:26.091Z] [INFO] GET /api/assistance/4abb0e1c-a130-4d87-8955-d813e8ee5ab4 
[2026-02-17T04:32:29.093Z] [INFO] GET /api/assistance/4abb0e1c-a130-4d87-8955-d813e8ee5ab4 
[2026-02-17T04:32:31.072Z] [INFO] GET /api/appointments?userId=67125ea6-c050-4b6e-b4ce-e65e06941745 
[2026-02-17T04:32:31.075Z] [INFO] GET /api/assistance?userId=67125ea6-c050-4b6e-b4ce-e65e06941745 
[2026-02-17T04:32:32.104Z] [INFO] GET /api/assistance/4abb0e1c-a130-4d87-8955-d813e8ee5ab4 
[2026-02-17T04:32:35.127Z] [INFO] GET /api/assistance/4abb0e1c-a130-4d87-8955-d813e8ee5ab4 
[2026-02-17T04:32:35.343Z] [INFO] GET /api/appointments?userId=67125ea6-c050-4b6e-b4ce-e65e06941745 
[2026-02-17T04:32:35.345Z] [INFO] GET /api/assistance?userId=67125ea6-c050-4b6e-b4ce-e65e06941745 
[2026-02-17T04:32:36.088Z] [INFO] GET /api/appointments?userId=67125ea6-c050-4b6e-b4ce-e65e06941745 
[2026-02-17T04:32:36.089Z] [INFO] GET /api/assistance?userId=67125ea6-c050-4b6e-b4ce-e65e06941745 
[2026-02-17T04:32:37.427Z] [INFO] GET /api/users/60b577d5-305f-423f-b6a2-fb3c13dcead3 
[2026-02-17T04:32:38.136Z] [INFO] GET /api/assistance/4abb0e1c-a130-4d87-8955-d813e8ee5ab4 
[2026-02-17T04:32:41.088Z] [INFO] GET /api/appointments?userId=67125ea6-c050-4b6e-b4ce-e65e06941745 
[2026-02-17T04:32:41.088Z] [INFO] GET /api/assistance?userId=67125ea6-c050-4b6e-b4ce-e65e06941745 
[2026-02-17T04:32:41.137Z] [INFO] GET /api/assistance/4abb0e1c-a130-4d87-8955-d813e8ee5ab4 
[2026-02-17T04:32:43.167Z] [INFO] GET /api/appointments?userId=67125ea6-c050-4b6e-b4ce-e65e06941745 
[2026-02-17T04:32:43.168Z] [INFO] GET /api/assistance?userId=67125ea6-c050-4b6e-b4ce-e65e06941745 
[2026-02-17T04:32:44.152Z] [INFO] GET /api/assistance/4abb0e1c-a130-4d87-8955-d813e8ee5ab4 
[2026-02-17T04:32:45.034Z] [INFO] GET /api/appointments?userId=67125ea6-c050-4b6e-b4ce-e65e06941745 
[2026-02-17T04:32:45.035Z] [INFO] GET /api/assistance?userId=67125ea6-c050-4b6e-b4ce-e65e06941745 
[2026-02-17T04:32:46.106Z] [INFO] GET /api/appointments?userId=67125ea6-c050-4b6e-b4ce-e65e06941745 
[2026-02-17T04:32:46.108Z] [INFO] GET /api/assistance?userId=67125ea6-c050-4b6e-b4ce-e65e06941745 
[2026-02-17T04:32:47.185Z] [INFO] GET /api/appointments?userId=67125ea6-c050-4b6e-b4ce-e65e06941745 
[2026-02-17T04:32:47.186Z] [INFO] GET /api/assistance?userId=67125ea6-c050-4b6e-b4ce-e65e06941745 
[2026-02-17T04:32:47.190Z] [INFO] GET /api/assistance/4abb0e1c-a130-4d87-8955-d813e8ee5ab4 
[2026-02-17T04:32:48.487Z] [INFO] GET /api/assistance?userId=67125ea6-c050-4b6e-b4ce-e65e06941745&status=pending 
[2026-02-17T04:32:49.101Z] [INFO] GET /api/appointments?userId=67125ea6-c050-4b6e-b4ce-e65e06941745 
[2026-02-17T04:32:49.102Z] [INFO] GET /api/assistance?userId=67125ea6-c050-4b6e-b4ce-e65e06941745 
[2026-02-17T04:32:49.930Z] [INFO] GET /api/users/60b577d5-305f-423f-b6a2-fb3c13dcead3 
[2026-02-17T04:32:50.200Z] [INFO] GET /api/assistance/4abb0e1c-a130-4d87-8955-d813e8ee5ab4 
[2026-02-17T04:32:50.993Z] [INFO] GET /api/appointments?userId=67125ea6-c050-4b6e-b4ce-e65e06941745 
[2026-02-17T04:32:50.994Z] [INFO] GET /api/assistance?userId=67125ea6-c050-4b6e-b4ce-e65e06941745 
[2026-02-17T04:32:51.116Z] [INFO] GET /api/appointments?userId=67125ea6-c050-4b6e-b4ce-e65e06941745 
[2026-02-17T04:32:51.117Z] [INFO] GET /api/assistance?userId=67125ea6-c050-4b6e-b4ce-e65e06941745 
[2026-02-17T04:32:53.203Z] [INFO] GET /api/assistance/4abb0e1c-a130-4d87-8955-d813e8ee5ab4 
[2026-02-17T04:32:56.119Z] [INFO] GET /api/appointments?userId=67125ea6-c050-4b6e-b4ce-e65e06941745 
[2026-02-17T04:32:56.119Z] [INFO] GET /api/assistance?userId=67125ea6-c050-4b6e-b4ce-e65e06941745 
[2026-02-17T04:32:56.216Z] [INFO] GET /api/assistance/4abb0e1c-a130-4d87-8955-d813e8ee5ab4 
[2026-02-17T04:32:58.059Z] [INFO] GET /api/appointments 
[2026-02-17T04:32:58.061Z] [INFO] GET /api/assistance 
[2026-02-17T04:32:58.062Z] [INFO] GET /api/assistance 
[2026-02-17T04:32:58.062Z] [INFO] GET /api/appointments 
[2026-02-17T04:32:59.220Z] [INFO] GET /api/assistance/4abb0e1c-a130-4d87-8955-d813e8ee5ab4 
[2026-02-17T04:33:01.120Z] [INFO] GET /api/appointments?userId=67125ea6-c050-4b6e-b4ce-e65e06941745 
[2026-02-17T04:33:01.120Z] [INFO] GET /api/assistance?userId=67125ea6-c050-4b6e-b4ce-e65e06941745 
[2026-02-17T04:33:02.234Z] [INFO] GET /api/assistance/4abb0e1c-a130-4d87-8955-d813e8ee5ab4 
[2026-02-17T04:33:05.235Z] [INFO] GET /api/assistance/4abb0e1c-a130-4d87-8955-d813e8ee5ab4 
[2026-02-17T04:33:06.134Z] [INFO] GET /api/appointments?userId=67125ea6-c050-4b6e-b4ce-e65e06941745 
[2026-02-17T04:33:06.136Z] [INFO] GET /api/assistance?userId=67125ea6-c050-4b6e-b4ce-e65e06941745 
[2026-02-17T04:33:08.236Z] [INFO] GET /api/assistance/4abb0e1c-a130-4d87-8955-d813e8ee5ab4 
[2026-02-17T04:33:10.875Z] [INFO] GET /api/users/60b577d5-305f-423f-b6a2-fb3c13dcead3 
[2026-02-17T04:33:10.884Z] [INFO] GET /api/users/67125ea6-c050-4b6e-b4ce-e65e06941745 
[2026-02-17T04:33:11.137Z] [INFO] GET /api/appointments?userId=67125ea6-c050-4b6e-b4ce-e65e06941745 
[2026-02-17T04:33:11.138Z] [INFO] GET /api/assistance?userId=67125ea6-c050-4b6e-b4ce-e65e06941745 
[2026-02-17T04:33:11.250Z] [INFO] GET /api/assistance/4abb0e1c-a130-4d87-8955-d813e8ee5ab4 
[2026-02-17T04:33:11.878Z] [INFO] OPTIONS /api/appointments/4abb0e1c-a130-4d87-8955-d813e8ee5ab4 
[2026-02-17T04:33:11.879Z] [INFO] PATCH /api/appointments/4abb0e1c-a130-4d87-8955-d813e8ee5ab4 
[2026-02-17T04:33:12.076Z] [INFO] GET /api/assistance?mechanicId=60b577d5-305f-423f-b6a2-fb3c13dcead3 
[2026-02-17T04:33:12.077Z] [INFO] GET /api/appointments?mechanicId=60b577d5-305f-423f-b6a2-fb3c13dcead3 
[2026-02-17T04:33:14.266Z] [INFO] GET /api/assistance/4abb0e1c-a130-4d87-8955-d813e8ee5ab4 
[2026-02-17T04:33:16.152Z] [INFO] GET /api/appointments?userId=67125ea6-c050-4b6e-b4ce-e65e06941745 
[2026-02-17T04:33:16.155Z] [INFO] GET /api/assistance?userId=67125ea6-c050-4b6e-b4ce-e65e06941745 
[2026-02-17T04:33:17.283Z] [INFO] GET /api/assistance/4abb0e1c-a130-4d87-8955-d813e8ee5ab4 
[2026-02-17T04:33:19.201Z] [INFO] PATCH /api/appointments/4abb0e1c-a130-4d87-8955-d813e8ee5ab4 
[2026-02-17T04:33:19.352Z] [INFO] GET /api/appointments?userId=67125ea6-c050-4b6e-b4ce-e65e06941745 
[2026-02-17T04:33:19.353Z] [INFO] GET /api/assistance?userId=67125ea6-c050-4b6e-b4ce-e65e06941745 
[2026-02-17T04:33:20.301Z] [INFO] GET /api/assistance/4abb0e1c-a130-4d87-8955-d813e8ee5ab4 
[2026-02-17T04:33:21.168Z] [INFO] GET /api/appointments?userId=67125ea6-c050-4b6e-b4ce-e65e06941745 
[2026-02-17T04:33:21.169Z] [INFO] GET /api/assistance?userId=67125ea6-c050-4b6e-b4ce-e65e06941745 
[2026-02-17T04:33:22.405Z] [INFO] GET /api/assistance?userId=67125ea6-c050-4b6e-b4ce-e65e06941745&status=pending 
[2026-02-17T04:33:23.301Z] [INFO] GET /api/assistance/4abb0e1c-a130-4d87-8955-d813e8ee5ab4 
[2026-02-17T04:33:24.730Z] [INFO] GET /api/vehicles/67125ea6-c050-4b6e-b4ce-e65e06941745 
[2026-02-17T04:33:26.186Z] [INFO] GET /api/appointments?userId=67125ea6-c050-4b6e-b4ce-e65e06941745 
[2026-02-17T04:33:26.187Z] [INFO] GET /api/assistance?userId=67125ea6-c050-4b6e-b4ce-e65e06941745 
[2026-02-17T04:33:26.316Z] [INFO] GET /api/assistance/4abb0e1c-a130-4d87-8955-d813e8ee5ab4 
[2026-02-17T04:33:29.317Z] [INFO] GET /api/assistance/4abb0e1c-a130-4d87-8955-d813e8ee5ab4 
[2026-02-17T04:33:29.666Z] [INFO] POST /api/assistance 
[2026-02-17T04:33:31.185Z] [INFO] GET /api/appointments?userId=67125ea6-c050-4b6e-b4ce-e65e06941745 
[2026-02-17T04:33:31.186Z] [INFO] GET /api/assistance?userId=67125ea6-c050-4b6e-b4ce-e65e06941745 
[2026-02-17T04:33:31.900Z] [INFO] GET /api/appointments 
[2026-02-17T04:33:31.901Z] [INFO] GET /api/assistance 
[2026-02-17T04:33:31.902Z] [INFO] GET /api/assistance 
[2026-02-17T04:33:31.902Z] [INFO] GET /api/appointments 
[2026-02-17T04:33:32.335Z] [INFO] GET /api/assistance/4abb0e1c-a130-4d87-8955-d813e8ee5ab4 
[2026-02-17T04:33:32.750Z] [INFO] GET /api/assistance/07077be0-01ea-4d07-b8cb-5506d6d610ad 
[2026-02-17T04:33:35.335Z] [INFO] GET /api/assistance/4abb0e1c-a130-4d87-8955-d813e8ee5ab4 
[2026-02-17T04:33:35.768Z] [INFO] GET /api/assistance/07077be0-01ea-4d07-b8cb-5506d6d610ad 
[2026-02-17T04:33:36.201Z] [INFO] GET /api/appointments?userId=67125ea6-c050-4b6e-b4ce-e65e06941745 
[2026-02-17T04:33:36.204Z] [INFO] GET /api/assistance?userId=67125ea6-c050-4b6e-b4ce-e65e06941745 
[2026-02-17T04:33:36.213Z] [INFO] OPTIONS /api/assistance/4abb0e1c-a130-4d87-8955-d813e8ee5ab4 
[2026-02-17T04:33:36.217Z] [INFO] DELETE /api/assistance/4abb0e1c-a130-4d87-8955-d813e8ee5ab4 
[2026-02-17T04:33:38.337Z] [INFO] GET /api/assistance/4abb0e1c-a130-4d87-8955-d813e8ee5ab4 
[2026-02-17T04:33:38.784Z] [INFO] GET /api/assistance/07077be0-01ea-4d07-b8cb-5506d6d610ad 
[2026-02-17T04:33:41.202Z] [INFO] GET /api/appointments?userId=67125ea6-c050-4b6e-b4ce-e65e06941745 
[2026-02-17T04:33:41.203Z] [INFO] GET /api/assistance?userId=67125ea6-c050-4b6e-b4ce-e65e06941745 
[2026-02-17T04:33:41.349Z] [INFO] GET /api/assistance/4abb0e1c-a130-4d87-8955-d813e8ee5ab4 
[2026-02-17T04:33:41.783Z] [INFO] GET /api/assistance/07077be0-01ea-4d07-b8cb-5506d6d610ad 
[2026-02-17T04:33:44.354Z] [INFO] GET /api/assistance/4abb0e1c-a130-4d87-8955-d813e8ee5ab4 
[2026-02-17T04:33:44.800Z] [INFO] GET /api/assistance/07077be0-01ea-4d07-b8cb-5506d6d610ad 
[2026-02-17T04:33:46.203Z] [INFO] GET /api/appointments?userId=67125ea6-c050-4b6e-b4ce-e65e06941745 
[2026-02-17T04:33:46.203Z] [INFO] GET /api/assistance?userId=67125ea6-c050-4b6e-b4ce-e65e06941745 
[2026-02-17T04:33:47.353Z] [INFO] GET /api/assistance/4abb0e1c-a130-4d87-8955-d813e8ee5ab4 
[2026-02-17T04:33:47.816Z] [INFO] GET /api/assistance/07077be0-01ea-4d07-b8cb-5506d6d610ad 
[2026-02-17T04:33:50.352Z] [INFO] GET /api/assistance/4abb0e1c-a130-4d87-8955-d813e8ee5ab4 
[2026-02-17T04:33:50.817Z] [INFO] GET /api/assistance/07077be0-01ea-4d07-b8cb-5506d6d610ad 
[2026-02-17T04:33:51.220Z] [INFO] GET /api/appointments?userId=67125ea6-c050-4b6e-b4ce-e65e06941745 
[2026-02-17T04:33:51.225Z] [INFO] GET /api/assistance?userId=67125ea6-c050-4b6e-b4ce-e65e06941745 
[2026-02-17T04:33:53.355Z] [INFO] GET /api/assistance/4abb0e1c-a130-4d87-8955-d813e8ee5ab4 
[2026-02-17T04:33:53.834Z] [INFO] GET /api/assistance/07077be0-01ea-4d07-b8cb-5506d6d610ad 
[2026-02-17T04:33:56.220Z] [INFO] GET /api/appointments?userId=67125ea6-c050-4b6e-b4ce-e65e06941745 
[2026-02-17T04:33:56.221Z] [INFO] GET /api/assistance?userId=67125ea6-c050-4b6e-b4ce-e65e06941745 
[2026-02-17T04:33:56.365Z] [INFO] GET /api/assistance/4abb0e1c-a130-4d87-8955-d813e8ee5ab4 
[2026-02-17T04:33:56.851Z] [INFO] GET /api/assistance/07077be0-01ea-4d07-b8cb-5506d6d610ad 
[2026-02-17T04:33:59.367Z] [INFO] GET /api/assistance/4abb0e1c-a130-4d87-8955-d813e8ee5ab4 
[2026-02-17T04:33:59.868Z] [INFO] GET /api/assistance/07077be0-01ea-4d07-b8cb-5506d6d610ad 
[2026-02-17T04:34:01.219Z] [INFO] GET /api/appointments?userId=67125ea6-c050-4b6e-b4ce-e65e06941745 
[2026-02-17T04:34:01.220Z] [INFO] GET /api/assistance?userId=67125ea6-c050-4b6e-b4ce-e65e06941745 
[2026-02-17T04:34:02.369Z] [INFO] GET /api/assistance/4abb0e1c-a130-4d87-8955-d813e8ee5ab4 
[2026-02-17T04:34:02.882Z] [INFO] GET /api/assistance/07077be0-01ea-4d07-b8cb-5506d6d610ad 
[2026-02-17T04:34:04.758Z] [INFO] GET /api/appointments?userId=67125ea6-c050-4b6e-b4ce-e65e06941745 
[2026-02-17T04:34:04.760Z] [INFO] GET /api/assistance?userId=67125ea6-c050-4b6e-b4ce-e65e06941745 
[2026-02-17T04:34:06.373Z] [INFO] GET /api/appointments?mechanicId=60b577d5-305f-423f-b6a2-fb3c13dcead3 
[2026-02-17T04:34:06.379Z] [INFO] GET /api/assistance?mechanicId=60b577d5-305f-423f-b6a2-fb3c13dcead3 
[2026-02-17T04:34:09.767Z] [INFO] GET /api/appointments?userId=67125ea6-c050-4b6e-b4ce-e65e06941745 
[2026-02-17T04:34:09.768Z] [INFO] GET /api/assistance?userId=67125ea6-c050-4b6e-b4ce-e65e06941745 
[2026-02-17T04:34:10.343Z] [INFO] GET /api/assistance?zip=33327&status=pending 
[2026-02-17T04:34:11.057Z] [INFO] GET /api/appointments?mechanicId=60b577d5-305f-423f-b6a2-fb3c13dcead3 
[2026-02-17T04:34:11.058Z] [INFO] GET /api/assistance?mechanicId=60b577d5-305f-423f-b6a2-fb3c13dcead3 
[2026-02-17T04:34:13.875Z] [INFO] GET /api/assistance?zip=33327&status=pending 
[2026-02-17T04:34:13.878Z] [INFO] GET /api/appointments?mechanicId=60b577d5-305f-423f-b6a2-fb3c13dcead3 
[2026-02-17T04:34:13.878Z] [INFO] GET /api/assistance?mechanicId=60b577d5-305f-423f-b6a2-fb3c13dcead3 
[2026-02-17T04:34:14.763Z] [INFO] GET /api/appointments?userId=67125ea6-c050-4b6e-b4ce-e65e06941745 
[2026-02-17T04:34:14.764Z] [INFO] GET /api/assistance?userId=67125ea6-c050-4b6e-b4ce-e65e06941745 
[2026-02-17T04:34:16.604Z] [INFO] GET /api/appointments 
[2026-02-17T04:34:16.606Z] [INFO] GET /api/assistance 
[2026-02-17T04:34:16.607Z] [INFO] GET /api/appointments 
[2026-02-17T04:34:16.608Z] [INFO] GET /api/assistance 
[2026-02-17T04:34:19.764Z] [INFO] GET /api/appointments?userId=67125ea6-c050-4b6e-b4ce-e65e06941745 
[2026-02-17T04:34:19.765Z] [INFO] GET /api/assistance?userId=67125ea6-c050-4b6e-b4ce-e65e06941745 
[2026-02-17T04:34:20.867Z] [INFO] POST /api/login 
[2026-02-17T04:34:20.998Z] [INFO] GET /api/assistance?userId=67125ea6-c050-4b6e-b4ce-e65e06941745&status=pending 
[2026-02-17T04:34:22.100Z] [INFO] GET /api/appointments?userId=67125ea6-c050-4b6e-b4ce-e65e06941745 
[2026-02-17T04:34:22.101Z] [INFO] GET /api/assistance?userId=67125ea6-c050-4b6e-b4ce-e65e06941745 
[2026-02-17T04:34:24.763Z] [INFO] GET /api/appointments?userId=67125ea6-c050-4b6e-b4ce-e65e06941745 
[2026-02-17T04:34:24.763Z] [INFO] GET /api/assistance?userId=67125ea6-c050-4b6e-b4ce-e65e06941745 
[2026-02-17T04:34:26.819Z] [INFO] GET /api/appointments?userId=67125ea6-c050-4b6e-b4ce-e65e06941745 
[2026-02-17T04:34:26.820Z] [INFO] GET /api/assistance?userId=67125ea6-c050-4b6e-b4ce-e65e06941745 
[2026-02-17T04:34:29.385Z] [INFO] GET /api/appointments?userId=67125ea6-c050-4b6e-b4ce-e65e06941745 
[2026-02-17T04:34:29.385Z] [INFO] GET /api/assistance?userId=67125ea6-c050-4b6e-b4ce-e65e06941745 
[2026-02-17T04:34:29.768Z] [INFO] GET /api/appointments?userId=67125ea6-c050-4b6e-b4ce-e65e06941745 
[2026-02-17T04:34:29.768Z] [INFO] GET /api/assistance?userId=67125ea6-c050-4b6e-b4ce-e65e06941745 
[2026-02-17T04:34:32.201Z] [INFO] GET /api/appointments?userId=67125ea6-c050-4b6e-b4ce-e65e06941745 
[2026-02-17T04:34:32.202Z] [INFO] GET /api/assistance?userId=67125ea6-c050-4b6e-b4ce-e65e06941745 
[2026-02-17T04:34:34.768Z] [INFO] GET /api/appointments?userId=67125ea6-c050-4b6e-b4ce-e65e06941745 
[2026-02-17T04:34:34.769Z] [INFO] GET /api/assistance?userId=67125ea6-c050-4b6e-b4ce-e65e06941745 
[2026-02-17T04:34:36.565Z] [INFO] GET /api/appointments 
[2026-02-17T04:34:36.566Z] [INFO] GET /api/assistance 
[2026-02-17T04:34:36.566Z] [INFO] GET /api/appointments 
[2026-02-17T04:34:36.567Z] [INFO] GET /api/assistance 
[2026-02-17T04:34:39.773Z] [INFO] GET /api/appointments?userId=67125ea6-c050-4b6e-b4ce-e65e06941745 
[2026-02-17T04:34:39.774Z] [INFO] GET /api/assistance?userId=67125ea6-c050-4b6e-b4ce-e65e06941745 
[2026-02-17T04:34:40.623Z] [INFO] OPTIONS /api/assistance/07077be0-01ea-4d07-b8cb-5506d6d610ad 
[2026-02-17T04:34:40.624Z] [INFO] PATCH /api/assistance/07077be0-01ea-4d07-b8cb-5506d6d610ad 
[2026-02-17T04:34:41.418Z] [INFO] GET /api/assistance?zip=33327&status=pending 
[2026-02-17T04:34:41.451Z] [INFO] GET /api/appointments?mechanicId=60b577d5-305f-423f-b6a2-fb3c13dcead3 
[2026-02-17T04:34:41.459Z] [INFO] GET /api/assistance?mechanicId=60b577d5-305f-423f-b6a2-fb3c13dcead3 
[2026-02-17T04:34:42.669Z] [INFO] GET /api/assistance?zip=33327&status=pending 
[2026-02-17T04:34:43.163Z] [INFO] GET /api/appointments 
[2026-02-17T04:34:43.164Z] [INFO] GET /api/assistance 
[2026-02-17T04:34:43.166Z] [INFO] GET /api/assistance 
[2026-02-17T04:34:43.166Z] [INFO] GET /api/appointments 
[2026-02-17T04:34:44.770Z] [INFO] GET /api/appointments?userId=67125ea6-c050-4b6e-b4ce-e65e06941745 
[2026-02-17T04:34:44.771Z] [INFO] GET /api/assistance?userId=67125ea6-c050-4b6e-b4ce-e65e06941745 
[2026-02-17T04:34:49.772Z] [INFO] GET /api/appointments?userId=67125ea6-c050-4b6e-b4ce-e65e06941745 
[2026-02-17T04:34:49.772Z] [INFO] GET /api/assistance?userId=67125ea6-c050-4b6e-b4ce-e65e06941745 
[2026-02-17T04:34:51.236Z] [INFO] GET /api/assistance/07077be0-01ea-4d07-b8cb-5506d6d610ad 
[2026-02-17T04:34:52.912Z] [INFO] GET /api/assistance/07077be0-01ea-4d07-b8cb-5506d6d610ad 
[2026-02-17T04:34:54.785Z] [INFO] GET /api/appointments?userId=67125ea6-c050-4b6e-b4ce-e65e06941745 
[2026-02-17T04:34:54.787Z] [INFO] GET /api/assistance?userId=67125ea6-c050-4b6e-b4ce-e65e06941745 
[2026-02-17T04:34:59.786Z] [INFO] GET /api/appointments?userId=67125ea6-c050-4b6e-b4ce-e65e06941745 
[2026-02-17T04:34:59.786Z] [INFO] GET /api/assistance?userId=67125ea6-c050-4b6e-b4ce-e65e06941745 
[2026-02-17T04:35:04.803Z] [INFO] GET /api/appointments?userId=67125ea6-c050-4b6e-b4ce-e65e06941745 
[2026-02-17T04:35:04.804Z] [INFO] GET /api/assistance?userId=67125ea6-c050-4b6e-b4ce-e65e06941745 
[2026-02-17T04:35:09.802Z] [INFO] GET /api/appointments?userId=67125ea6-c050-4b6e-b4ce-e65e06941745 
[2026-02-17T04:35:09.806Z] [INFO] GET /api/assistance?userId=67125ea6-c050-4b6e-b4ce-e65e06941745 
[2026-02-17T04:35:14.801Z] [INFO] GET /api/appointments?userId=67125ea6-c050-4b6e-b4ce-e65e06941745 
[2026-02-17T04:35:14.803Z] [INFO] GET /api/assistance?userId=67125ea6-c050-4b6e-b4ce-e65e06941745 
[2026-02-17T04:35:19.810Z] [INFO] GET /api/appointments?userId=67125ea6-c050-4b6e-b4ce-e65e06941745 
[2026-02-17T04:35:19.811Z] [INFO] GET /api/assistance?userId=67125ea6-c050-4b6e-b4ce-e65e06941745 
[2026-02-17T04:35:24.805Z] [INFO] GET /api/appointments?userId=67125ea6-c050-4b6e-b4ce-e65e06941745 
[2026-02-17T04:35:24.805Z] [INFO] GET /api/assistance?userId=67125ea6-c050-4b6e-b4ce-e65e06941745 
[2026-02-17T04:35:29.809Z] [INFO] GET /api/appointments?userId=67125ea6-c050-4b6e-b4ce-e65e06941745 
[2026-02-17T04:35:29.810Z] [INFO] GET /api/assistance?userId=67125ea6-c050-4b6e-b4ce-e65e06941745 
[2026-02-17T04:35:34.824Z] [INFO] GET /api/appointments?userId=67125ea6-c050-4b6e-b4ce-e65e06941745 
[2026-02-17T04:35:34.825Z] [INFO] GET /api/assistance?userId=67125ea6-c050-4b6e-b4ce-e65e06941745 
[2026-02-17T04:35:35.121Z] [INFO] GET /api/assistance/07077be0-01ea-4d07-b8cb-5506d6d610ad 
[2026-02-17T04:35:39.050Z] [INFO] GET /api/assistance/07077be0-01ea-4d07-b8cb-5506d6d610ad 
[2026-02-17T04:35:39.818Z] [INFO] GET /api/appointments?userId=67125ea6-c050-4b6e-b4ce-e65e06941745 
[2026-02-17T04:35:39.818Z] [INFO] GET /api/assistance?userId=67125ea6-c050-4b6e-b4ce-e65e06941745 
[2026-02-17T04:35:44.823Z] [INFO] GET /api/appointments?userId=67125ea6-c050-4b6e-b4ce-e65e06941745 
[2026-02-17T04:35:44.823Z] [INFO] GET /api/assistance?userId=67125ea6-c050-4b6e-b4ce-e65e06941745 
[2026-02-17T04:35:49.820Z] [INFO] GET /api/appointments?userId=67125ea6-c050-4b6e-b4ce-e65e06941745 
[2026-02-17T04:35:49.821Z] [INFO] GET /api/assistance?userId=67125ea6-c050-4b6e-b4ce-e65e06941745 
[2026-02-17T04:35:54.821Z] [INFO] GET /api/appointments?userId=67125ea6-c050-4b6e-b4ce-e65e06941745 
[2026-02-17T04:35:54.822Z] [INFO] GET /api/assistance?userId=67125ea6-c050-4b6e-b4ce-e65e06941745 
[2026-02-17T04:35:59.829Z] [INFO] GET /api/appointments?userId=67125ea6-c050-4b6e-b4ce-e65e06941745 
[2026-02-17T04:35:59.830Z] [INFO] GET /api/assistance?userId=67125ea6-c050-4b6e-b4ce-e65e06941745 
[2026-02-17T04:36:04.847Z] [INFO] GET /api/appointments?userId=67125ea6-c050-4b6e-b4ce-e65e06941745 
[2026-02-17T04:36:04.851Z] [INFO] GET /api/assistance?userId=67125ea6-c050-4b6e-b4ce-e65e06941745 
[2026-02-17T04:36:09.838Z] [INFO] GET /api/appointments?userId=67125ea6-c050-4b6e-b4ce-e65e06941745 
[2026-02-17T04:36:09.839Z] [INFO] GET /api/assistance?userId=67125ea6-c050-4b6e-b4ce-e65e06941745 
[2026-02-17T04:36:13.622Z] [INFO] GET /api/assistance?mechanicId=60b577d5-305f-423f-b6a2-fb3c13dcead3 
[2026-02-17T04:36:13.630Z] [INFO] GET /api/appointments?mechanicId=60b577d5-305f-423f-b6a2-fb3c13dcead3 
[2026-02-17T04:36:13.640Z] [INFO] GET /api/assistance?mechanicId=60b577d5-305f-423f-b6a2-fb3c13dcead3 
[2026-02-17T04:36:13.641Z] [INFO] GET /api/appointments?mechanicId=60b577d5-305f-423f-b6a2-fb3c13dcead3 
[2026-02-17T04:36:13.686Z] [INFO] GET /api/assistance/07077be0-01ea-4d07-b8cb-5506d6d610ad 
[2026-02-17T04:36:13.687Z] [INFO] GET /api/assistance/07077be0-01ea-4d07-b8cb-5506d6d610ad 
[2026-02-17T04:36:13.694Z] [INFO] GET /api/assistance/07077be0-01ea-4d07-b8cb-5506d6d610ad 
[2026-02-17T04:36:13.695Z] [INFO] GET /api/appointments?userId=67125ea6-c050-4b6e-b4ce-e65e06941745 
[2026-02-17T04:36:13.696Z] [INFO] GET /api/assistance?userId=67125ea6-c050-4b6e-b4ce-e65e06941745 
[2026-02-17T04:36:18.666Z] [INFO] GET /api/appointments?userId=67125ea6-c050-4b6e-b4ce-e65e06941745 
[2026-02-17T04:36:18.667Z] [INFO] GET /api/assistance?userId=67125ea6-c050-4b6e-b4ce-e65e06941745 
[2026-02-17T04:36:23.660Z] [INFO] GET /api/appointments?userId=67125ea6-c050-4b6e-b4ce-e65e06941745 
[2026-02-17T04:36:23.661Z] [INFO] GET /api/assistance?userId=67125ea6-c050-4b6e-b4ce-e65e06941745 
[2026-02-17T04:36:28.659Z] [INFO] GET /api/appointments?userId=67125ea6-c050-4b6e-b4ce-e65e06941745 
[2026-02-17T04:36:28.660Z] [INFO] GET /api/assistance?userId=67125ea6-c050-4b6e-b4ce-e65e06941745 
[2026-02-17T04:36:33.659Z] [INFO] GET /api/appointments?userId=67125ea6-c050-4b6e-b4ce-e65e06941745 
[2026-02-17T04:36:33.660Z] [INFO] GET /api/assistance?userId=67125ea6-c050-4b6e-b4ce-e65e06941745 
[2026-02-17T04:36:38.185Z] [INFO] GET /api/appointments?userId=67125ea6-c050-4b6e-b4ce-e65e06941745 
[2026-02-17T04:36:38.191Z] [INFO] GET /api/assistance?userId=67125ea6-c050-4b6e-b4ce-e65e06941745 
[2026-02-17T04:36:41.124Z] [INFO] GET /api/appointments?mechanicId=60b577d5-305f-423f-b6a2-fb3c13dcead3 
[2026-02-17T04:36:41.126Z] [INFO] GET /api/assistance?mechanicId=60b577d5-305f-423f-b6a2-fb3c13dcead3 
[2026-02-17T04:36:41.321Z] [INFO] GET /api/appointments 
[2026-02-17T04:36:41.367Z] [INFO] GET /api/assistance 
[2026-02-17T04:36:41.370Z] [INFO] GET /api/assistance 
[2026-02-17T04:36:41.371Z] [INFO] GET /api/appointments 
[2026-02-17T04:36:43.182Z] [INFO] GET /api/appointments?userId=67125ea6-c050-4b6e-b4ce-e65e06941745 
[2026-02-17T04:36:43.183Z] [INFO] GET /api/assistance?userId=67125ea6-c050-4b6e-b4ce-e65e06941745 
[2026-02-17T04:36:45.580Z] [INFO] GET /api/assistance/07077be0-01ea-4d07-b8cb-5506d6d610ad 
[2026-02-17T04:36:48.184Z] [INFO] GET /api/appointments?userId=67125ea6-c050-4b6e-b4ce-e65e06941745 
[2026-02-17T04:36:48.185Z] [INFO] GET /api/assistance?userId=67125ea6-c050-4b6e-b4ce-e65e06941745 
[2026-02-17T04:36:51.170Z] [INFO] POST /api/login 
[2026-02-17T04:36:51.307Z] [INFO] GET /api/assistance?userId=67125ea6-c050-4b6e-b4ce-e65e06941745&status=pending 
[2026-02-17T04:36:52.970Z] [INFO] GET /api/appointments?userId=67125ea6-c050-4b6e-b4ce-e65e06941745 
[2026-02-17T04:36:52.971Z] [INFO] GET /api/assistance?userId=67125ea6-c050-4b6e-b4ce-e65e06941745 
[2026-02-17T04:36:53.200Z] [INFO] GET /api/appointments?userId=67125ea6-c050-4b6e-b4ce-e65e06941745 
[2026-02-17T04:36:53.201Z] [INFO] GET /api/assistance?userId=67125ea6-c050-4b6e-b4ce-e65e06941745 
[2026-02-17T04:36:54.827Z] [INFO] GET /api/users/60b577d5-305f-423f-b6a2-fb3c13dcead3 
[2026-02-17T04:36:58.203Z] [INFO] GET /api/appointments?userId=67125ea6-c050-4b6e-b4ce-e65e06941745 
[2026-02-17T04:36:58.204Z] [INFO] GET /api/assistance?userId=67125ea6-c050-4b6e-b4ce-e65e06941745 
[2026-02-17T04:37:03.203Z] [INFO] GET /api/appointments?userId=67125ea6-c050-4b6e-b4ce-e65e06941745 
[2026-02-17T04:37:03.206Z] [INFO] GET /api/assistance?userId=67125ea6-c050-4b6e-b4ce-e65e06941745 
[2026-02-17T04:37:03.438Z] [INFO] GET /api/appointments?userId=67125ea6-c050-4b6e-b4ce-e65e06941745 
[2026-02-17T04:37:03.440Z] [INFO] GET /api/assistance?userId=67125ea6-c050-4b6e-b4ce-e65e06941745 
[2026-02-17T04:37:04.937Z] [INFO] GET /api/appointments?userId=67125ea6-c050-4b6e-b4ce-e65e06941745 
[2026-02-17T04:37:04.938Z] [INFO] GET /api/assistance?userId=67125ea6-c050-4b6e-b4ce-e65e06941745 
[2026-02-17T04:37:08.218Z] [INFO] GET /api/appointments?userId=67125ea6-c050-4b6e-b4ce-e65e06941745 
[2026-02-17T04:37:08.219Z] [INFO] GET /api/assistance?userId=67125ea6-c050-4b6e-b4ce-e65e06941745 
[2026-02-17T04:37:13.219Z] [INFO] GET /api/appointments?userId=67125ea6-c050-4b6e-b4ce-e65e06941745 
[2026-02-17T04:37:13.219Z] [INFO] GET /api/assistance?userId=67125ea6-c050-4b6e-b4ce-e65e06941745 
[2026-02-17T04:37:18.226Z] [INFO] GET /api/appointments?userId=67125ea6-c050-4b6e-b4ce-e65e06941745 
[2026-02-17T04:37:18.226Z] [INFO] GET /api/assistance?userId=67125ea6-c050-4b6e-b4ce-e65e06941745 
[2026-02-17T04:37:23.220Z] [INFO] GET /api/appointments?userId=67125ea6-c050-4b6e-b4ce-e65e06941745 
[2026-02-17T04:37:23.220Z] [INFO] GET /api/assistance?userId=67125ea6-c050-4b6e-b4ce-e65e06941745 
[2026-02-17T04:37:28.222Z] [INFO] GET /api/appointments?userId=67125ea6-c050-4b6e-b4ce-e65e06941745 
[2026-02-17T04:37:28.222Z] [INFO] GET /api/assistance?userId=67125ea6-c050-4b6e-b4ce-e65e06941745 
[2026-02-17T04:37:33.223Z] [INFO] GET /api/appointments?userId=67125ea6-c050-4b6e-b4ce-e65e06941745 
[2026-02-17T04:37:33.223Z] [INFO] GET /api/assistance?userId=67125ea6-c050-4b6e-b4ce-e65e06941745 
[2026-02-17T04:37:38.237Z] [INFO] GET /api/appointments?userId=67125ea6-c050-4b6e-b4ce-e65e06941745 
[2026-02-17T04:37:38.237Z] [INFO] GET /api/assistance?userId=67125ea6-c050-4b6e-b4ce-e65e06941745 
[2026-02-17T04:37:43.236Z] [INFO] GET /api/appointments?userId=67125ea6-c050-4b6e-b4ce-e65e06941745 
[2026-02-17T04:37:43.236Z] [INFO] GET /api/assistance?userId=67125ea6-c050-4b6e-b4ce-e65e06941745 
[2026-02-17T04:37:50.141Z] [INFO] GET /api/appointments?userId=67125ea6-c050-4b6e-b4ce-e65e06941745 
[2026-02-17T04:37:50.143Z] [INFO] GET /api/assistance?userId=67125ea6-c050-4b6e-b4ce-e65e06941745 
[2026-02-17T04:37:50.908Z] [INFO] GET /api/assistance?mechanicId=60b577d5-305f-423f-b6a2-fb3c13dcead3 
[2026-02-17T04:37:50.910Z] [INFO] GET /api/appointments?mechanicId=60b577d5-305f-423f-b6a2-fb3c13dcead3 
[2026-02-17T04:37:55.142Z] [INFO] GET /api/appointments?userId=67125ea6-c050-4b6e-b4ce-e65e06941745 
[2026-02-17T04:37:55.143Z] [INFO] GET /api/assistance?userId=67125ea6-c050-4b6e-b4ce-e65e06941745 
[2026-02-17T04:38:00.140Z] [INFO] GET /api/appointments?userId=67125ea6-c050-4b6e-b4ce-e65e06941745 
[2026-02-17T04:38:00.141Z] [INFO] GET /api/assistance?userId=67125ea6-c050-4b6e-b4ce-e65e06941745 
[2026-02-17T04:38:05.139Z] [INFO] GET /api/appointments?userId=67125ea6-c050-4b6e-b4ce-e65e06941745 
[2026-02-17T04:38:05.140Z] [INFO] GET /api/assistance?userId=67125ea6-c050-4b6e-b4ce-e65e06941745 
[2026-02-17T04:38:10.141Z] [INFO] GET /api/appointments?userId=67125ea6-c050-4b6e-b4ce-e65e06941745 
[2026-02-17T04:38:10.142Z] [INFO] GET /api/assistance?userId=67125ea6-c050-4b6e-b4ce-e65e06941745 
[2026-02-17T04:38:15.152Z] [INFO] GET /api/appointments?userId=67125ea6-c050-4b6e-b4ce-e65e06941745 
[2026-02-17T04:38:15.153Z] [INFO] GET /api/assistance?userId=67125ea6-c050-4b6e-b4ce-e65e06941745 
[2026-02-17T04:38:20.166Z] [INFO] GET /api/appointments?userId=67125ea6-c050-4b6e-b4ce-e65e06941745 
[2026-02-17T04:38:20.175Z] [INFO] GET /api/assistance?userId=67125ea6-c050-4b6e-b4ce-e65e06941745 
[2026-02-17T04:38:25.150Z] [INFO] GET /api/appointments?userId=67125ea6-c050-4b6e-b4ce-e65e06941745 
[2026-02-17T04:38:25.151Z] [INFO] GET /api/assistance?userId=67125ea6-c050-4b6e-b4ce-e65e06941745 
[2026-02-17T04:38:30.152Z] [INFO] GET /api/appointments?userId=67125ea6-c050-4b6e-b4ce-e65e06941745 
[2026-02-17T04:38:30.152Z] [INFO] GET /api/assistance?userId=67125ea6-c050-4b6e-b4ce-e65e06941745 
[2026-02-17T04:38:34.670Z] [INFO] GET /api/appointments?userId=67125ea6-c050-4b6e-b4ce-e65e06941745 
[2026-02-17T04:38:34.671Z] [INFO] GET /api/assistance?userId=67125ea6-c050-4b6e-b4ce-e65e06941745 
[2026-02-17T04:38:34.757Z] [INFO] GET /api/appointments?mechanicId=60b577d5-305f-423f-b6a2-fb3c13dcead3 
[2026-02-17T04:38:34.761Z] [INFO] GET /api/assistance?mechanicId=60b577d5-305f-423f-b6a2-fb3c13dcead3 
[2026-02-17T04:38:34.813Z] [INFO] GET /api/appointments?mechanicId=60b577d5-305f-423f-b6a2-fb3c13dcead3 
[2026-02-17T04:38:34.819Z] [INFO] GET /api/assistance?mechanicId=60b577d5-305f-423f-b6a2-fb3c13dcead3 
[2026-02-17T04:38:39.674Z] [INFO] GET /api/appointments?userId=67125ea6-c050-4b6e-b4ce-e65e06941745 
[2026-02-17T04:38:39.716Z] [INFO] GET /api/assistance?userId=67125ea6-c050-4b6e-b4ce-e65e06941745 
[2026-02-17T04:38:40.494Z] [INFO] GET /api/appointments 
[2026-02-17T04:38:40.497Z] [INFO] GET /api/assistance 
[2026-02-17T04:38:40.498Z] [INFO] GET /api/appointments 
[2026-02-17T04:38:40.498Z] [INFO] GET /api/assistance 
[2026-02-17T04:38:44.674Z] [INFO] GET /api/appointments?userId=67125ea6-c050-4b6e-b4ce-e65e06941745 
[2026-02-17T04:38:44.677Z] [INFO] GET /api/assistance?userId=67125ea6-c050-4b6e-b4ce-e65e06941745 
[2026-02-17T04:38:49.242Z] [INFO] GET /api/appointments?mechanicId=60b577d5-305f-423f-b6a2-fb3c13dcead3 
[2026-02-17T04:38:49.244Z] [INFO] GET /api/assistance?mechanicId=60b577d5-305f-423f-b6a2-fb3c13dcead3 
[2026-02-17T04:38:49.250Z] [INFO] GET /api/appointments?mechanicId=60b577d5-305f-423f-b6a2-fb3c13dcead3 
[2026-02-17T04:38:49.251Z] [INFO] GET /api/assistance?mechanicId=60b577d5-305f-423f-b6a2-fb3c13dcead3 
[2026-02-17T04:38:49.313Z] [INFO] GET /api/appointments?userId=67125ea6-c050-4b6e-b4ce-e65e06941745 
[2026-02-17T04:38:49.314Z] [INFO] GET /api/assistance?userId=67125ea6-c050-4b6e-b4ce-e65e06941745 
[2026-02-17T04:38:54.315Z] [INFO] GET /api/appointments?userId=67125ea6-c050-4b6e-b4ce-e65e06941745 
[2026-02-17T04:38:54.316Z] [INFO] GET /api/assistance?userId=67125ea6-c050-4b6e-b4ce-e65e06941745 
[2026-02-17T04:38:59.319Z] [INFO] GET /api/appointments?userId=67125ea6-c050-4b6e-b4ce-e65e06941745 
[2026-02-17T04:38:59.320Z] [INFO] GET /api/assistance?userId=67125ea6-c050-4b6e-b4ce-e65e06941745 
[2026-02-17T04:39:04.341Z] [INFO] GET /api/appointments?userId=67125ea6-c050-4b6e-b4ce-e65e06941745 
[2026-02-17T04:39:04.342Z] [INFO] GET /api/assistance?userId=67125ea6-c050-4b6e-b4ce-e65e06941745 
[2026-02-17T04:39:04.486Z] [INFO] GET /api/assistance?mechanicId=60b577d5-305f-423f-b6a2-fb3c13dcead3 
[2026-02-17T04:39:04.487Z] [INFO] GET /api/appointments?mechanicId=60b577d5-305f-423f-b6a2-fb3c13dcead3 
[2026-02-17T04:39:04.489Z] [INFO] GET /api/assistance?mechanicId=60b577d5-305f-423f-b6a2-fb3c13dcead3 
[2026-02-17T04:39:04.490Z] [INFO] GET /api/appointments?mechanicId=60b577d5-305f-423f-b6a2-fb3c13dcead3 
[2026-02-17T04:39:09.327Z] [INFO] GET /api/appointments?userId=67125ea6-c050-4b6e-b4ce-e65e06941745 
[2026-02-17T04:39:09.328Z] [INFO] GET /api/assistance?userId=67125ea6-c050-4b6e-b4ce-e65e06941745 
[2026-02-17T04:39:14.317Z] [INFO] GET /api/appointments?userId=67125ea6-c050-4b6e-b4ce-e65e06941745 
[2026-02-17T04:39:14.318Z] [INFO] GET /api/assistance?userId=67125ea6-c050-4b6e-b4ce-e65e06941745 
[2026-02-17T04:39:19.324Z] [INFO] GET /api/appointments?userId=67125ea6-c050-4b6e-b4ce-e65e06941745 
[2026-02-17T04:39:19.324Z] [INFO] GET /api/assistance?userId=67125ea6-c050-4b6e-b4ce-e65e06941745 
[2026-02-17T04:39:24.321Z] [INFO] GET /api/appointments?userId=67125ea6-c050-4b6e-b4ce-e65e06941745 
[2026-02-17T04:39:24.322Z] [INFO] GET /api/assistance?userId=67125ea6-c050-4b6e-b4ce-e65e06941745 
[2026-02-17T04:39:29.339Z] [INFO] GET /api/appointments?userId=67125ea6-c050-4b6e-b4ce-e65e06941745 
[2026-02-17T04:39:29.340Z] [INFO] GET /api/assistance?userId=67125ea6-c050-4b6e-b4ce-e65e06941745 
[2026-02-17T04:39:34.341Z] [INFO] GET /api/appointments?userId=67125ea6-c050-4b6e-b4ce-e65e06941745 
[2026-02-17T04:39:34.342Z] [INFO] GET /api/assistance?userId=67125ea6-c050-4b6e-b4ce-e65e06941745 
[2026-02-17T04:39:39.337Z] [INFO] GET /api/appointments?userId=67125ea6-c050-4b6e-b4ce-e65e06941745 
[2026-02-17T04:39:39.338Z] [INFO] GET /api/assistance?userId=67125ea6-c050-4b6e-b4ce-e65e06941745 
[2026-02-17T04:39:44.339Z] [INFO] GET /api/appointments?userId=67125ea6-c050-4b6e-b4ce-e65e06941745 
[2026-02-17T04:39:44.340Z] [INFO] GET /api/assistance?userId=67125ea6-c050-4b6e-b4ce-e65e06941745 
[2026-02-17T04:39:48.470Z] [INFO] GET /api/appointments?mechanicId=60b577d5-305f-423f-b6a2-fb3c13dcead3 
[2026-02-17T04:39:48.480Z] [INFO] GET /api/assistance?mechanicId=60b577d5-305f-423f-b6a2-fb3c13dcead3 
[2026-02-17T04:39:49.359Z] [INFO] GET /api/appointments?userId=67125ea6-c050-4b6e-b4ce-e65e06941745 
[2026-02-17T04:39:49.360Z] [INFO] GET /api/assistance?userId=67125ea6-c050-4b6e-b4ce-e65e06941745 
[2026-02-17T04:39:54.353Z] [INFO] GET /api/appointments?userId=67125ea6-c050-4b6e-b4ce-e65e06941745 
[2026-02-17T04:39:54.354Z] [INFO] GET /api/assistance?userId=67125ea6-c050-4b6e-b4ce-e65e06941745 
[2026-02-17T04:39:59.354Z] [INFO] GET /api/appointments?userId=67125ea6-c050-4b6e-b4ce-e65e06941745 
[2026-02-17T04:39:59.355Z] [INFO] GET /api/assistance?userId=67125ea6-c050-4b6e-b4ce-e65e06941745 
[2026-02-17T04:40:04.713Z] [INFO] GET /api/appointments?userId=67125ea6-c050-4b6e-b4ce-e65e06941745 
[2026-02-17T04:40:04.715Z] [INFO] GET /api/assistance?userId=67125ea6-c050-4b6e-b4ce-e65e06941745 
[2026-02-17T04:40:07.306Z] [INFO] GET /api/appointments?mechanicId=60b577d5-305f-423f-b6a2-fb3c13dcead3 
[2026-02-17T04:40:07.309Z] [INFO] GET /api/assistance?mechanicId=60b577d5-305f-423f-b6a2-fb3c13dcead3 
[2026-02-17T04:40:09.718Z] [INFO] GET /api/appointments?userId=67125ea6-c050-4b6e-b4ce-e65e06941745 
[2026-02-17T04:40:09.719Z] [INFO] GET /api/assistance?userId=67125ea6-c050-4b6e-b4ce-e65e06941745 
[2026-02-17T04:40:09.819Z] [INFO] POST /api/login 
[2026-02-17T04:40:09.957Z] [INFO] GET /api/assistance?userId=67125ea6-c050-4b6e-b4ce-e65e06941745&status=pending 
[2026-02-17T04:40:11.206Z] [INFO] GET /api/appointments?userId=67125ea6-c050-4b6e-b4ce-e65e06941745 
[2026-02-17T04:40:11.207Z] [INFO] GET /api/assistance?userId=67125ea6-c050-4b6e-b4ce-e65e06941745 
[2026-02-17T04:40:12.908Z] [INFO] GET /api/assistance/07077be0-01ea-4d07-b8cb-5506d6d610ad 
[2026-02-17T04:40:14.721Z] [INFO] GET /api/appointments?userId=67125ea6-c050-4b6e-b4ce-e65e06941745 
[2026-02-17T04:40:14.721Z] [INFO] GET /api/assistance?userId=67125ea6-c050-4b6e-b4ce-e65e06941745 
[2026-02-17T04:40:14.958Z] [INFO] GET /api/assistance/07077be0-01ea-4d07-b8cb-5506d6d610ad 
[2026-02-17T04:40:16.856Z] [INFO] GET /api/appointments?userId=67125ea6-c050-4b6e-b4ce-e65e06941745 
[2026-02-17T04:40:16.857Z] [INFO] GET /api/assistance?userId=67125ea6-c050-4b6e-b4ce-e65e06941745 
[2026-02-17T04:40:18.451Z] [INFO] GET /api/assistance/07077be0-01ea-4d07-b8cb-5506d6d610ad 
[2026-02-17T04:40:19.719Z] [INFO] GET /api/appointments?userId=67125ea6-c050-4b6e-b4ce-e65e06941745 
[2026-02-17T04:40:19.720Z] [INFO] GET /api/assistance?userId=67125ea6-c050-4b6e-b4ce-e65e06941745 
[2026-02-17T04:40:24.721Z] [INFO] GET /api/appointments?userId=67125ea6-c050-4b6e-b4ce-e65e06941745 
[2026-02-17T04:40:24.721Z] [INFO] GET /api/assistance?userId=67125ea6-c050-4b6e-b4ce-e65e06941745 
[2026-02-17T04:40:29.722Z] [INFO] GET /api/appointments?userId=67125ea6-c050-4b6e-b4ce-e65e06941745 
[2026-02-17T04:40:29.722Z] [INFO] GET /api/assistance?userId=67125ea6-c050-4b6e-b4ce-e65e06941745 
[2026-02-17T04:40:34.738Z] [INFO] GET /api/appointments?userId=67125ea6-c050-4b6e-b4ce-e65e06941745 
[2026-02-17T04:40:34.739Z] [INFO] GET /api/assistance?userId=67125ea6-c050-4b6e-b4ce-e65e06941745 
[2026-02-17T04:40:39.736Z] [INFO] GET /api/appointments?userId=67125ea6-c050-4b6e-b4ce-e65e06941745 
[2026-02-17T04:40:39.737Z] [INFO] GET /api/assistance?userId=67125ea6-c050-4b6e-b4ce-e65e06941745 
[2026-02-17T04:40:44.736Z] [INFO] GET /api/appointments?userId=67125ea6-c050-4b6e-b4ce-e65e06941745 
[2026-02-17T04:40:44.737Z] [INFO] GET /api/assistance?userId=67125ea6-c050-4b6e-b4ce-e65e06941745 
[2026-02-17T04:40:49.738Z] [INFO] GET /api/appointments?userId=67125ea6-c050-4b6e-b4ce-e65e06941745 
[2026-02-17T04:40:49.738Z] [INFO] GET /api/assistance?userId=67125ea6-c050-4b6e-b4ce-e65e06941745 
[2026-02-17T04:40:54.743Z] [INFO] GET /api/appointments?userId=67125ea6-c050-4b6e-b4ce-e65e06941745 
[2026-02-17T04:40:54.744Z] [INFO] GET /api/assistance?userId=67125ea6-c050-4b6e-b4ce-e65e06941745 
[2026-02-17T04:41:06.291Z] [INFO] GET /api/appointments?mechanicId=60b577d5-305f-423f-b6a2-fb3c13dcead3 
[2026-02-17T04:41:06.337Z] [INFO] GET /api/assistance?mechanicId=60b577d5-305f-423f-b6a2-fb3c13dcead3 
[2026-02-17T04:41:06.383Z] [INFO] GET /api/appointments?userId=67125ea6-c050-4b6e-b4ce-e65e06941745 
[2026-02-17T04:41:06.385Z] [INFO] GET /api/assistance?userId=67125ea6-c050-4b6e-b4ce-e65e06941745 
[2026-02-17T04:41:11.369Z] [INFO] GET /api/appointments?userId=67125ea6-c050-4b6e-b4ce-e65e06941745 
[2026-02-17T04:41:11.370Z] [INFO] GET /api/assistance?userId=67125ea6-c050-4b6e-b4ce-e65e06941745 
[2026-02-17T04:41:16.369Z] [INFO] GET /api/appointments?userId=67125ea6-c050-4b6e-b4ce-e65e06941745 
[2026-02-17T04:41:16.370Z] [INFO] GET /api/assistance?userId=67125ea6-c050-4b6e-b4ce-e65e06941745 
[2026-02-17T04:41:21.370Z] [INFO] GET /api/appointments?userId=67125ea6-c050-4b6e-b4ce-e65e06941745 
[2026-02-17T04:41:21.371Z] [INFO] GET /api/assistance?userId=67125ea6-c050-4b6e-b4ce-e65e06941745 
[2026-02-17T04:41:26.369Z] [INFO] GET /api/appointments?userId=67125ea6-c050-4b6e-b4ce-e65e06941745 
[2026-02-17T04:41:26.370Z] [INFO] GET /api/assistance?userId=67125ea6-c050-4b6e-b4ce-e65e06941745 
[2026-02-17T04:41:31.370Z] [INFO] GET /api/appointments?userId=67125ea6-c050-4b6e-b4ce-e65e06941745 
[2026-02-17T04:41:31.372Z] [INFO] GET /api/assistance?userId=67125ea6-c050-4b6e-b4ce-e65e06941745 
[2026-02-17T04:41:36.375Z] [INFO] GET /api/appointments?userId=67125ea6-c050-4b6e-b4ce-e65e06941745 
[2026-02-17T04:41:36.378Z] [INFO] GET /api/assistance?userId=67125ea6-c050-4b6e-b4ce-e65e06941745 
[2026-02-17T04:41:41.372Z] [INFO] GET /api/appointments?userId=67125ea6-c050-4b6e-b4ce-e65e06941745 
[2026-02-17T04:41:41.373Z] [INFO] GET /api/assistance?userId=67125ea6-c050-4b6e-b4ce-e65e06941745 
[2026-02-17T04:41:47.583Z] [INFO] GET /api/appointments?userId=67125ea6-c050-4b6e-b4ce-e65e06941745 
[2026-02-17T04:41:47.591Z] [INFO] GET /api/assistance?userId=67125ea6-c050-4b6e-b4ce-e65e06941745 
[2026-02-17T04:41:48.344Z] [INFO] GET /api/appointments 
[2026-02-17T04:41:48.345Z] [INFO] GET /api/assistance 
[2026-02-17T04:41:48.346Z] [INFO] GET /api/appointments 
[2026-02-17T04:41:48.346Z] [INFO] GET /api/assistance 
[2026-02-17T04:41:50.142Z] [INFO] GET /api/assistance?mechanicId=60b577d5-305f-423f-b6a2-fb3c13dcead3 
[2026-02-17T04:41:50.144Z] [INFO] GET /api/appointments?mechanicId=60b577d5-305f-423f-b6a2-fb3c13dcead3 
[2026-02-17T04:41:52.586Z] [INFO] GET /api/appointments?userId=67125ea6-c050-4b6e-b4ce-e65e06941745 
[2026-02-17T04:41:52.586Z] [INFO] GET /api/assistance?userId=67125ea6-c050-4b6e-b4ce-e65e06941745 
[2026-02-17T04:41:53.352Z] [INFO] POST /api/login 
[2026-02-17T04:41:53.491Z] [INFO] GET /api/assistance?userId=67125ea6-c050-4b6e-b4ce-e65e06941745&status=pending 
[2026-02-17T04:41:54.751Z] [INFO] GET /api/appointments?userId=67125ea6-c050-4b6e-b4ce-e65e06941745 
[2026-02-17T04:41:54.752Z] [INFO] GET /api/assistance?userId=67125ea6-c050-4b6e-b4ce-e65e06941745 
[2026-02-17T04:41:56.739Z] [INFO] GET /api/assistance/07077be0-01ea-4d07-b8cb-5506d6d610ad 
[2026-02-17T04:41:57.602Z] [INFO] GET /api/appointments?userId=67125ea6-c050-4b6e-b4ce-e65e06941745 
[2026-02-17T04:41:57.602Z] [INFO] GET /api/assistance?userId=67125ea6-c050-4b6e-b4ce-e65e06941745 
[2026-02-17T04:41:59.170Z] [INFO] PATCH /api/assistance/07077be0-01ea-4d07-b8cb-5506d6d610ad 
[2026-02-17T04:41:59.188Z] [INFO] GET /api/appointments?userId=67125ea6-c050-4b6e-b4ce-e65e06941745 
[2026-02-17T04:41:59.188Z] [INFO] GET /api/assistance?userId=67125ea6-c050-4b6e-b4ce-e65e06941745 
[2026-02-17T04:41:59.258Z] [INFO] GET /api/users/60b577d5-305f-423f-b6a2-fb3c13dcead3 
[2026-02-17T04:42:02.085Z] [INFO] GET /api/appointments 
[2026-02-17T04:42:02.087Z] [INFO] GET /api/assistance 
[2026-02-17T04:42:02.088Z] [INFO] GET /api/appointments 
[2026-02-17T04:42:02.088Z] [INFO] GET /api/assistance 
[2026-02-17T04:42:02.604Z] [INFO] GET /api/appointments?userId=67125ea6-c050-4b6e-b4ce-e65e06941745 
[2026-02-17T04:42:02.604Z] [INFO] GET /api/assistance?userId=67125ea6-c050-4b6e-b4ce-e65e06941745 
[2026-02-17T04:42:07.606Z] [INFO] GET /api/appointments?userId=67125ea6-c050-4b6e-b4ce-e65e06941745 
[2026-02-17T04:42:07.606Z] [INFO] GET /api/assistance?userId=67125ea6-c050-4b6e-b4ce-e65e06941745 
[2026-02-17T04:42:12.605Z] [INFO] GET /api/appointments?userId=67125ea6-c050-4b6e-b4ce-e65e06941745 
[2026-02-17T04:42:12.605Z] [INFO] GET /api/assistance?userId=67125ea6-c050-4b6e-b4ce-e65e06941745 
[2026-02-17T04:42:17.622Z] [INFO] GET /api/appointments?userId=67125ea6-c050-4b6e-b4ce-e65e06941745 
[2026-02-17T04:42:17.622Z] [INFO] GET /api/assistance?userId=67125ea6-c050-4b6e-b4ce-e65e06941745 
[2026-02-17T04:42:22.619Z] [INFO] GET /api/appointments?userId=67125ea6-c050-4b6e-b4ce-e65e06941745 
[2026-02-17T04:42:22.620Z] [INFO] GET /api/assistance?userId=67125ea6-c050-4b6e-b4ce-e65e06941745 
[2026-02-17T04:42:27.619Z] [INFO] GET /api/appointments?userId=67125ea6-c050-4b6e-b4ce-e65e06941745 
[2026-02-17T04:42:27.620Z] [INFO] GET /api/assistance?userId=67125ea6-c050-4b6e-b4ce-e65e06941745 
[2026-02-17T04:42:32.621Z] [INFO] GET /api/appointments?userId=67125ea6-c050-4b6e-b4ce-e65e06941745 
[2026-02-17T04:42:32.621Z] [INFO] GET /api/assistance?userId=67125ea6-c050-4b6e-b4ce-e65e06941745 
[2026-02-17T04:42:34.706Z] [INFO] GET /api/appointments 
[2026-02-17T04:42:34.708Z] [INFO] GET /api/assistance 
[2026-02-17T04:42:34.708Z] [INFO] GET /api/appointments 
[2026-02-17T04:42:34.708Z] [INFO] GET /api/assistance 
[2026-02-17T04:42:37.622Z] [INFO] GET /api/appointments?userId=67125ea6-c050-4b6e-b4ce-e65e06941745 
[2026-02-17T04:42:37.622Z] [INFO] GET /api/assistance?userId=67125ea6-c050-4b6e-b4ce-e65e06941745 
[2026-02-17T04:42:39.841Z] [INFO] GET /api/assistance?zip=33327&status=pending 
[2026-02-17T04:42:42.623Z] [INFO] GET /api/appointments?userId=67125ea6-c050-4b6e-b4ce-e65e06941745 
[2026-02-17T04:42:42.623Z] [INFO] GET /api/assistance?userId=67125ea6-c050-4b6e-b4ce-e65e06941745 
[2026-02-17T04:42:47.638Z] [INFO] GET /api/appointments?userId=67125ea6-c050-4b6e-b4ce-e65e06941745 
[2026-02-17T04:42:47.638Z] [INFO] GET /api/assistance?userId=67125ea6-c050-4b6e-b4ce-e65e06941745 
[2026-02-17T04:42:52.635Z] [INFO] GET /api/appointments?userId=67125ea6-c050-4b6e-b4ce-e65e06941745 
[2026-02-17T04:42:52.636Z] [INFO] GET /api/assistance?userId=67125ea6-c050-4b6e-b4ce-e65e06941745 
[2026-02-17T04:42:57.636Z] [INFO] GET /api/appointments?userId=67125ea6-c050-4b6e-b4ce-e65e06941745 
[2026-02-17T04:42:57.637Z] [INFO] GET /api/assistance?userId=67125ea6-c050-4b6e-b4ce-e65e06941745 
[2026-02-17T04:43:02.637Z] [INFO] GET /api/appointments?userId=67125ea6-c050-4b6e-b4ce-e65e06941745 
[2026-02-17T04:43:02.637Z] [INFO] GET /api/assistance?userId=67125ea6-c050-4b6e-b4ce-e65e06941745 
[2026-02-17T04:43:06.945Z] [INFO] GET /api/assistance 
[2026-02-17T04:43:06.946Z] [INFO] GET /api/appointments 
[2026-02-17T04:43:06.948Z] [INFO] GET /api/appointments 
[2026-02-17T04:43:06.949Z] [INFO] GET /api/assistance 
[2026-02-17T04:43:07.636Z] [INFO] GET /api/appointments?userId=67125ea6-c050-4b6e-b4ce-e65e06941745 
[2026-02-17T04:43:07.637Z] [INFO] GET /api/assistance?userId=67125ea6-c050-4b6e-b4ce-e65e06941745 
[2026-02-17T04:43:12.638Z] [INFO] GET /api/appointments?userId=67125ea6-c050-4b6e-b4ce-e65e06941745 
[2026-02-17T04:43:12.639Z] [INFO] GET /api/assistance?userId=67125ea6-c050-4b6e-b4ce-e65e06941745 
[2026-02-17T04:43:17.654Z] [INFO] GET /api/appointments?userId=67125ea6-c050-4b6e-b4ce-e65e06941745 
[2026-02-17T04:43:17.655Z] [INFO] GET /api/assistance?userId=67125ea6-c050-4b6e-b4ce-e65e06941745 
[2026-02-17T04:43:22.653Z] [INFO] GET /api/appointments?userId=67125ea6-c050-4b6e-b4ce-e65e06941745 
[2026-02-17T04:43:22.654Z] [INFO] GET /api/assistance?userId=67125ea6-c050-4b6e-b4ce-e65e06941745 
[2026-02-17T04:43:27.653Z] [INFO] GET /api/appointments?userId=67125ea6-c050-4b6e-b4ce-e65e06941745 
[2026-02-17T04:43:27.654Z] [INFO] GET /api/assistance?userId=67125ea6-c050-4b6e-b4ce-e65e06941745 
[2026-02-17T04:43:28.921Z] [INFO] GET /api/appointments?userId=67125ea6-c050-4b6e-b4ce-e65e06941745 
[2026-02-17T04:43:28.921Z] [INFO] GET /api/assistance?userId=67125ea6-c050-4b6e-b4ce-e65e06941745 
[2026-02-17T04:43:30.880Z] [INFO] GET /api/appointments?userId=67125ea6-c050-4b6e-b4ce-e65e06941745 
[2026-02-17T04:43:30.881Z] [INFO] GET /api/assistance?userId=67125ea6-c050-4b6e-b4ce-e65e06941745 
[2026-02-17T04:43:32.282Z] [INFO] GET /api/users/60b577d5-305f-423f-b6a2-fb3c13dcead3 
[2026-02-17T04:43:32.677Z] [INFO] GET /api/appointments?userId=67125ea6-c050-4b6e-b4ce-e65e06941745 
[2026-02-17T04:43:32.678Z] [INFO] GET /api/assistance?userId=67125ea6-c050-4b6e-b4ce-e65e06941745 
[2026-02-17T04:43:34.422Z] [INFO] GET /api/appointments?userId=67125ea6-c050-4b6e-b4ce-e65e06941745 
[2026-02-17T04:43:34.422Z] [INFO] GET /api/assistance?userId=67125ea6-c050-4b6e-b4ce-e65e06941745 
[2026-02-17T04:43:37.669Z] [INFO] GET /api/appointments?userId=67125ea6-c050-4b6e-b4ce-e65e06941745 
[2026-02-17T04:43:37.669Z] [INFO] GET /api/assistance?userId=67125ea6-c050-4b6e-b4ce-e65e06941745 
[2026-02-17T04:43:42.669Z] [INFO] GET /api/appointments?userId=67125ea6-c050-4b6e-b4ce-e65e06941745 
[2026-02-17T04:43:42.670Z] [INFO] GET /api/assistance?userId=67125ea6-c050-4b6e-b4ce-e65e06941745 
[2026-02-17T04:43:47.688Z] [INFO] GET /api/appointments?userId=67125ea6-c050-4b6e-b4ce-e65e06941745 
[2026-02-17T04:43:47.689Z] [INFO] GET /api/assistance?userId=67125ea6-c050-4b6e-b4ce-e65e06941745 
[2026-02-17T04:43:52.687Z] [INFO] GET /api/appointments?userId=67125ea6-c050-4b6e-b4ce-e65e06941745 
[2026-02-17T04:43:52.687Z] [INFO] GET /api/assistance?userId=67125ea6-c050-4b6e-b4ce-e65e06941745 
[2026-02-17T04:43:57.687Z] [INFO] GET /api/appointments?userId=67125ea6-c050-4b6e-b4ce-e65e06941745 
[2026-02-17T04:43:57.687Z] [INFO] GET /api/assistance?userId=67125ea6-c050-4b6e-b4ce-e65e06941745 
[2026-02-17T04:43:59.492Z] [INFO] GET /api/users/60b577d5-305f-423f-b6a2-fb3c13dcead3 
[2026-02-17T04:44:02.686Z] [INFO] GET /api/appointments?userId=67125ea6-c050-4b6e-b4ce-e65e06941745 
[2026-02-17T04:44:02.686Z] [INFO] GET /api/assistance?userId=67125ea6-c050-4b6e-b4ce-e65e06941745 
[2026-02-17T04:44:07.691Z] [INFO] GET /api/appointments?userId=67125ea6-c050-4b6e-b4ce-e65e06941745 
[2026-02-17T04:44:07.692Z] [INFO] GET /api/assistance?userId=67125ea6-c050-4b6e-b4ce-e65e06941745 
[2026-02-17T04:44:12.688Z] [INFO] GET /api/appointments?userId=67125ea6-c050-4b6e-b4ce-e65e06941745 
[2026-02-17T04:44:12.688Z] [INFO] GET /api/assistance?userId=67125ea6-c050-4b6e-b4ce-e65e06941745 
[2026-02-17T04:44:17.705Z] [INFO] GET /api/appointments?userId=67125ea6-c050-4b6e-b4ce-e65e06941745 
[2026-02-17T04:44:17.705Z] [INFO] GET /api/assistance?userId=67125ea6-c050-4b6e-b4ce-e65e06941745 
[2026-02-17T04:44:22.702Z] [INFO] GET /api/appointments?userId=67125ea6-c050-4b6e-b4ce-e65e06941745 
[2026-02-17T04:44:22.703Z] [INFO] GET /api/assistance?userId=67125ea6-c050-4b6e-b4ce-e65e06941745 
[2026-02-17T04:44:27.703Z] [INFO] GET /api/appointments?userId=67125ea6-c050-4b6e-b4ce-e65e06941745 
[2026-02-17T04:44:27.703Z] [INFO] GET /api/assistance?userId=67125ea6-c050-4b6e-b4ce-e65e06941745 
[2026-02-17T04:44:32.704Z] [INFO] GET /api/appointments?userId=67125ea6-c050-4b6e-b4ce-e65e06941745 
[2026-02-17T04:44:32.705Z] [INFO] GET /api/assistance?userId=67125ea6-c050-4b6e-b4ce-e65e06941745 
[2026-02-17T04:44:37.713Z] [INFO] GET /api/appointments?userId=67125ea6-c050-4b6e-b4ce-e65e06941745 
[2026-02-17T04:44:37.714Z] [INFO] GET /api/assistance?userId=67125ea6-c050-4b6e-b4ce-e65e06941745 
[2026-02-17T04:44:42.708Z] [INFO] GET /api/appointments?userId=67125ea6-c050-4b6e-b4ce-e65e06941745 
[2026-02-17T04:44:42.709Z] [INFO] GET /api/assistance?userId=67125ea6-c050-4b6e-b4ce-e65e06941745 
[2026-02-17T04:44:47.722Z] [INFO] GET /api/appointments?userId=67125ea6-c050-4b6e-b4ce-e65e06941745 
[2026-02-17T04:44:47.722Z] [INFO] GET /api/assistance?userId=67125ea6-c050-4b6e-b4ce-e65e06941745 
[2026-02-17T04:44:52.727Z] [INFO] GET /api/appointments?userId=67125ea6-c050-4b6e-b4ce-e65e06941745 
[2026-02-17T04:44:52.727Z] [INFO] GET /api/assistance?userId=67125ea6-c050-4b6e-b4ce-e65e06941745 
[2026-02-17T04:44:57.720Z] [INFO] GET /api/appointments?userId=67125ea6-c050-4b6e-b4ce-e65e06941745 
[2026-02-17T04:44:57.721Z] [INFO] GET /api/assistance?userId=67125ea6-c050-4b6e-b4ce-e65e06941745 
[2026-02-17T04:45:02.725Z] [INFO] GET /api/appointments?userId=67125ea6-c050-4b6e-b4ce-e65e06941745 
[2026-02-17T04:45:02.725Z] [INFO] GET /api/assistance?userId=67125ea6-c050-4b6e-b4ce-e65e06941745 
[2026-02-17T04:45:07.726Z] [INFO] GET /api/appointments?userId=67125ea6-c050-4b6e-b4ce-e65e06941745 
[2026-02-17T04:45:07.727Z] [INFO] GET /api/assistance?userId=67125ea6-c050-4b6e-b4ce-e65e06941745 
[2026-02-17T04:45:12.724Z] [INFO] GET /api/appointments?userId=67125ea6-c050-4b6e-b4ce-e65e06941745 
[2026-02-17T04:45:12.724Z] [INFO] GET /api/assistance?userId=67125ea6-c050-4b6e-b4ce-e65e06941745 
[2026-02-17T04:45:17.741Z] [INFO] GET /api/appointments?userId=67125ea6-c050-4b6e-b4ce-e65e06941745 
[2026-02-17T04:45:17.741Z] [INFO] GET /api/assistance?userId=67125ea6-c050-4b6e-b4ce-e65e06941745 
[2026-02-17T04:45:22.736Z] [INFO] GET /api/appointments?userId=67125ea6-c050-4b6e-b4ce-e65e06941745 
[2026-02-17T04:45:22.736Z] [INFO] GET /api/assistance?userId=67125ea6-c050-4b6e-b4ce-e65e06941745 
[2026-02-17T04:45:27.741Z] [INFO] GET /api/appointments?userId=67125ea6-c050-4b6e-b4ce-e65e06941745 
[2026-02-17T04:45:27.741Z] [INFO] GET /api/assistance?userId=67125ea6-c050-4b6e-b4ce-e65e06941745 
[2026-02-17T04:45:32.739Z] [INFO] GET /api/appointments?userId=67125ea6-c050-4b6e-b4ce-e65e06941745 
[2026-02-17T04:45:32.740Z] [INFO] GET /api/assistance?userId=67125ea6-c050-4b6e-b4ce-e65e06941745 
[2026-02-17T04:45:37.749Z] [INFO] GET /api/appointments?userId=67125ea6-c050-4b6e-b4ce-e65e06941745 
[2026-02-17T04:45:37.750Z] [INFO] GET /api/assistance?userId=67125ea6-c050-4b6e-b4ce-e65e06941745 
[2026-02-17T04:45:42.740Z] [INFO] GET /api/appointments?userId=67125ea6-c050-4b6e-b4ce-e65e06941745 
[2026-02-17T04:45:42.741Z] [INFO] GET /api/assistance?userId=67125ea6-c050-4b6e-b4ce-e65e06941745 
[2026-02-17T04:45:47.755Z] [INFO] GET /api/appointments?userId=67125ea6-c050-4b6e-b4ce-e65e06941745 
[2026-02-17T04:45:47.756Z] [INFO] GET /api/assistance?userId=67125ea6-c050-4b6e-b4ce-e65e06941745 
[2026-02-17T04:45:52.753Z] [INFO] GET /api/appointments?userId=67125ea6-c050-4b6e-b4ce-e65e06941745 
[2026-02-17T04:45:52.753Z] [INFO] GET /api/assistance?userId=67125ea6-c050-4b6e-b4ce-e65e06941745 
[2026-02-17T04:45:57.753Z] [INFO] GET /api/appointments?userId=67125ea6-c050-4b6e-b4ce-e65e06941745 
[2026-02-17T04:45:57.754Z] [INFO] GET /api/assistance?userId=67125ea6-c050-4b6e-b4ce-e65e06941745 
[2026-02-17T04:46:02.754Z] [INFO] GET /api/appointments?userId=67125ea6-c050-4b6e-b4ce-e65e06941745 
[2026-02-17T04:46:02.754Z] [INFO] GET /api/assistance?userId=67125ea6-c050-4b6e-b4ce-e65e06941745 
[2026-02-17T04:46:07.755Z] [INFO] GET /api/appointments?userId=67125ea6-c050-4b6e-b4ce-e65e06941745 
[2026-02-17T04:46:07.755Z] [INFO] GET /api/assistance?userId=67125ea6-c050-4b6e-b4ce-e65e06941745 
[2026-02-17T04:46:12.761Z] [INFO] GET /api/appointments?userId=67125ea6-c050-4b6e-b4ce-e65e06941745 
[2026-02-17T04:46:12.761Z] [INFO] GET /api/assistance?userId=67125ea6-c050-4b6e-b4ce-e65e06941745 
[2026-02-17T04:46:17.780Z] [INFO] GET /api/appointments?userId=67125ea6-c050-4b6e-b4ce-e65e06941745 
[2026-02-17T04:46:17.781Z] [INFO] GET /api/assistance?userId=67125ea6-c050-4b6e-b4ce-e65e06941745 
[2026-02-17T04:46:22.775Z] [INFO] GET /api/appointments?userId=67125ea6-c050-4b6e-b4ce-e65e06941745 
[2026-02-17T04:46:22.776Z] [INFO] GET /api/assistance?userId=67125ea6-c050-4b6e-b4ce-e65e06941745 
[2026-02-17T04:46:27.770Z] [INFO] GET /api/appointments?userId=67125ea6-c050-4b6e-b4ce-e65e06941745 
[2026-02-17T04:46:27.771Z] [INFO] GET /api/assistance?userId=67125ea6-c050-4b6e-b4ce-e65e06941745 
[2026-02-17T04:46:32.771Z] [INFO] GET /api/appointments?userId=67125ea6-c050-4b6e-b4ce-e65e06941745 
[2026-02-17T04:46:32.771Z] [INFO] GET /api/assistance?userId=67125ea6-c050-4b6e-b4ce-e65e06941745 
[2026-02-17T04:46:37.784Z] [INFO] GET /api/appointments?userId=67125ea6-c050-4b6e-b4ce-e65e06941745 
[2026-02-17T04:46:37.784Z] [INFO] GET /api/assistance?userId=67125ea6-c050-4b6e-b4ce-e65e06941745 
[2026-02-17T04:46:42.772Z] [INFO] GET /api/appointments?userId=67125ea6-c050-4b6e-b4ce-e65e06941745 
[2026-02-17T04:46:42.773Z] [INFO] GET /api/assistance?userId=67125ea6-c050-4b6e-b4ce-e65e06941745 
[2026-02-17T04:46:47.788Z] [INFO] GET /api/appointments?userId=67125ea6-c050-4b6e-b4ce-e65e06941745 
[2026-02-17T04:46:47.789Z] [INFO] GET /api/assistance?userId=67125ea6-c050-4b6e-b4ce-e65e06941745 
[2026-02-17T04:46:52.786Z] [INFO] GET /api/appointments?userId=67125ea6-c050-4b6e-b4ce-e65e06941745 
[2026-02-17T04:46:52.787Z] [INFO] GET /api/assistance?userId=67125ea6-c050-4b6e-b4ce-e65e06941745 
[2026-02-17T04:46:57.787Z] [INFO] GET /api/appointments?userId=67125ea6-c050-4b6e-b4ce-e65e06941745 
[2026-02-17T04:46:57.787Z] [INFO] GET /api/assistance?userId=67125ea6-c050-4b6e-b4ce-e65e06941745 
[2026-02-17T04:47:02.788Z] [INFO] GET /api/appointments?userId=67125ea6-c050-4b6e-b4ce-e65e06941745 
[2026-02-17T04:47:02.789Z] [INFO] GET /api/assistance?userId=67125ea6-c050-4b6e-b4ce-e65e06941745 
[2026-02-17T04:47:07.789Z] [INFO] GET /api/appointments?userId=67125ea6-c050-4b6e-b4ce-e65e06941745 
[2026-02-17T04:47:07.789Z] [INFO] GET /api/assistance?userId=67125ea6-c050-4b6e-b4ce-e65e06941745 
[2026-02-17T04:47:12.791Z] [INFO] GET /api/appointments?userId=67125ea6-c050-4b6e-b4ce-e65e06941745 
[2026-02-17T04:47:12.792Z] [INFO] GET /api/assistance?userId=67125ea6-c050-4b6e-b4ce-e65e06941745 
[2026-02-17T04:47:17.806Z] [INFO] GET /api/appointments?userId=67125ea6-c050-4b6e-b4ce-e65e06941745 
[2026-02-17T04:47:17.807Z] [INFO] GET /api/assistance?userId=67125ea6-c050-4b6e-b4ce-e65e06941745 
[2026-02-17T04:47:22.802Z] [INFO] GET /api/appointments?userId=67125ea6-c050-4b6e-b4ce-e65e06941745 
[2026-02-17T04:47:22.803Z] [INFO] GET /api/assistance?userId=67125ea6-c050-4b6e-b4ce-e65e06941745 
[2026-02-17T04:47:27.807Z] [INFO] GET /api/appointments?userId=67125ea6-c050-4b6e-b4ce-e65e06941745 
[2026-02-17T04:47:27.808Z] [INFO] GET /api/assistance?userId=67125ea6-c050-4b6e-b4ce-e65e06941745 
[2026-02-17T04:47:32.808Z] [INFO] GET /api/appointments?userId=67125ea6-c050-4b6e-b4ce-e65e06941745 
[2026-02-17T04:47:32.809Z] [INFO] GET /api/assistance?userId=67125ea6-c050-4b6e-b4ce-e65e06941745 
[2026-02-17T04:47:37.806Z] [INFO] GET /api/appointments?userId=67125ea6-c050-4b6e-b4ce-e65e06941745 
[2026-02-17T04:47:37.807Z] [INFO] GET /api/assistance?userId=67125ea6-c050-4b6e-b4ce-e65e06941745 
[2026-02-17T04:47:42.806Z] [INFO] GET /api/appointments?userId=67125ea6-c050-4b6e-b4ce-e65e06941745 
[2026-02-17T04:47:42.807Z] [INFO] GET /api/assistance?userId=67125ea6-c050-4b6e-b4ce-e65e06941745 
[2026-02-17T04:47:47.823Z] [INFO] GET /api/appointments?userId=67125ea6-c050-4b6e-b4ce-e65e06941745 
[2026-02-17T04:47:47.823Z] [INFO] GET /api/assistance?userId=67125ea6-c050-4b6e-b4ce-e65e06941745 
[2026-02-17T04:47:52.819Z] [INFO] GET /api/appointments?userId=67125ea6-c050-4b6e-b4ce-e65e06941745 
[2026-02-17T04:47:52.820Z] [INFO] GET /api/assistance?userId=67125ea6-c050-4b6e-b4ce-e65e06941745 
[2026-02-17T04:47:57.825Z] [INFO] GET /api/appointments?userId=67125ea6-c050-4b6e-b4ce-e65e06941745 
[2026-02-17T04:47:57.827Z] [INFO] GET /api/assistance?userId=67125ea6-c050-4b6e-b4ce-e65e06941745 
[2026-02-17T04:48:02.834Z] [INFO] GET /api/appointments?userId=67125ea6-c050-4b6e-b4ce-e65e06941745 
[2026-02-17T04:48:02.836Z] [INFO] GET /api/assistance?userId=67125ea6-c050-4b6e-b4ce-e65e06941745 
[2026-02-17T04:48:07.823Z] [INFO] GET /api/appointments?userId=67125ea6-c050-4b6e-b4ce-e65e06941745 
[2026-02-17T04:48:07.824Z] [INFO] GET /api/assistance?userId=67125ea6-c050-4b6e-b4ce-e65e06941745 
[2026-02-17T04:48:12.822Z] [INFO] GET /api/appointments?userId=67125ea6-c050-4b6e-b4ce-e65e06941745 
[2026-02-17T04:48:12.823Z] [INFO] GET /api/assistance?userId=67125ea6-c050-4b6e-b4ce-e65e06941745 
[2026-02-17T04:48:17.858Z] [INFO] GET /api/appointments?userId=67125ea6-c050-4b6e-b4ce-e65e06941745 
[2026-02-17T04:48:17.859Z] [INFO] GET /api/assistance?userId=67125ea6-c050-4b6e-b4ce-e65e06941745 
[2026-02-17T04:48:22.847Z] [INFO] GET /api/appointments?userId=67125ea6-c050-4b6e-b4ce-e65e06941745 
[2026-02-17T04:48:22.848Z] [INFO] GET /api/assistance?userId=67125ea6-c050-4b6e-b4ce-e65e06941745 
[2026-02-17T04:48:27.837Z] [INFO] GET /api/appointments?userId=67125ea6-c050-4b6e-b4ce-e65e06941745 
[2026-02-17T04:48:27.837Z] [INFO] GET /api/assistance?userId=67125ea6-c050-4b6e-b4ce-e65e06941745 
[2026-02-17T04:48:32.845Z] [INFO] GET /api/appointments?userId=67125ea6-c050-4b6e-b4ce-e65e06941745 
[2026-02-17T04:48:32.861Z] [INFO] GET /api/assistance?userId=67125ea6-c050-4b6e-b4ce-e65e06941745 
[2026-02-17T04:48:37.843Z] [INFO] GET /api/appointments?userId=67125ea6-c050-4b6e-b4ce-e65e06941745 
[2026-02-17T04:48:37.847Z] [INFO] GET /api/assistance?userId=67125ea6-c050-4b6e-b4ce-e65e06941745 
[2026-02-17T04:48:42.843Z] [INFO] GET /api/appointments?userId=67125ea6-c050-4b6e-b4ce-e65e06941745 
[2026-02-17T04:48:42.843Z] [INFO] GET /api/assistance?userId=67125ea6-c050-4b6e-b4ce-e65e06941745 
[2026-02-17T04:48:47.856Z] [INFO] GET /api/appointments?userId=67125ea6-c050-4b6e-b4ce-e65e06941745 
[2026-02-17T04:48:47.856Z] [INFO] GET /api/assistance?userId=67125ea6-c050-4b6e-b4ce-e65e06941745 
[2026-02-17T04:48:52.852Z] [INFO] GET /api/appointments?userId=67125ea6-c050-4b6e-b4ce-e65e06941745 
[2026-02-17T04:48:52.853Z] [INFO] GET /api/assistance?userId=67125ea6-c050-4b6e-b4ce-e65e06941745 
[2026-02-17T04:48:57.860Z] [INFO] GET /api/appointments?userId=67125ea6-c050-4b6e-b4ce-e65e06941745 
[2026-02-17T04:48:57.861Z] [INFO] GET /api/assistance?userId=67125ea6-c050-4b6e-b4ce-e65e06941745 
[2026-02-17T04:49:02.922Z] [INFO] GET /api/appointments?userId=67125ea6-c050-4b6e-b4ce-e65e06941745 
[2026-02-17T04:49:02.924Z] [INFO] GET /api/assistance?userId=67125ea6-c050-4b6e-b4ce-e65e06941745 
[2026-02-17T04:49:07.863Z] [INFO] GET /api/appointments?userId=67125ea6-c050-4b6e-b4ce-e65e06941745 
[2026-02-17T04:49:07.864Z] [INFO] GET /api/assistance?userId=67125ea6-c050-4b6e-b4ce-e65e06941745 
[2026-02-17T04:49:12.856Z] [INFO] GET /api/appointments?userId=67125ea6-c050-4b6e-b4ce-e65e06941745 
[2026-02-17T04:49:12.857Z] [INFO] GET /api/assistance?userId=67125ea6-c050-4b6e-b4ce-e65e06941745 
[2026-02-17T04:49:17.878Z] [INFO] GET /api/appointments?userId=67125ea6-c050-4b6e-b4ce-e65e06941745 
[2026-02-17T04:49:17.880Z] [INFO] GET /api/assistance?userId=67125ea6-c050-4b6e-b4ce-e65e06941745 
[2026-02-17T04:49:22.869Z] [INFO] GET /api/appointments?userId=67125ea6-c050-4b6e-b4ce-e65e06941745 
[2026-02-17T04:49:22.870Z] [INFO] GET /api/assistance?userId=67125ea6-c050-4b6e-b4ce-e65e06941745 
[2026-02-17T04:49:27.869Z] [INFO] GET /api/appointments?userId=67125ea6-c050-4b6e-b4ce-e65e06941745 
[2026-02-17T04:49:27.871Z] [INFO] GET /api/assistance?userId=67125ea6-c050-4b6e-b4ce-e65e06941745 
[2026-02-17T04:49:32.872Z] [INFO] GET /api/appointments?userId=67125ea6-c050-4b6e-b4ce-e65e06941745 
[2026-02-17T04:49:32.873Z] [INFO] GET /api/assistance?userId=67125ea6-c050-4b6e-b4ce-e65e06941745 
[2026-02-17T04:49:37.870Z] [INFO] GET /api/appointments?userId=67125ea6-c050-4b6e-b4ce-e65e06941745 
[2026-02-17T04:49:37.871Z] [INFO] GET /api/assistance?userId=67125ea6-c050-4b6e-b4ce-e65e06941745 
[2026-02-17T04:49:42.877Z] [INFO] GET /api/appointments?userId=67125ea6-c050-4b6e-b4ce-e65e06941745 
[2026-02-17T04:49:42.877Z] [INFO] GET /api/assistance?userId=67125ea6-c050-4b6e-b4ce-e65e06941745 
[2026-02-17T04:49:47.887Z] [INFO] GET /api/appointments?userId=67125ea6-c050-4b6e-b4ce-e65e06941745 
[2026-02-17T04:49:47.888Z] [INFO] GET /api/assistance?userId=67125ea6-c050-4b6e-b4ce-e65e06941745 
[2026-02-17T04:49:52.887Z] [INFO] GET /api/appointments?userId=67125ea6-c050-4b6e-b4ce-e65e06941745 
[2026-02-17T04:49:52.888Z] [INFO] GET /api/assistance?userId=67125ea6-c050-4b6e-b4ce-e65e06941745 
[2026-02-17T04:49:57.892Z] [INFO] GET /api/appointments?userId=67125ea6-c050-4b6e-b4ce-e65e06941745 
[2026-02-17T04:49:57.894Z] [INFO] GET /api/assistance?userId=67125ea6-c050-4b6e-b4ce-e65e06941745 
[2026-02-17T04:50:02.888Z] [INFO] GET /api/appointments?userId=67125ea6-c050-4b6e-b4ce-e65e06941745 
[2026-02-17T04:50:02.889Z] [INFO] GET /api/assistance?userId=67125ea6-c050-4b6e-b4ce-e65e06941745 
[2026-02-17T04:50:07.897Z] [INFO] GET /api/appointments?userId=67125ea6-c050-4b6e-b4ce-e65e06941745 
[2026-02-17T04:50:07.899Z] [INFO] GET /api/assistance?userId=67125ea6-c050-4b6e-b4ce-e65e06941745 
[2026-02-17T04:50:12.890Z] [INFO] GET /api/appointments?userId=67125ea6-c050-4b6e-b4ce-e65e06941745 
[2026-02-17T04:50:12.890Z] [INFO] GET /api/assistance?userId=67125ea6-c050-4b6e-b4ce-e65e06941745 
[2026-02-17T04:50:17.906Z] [INFO] GET /api/appointments?userId=67125ea6-c050-4b6e-b4ce-e65e06941745 
[2026-02-17T04:50:17.907Z] [INFO] GET /api/assistance?userId=67125ea6-c050-4b6e-b4ce-e65e06941745 
[2026-02-17T04:50:22.903Z] [INFO] GET /api/appointments?userId=67125ea6-c050-4b6e-b4ce-e65e06941745 
[2026-02-17T04:50:22.903Z] [INFO] GET /api/assistance?userId=67125ea6-c050-4b6e-b4ce-e65e06941745 
[2026-02-17T04:50:27.902Z] [INFO] GET /api/appointments?userId=67125ea6-c050-4b6e-b4ce-e65e06941745 
[2026-02-17T04:50:27.903Z] [INFO] GET /api/assistance?userId=67125ea6-c050-4b6e-b4ce-e65e06941745 
[2026-02-17T04:50:32.909Z] [INFO] GET /api/appointments?userId=67125ea6-c050-4b6e-b4ce-e65e06941745 
[2026-02-17T04:50:32.910Z] [INFO] GET /api/assistance?userId=67125ea6-c050-4b6e-b4ce-e65e06941745 
[2026-02-17T04:50:37.904Z] [INFO] GET /api/appointments?userId=67125ea6-c050-4b6e-b4ce-e65e06941745 
[2026-02-17T04:50:37.905Z] [INFO] GET /api/assistance?userId=67125ea6-c050-4b6e-b4ce-e65e06941745 
[2026-02-17T04:50:42.907Z] [INFO] GET /api/appointments?userId=67125ea6-c050-4b6e-b4ce-e65e06941745 
[2026-02-17T04:50:42.908Z] [INFO] GET /api/assistance?userId=67125ea6-c050-4b6e-b4ce-e65e06941745 
[2026-02-17T04:50:47.921Z] [INFO] GET /api/appointments?userId=67125ea6-c050-4b6e-b4ce-e65e06941745 
[2026-02-17T04:50:47.922Z] [INFO] GET /api/assistance?userId=67125ea6-c050-4b6e-b4ce-e65e06941745 
[2026-02-17T04:50:52.920Z] [INFO] GET /api/appointments?userId=67125ea6-c050-4b6e-b4ce-e65e06941745 
[2026-02-17T04:50:52.921Z] [INFO] GET /api/assistance?userId=67125ea6-c050-4b6e-b4ce-e65e06941745 
[2026-02-17T04:50:57.919Z] [INFO] GET /api/appointments?userId=67125ea6-c050-4b6e-b4ce-e65e06941745 
[2026-02-17T04:50:57.920Z] [INFO] GET /api/assistance?userId=67125ea6-c050-4b6e-b4ce-e65e06941745 
[2026-02-17T04:51:02.942Z] [INFO] GET /api/appointments?userId=67125ea6-c050-4b6e-b4ce-e65e06941745 
[2026-02-17T04:51:02.943Z] [INFO] GET /api/assistance?userId=67125ea6-c050-4b6e-b4ce-e65e06941745 
[2026-02-17T04:51:07.940Z] [INFO] GET /api/appointments?userId=67125ea6-c050-4b6e-b4ce-e65e06941745 
[2026-02-17T04:51:07.941Z] [INFO] GET /api/assistance?userId=67125ea6-c050-4b6e-b4ce-e65e06941745 
[2026-02-17T04:51:12.937Z] [INFO] GET /api/appointments?userId=67125ea6-c050-4b6e-b4ce-e65e06941745 
[2026-02-17T04:51:12.938Z] [INFO] GET /api/assistance?userId=67125ea6-c050-4b6e-b4ce-e65e06941745 
[2026-02-17T04:51:17.954Z] [INFO] GET /api/appointments?userId=67125ea6-c050-4b6e-b4ce-e65e06941745 
[2026-02-17T04:51:17.955Z] [INFO] GET /api/assistance?userId=67125ea6-c050-4b6e-b4ce-e65e06941745 
[2026-02-17T04:51:22.954Z] [INFO] GET /api/appointments?userId=67125ea6-c050-4b6e-b4ce-e65e06941745 
[2026-02-17T04:51:22.954Z] [INFO] GET /api/assistance?userId=67125ea6-c050-4b6e-b4ce-e65e06941745 
[2026-02-17T04:53:06.997Z] [CRITICAL] Uncaught Exception Error: listen EADDRINUSE: address already in use 0.0.0.0:3000
    at Server.setupListenHandle [as _listen2] (node:net:1940:16)
    at listenInCluster (node:net:1997:12)
    at node:net:2206:7
    at process.processTicksAndRejections (node:internal/process/task_queues:89:21)
[2026-02-17T04:54:41.079Z] [INFO] GET /api/appointments 
[2026-02-17T04:54:41.084Z] [INFO] GET /api/assistance 
[2026-02-17T04:54:41.098Z] [INFO] GET /api/appointments 
[2026-02-17T04:54:41.099Z] [INFO] GET /api/assistance 
[2026-02-17T04:54:45.168Z] [INFO] OPTIONS /api/appointments/all 
[2026-02-17T04:54:45.224Z] [INFO] OPTIONS /api/assistance/all 
[2026-02-17T04:54:45.227Z] [INFO] GET / 
[2026-02-17T04:54:45.234Z] [INFO] DELETE /api/appointments/all 
[2026-02-17T04:54:45.241Z] [INFO] GET /api/appointments?mechanicId=60b577d5-305f-423f-b6a2-fb3c13dcead3 
[2026-02-17T04:54:45.259Z] [INFO] DELETE /api/assistance/all 
[2026-02-17T04:54:45.260Z] [INFO] GET /api/assistance?mechanicId=60b577d5-305f-423f-b6a2-fb3c13dcead3 
[2026-02-17T04:54:50.241Z] [INFO] GET / 
[2026-02-17T04:54:55.256Z] [INFO] GET / 
[2026-02-17T04:55:00.266Z] [INFO] GET / 
[2026-02-17T04:55:05.277Z] [INFO] GET / 
[2026-02-17T04:55:09.781Z] [INFO] GET /api/appointments?userId=67125ea6-c050-4b6e-b4ce-e65e06941745 
[2026-02-17T04:55:09.794Z] [INFO] GET /api/assistance?userId=67125ea6-c050-4b6e-b4ce-e65e06941745 
[2026-02-17T04:55:09.799Z] [INFO] GET / 
[2026-02-17T04:55:13.132Z] [INFO] GET /api/appointments?mechanicId=60b577d5-305f-423f-b6a2-fb3c13dcead3 
[2026-02-17T04:55:13.133Z] [INFO] GET /api/assistance?mechanicId=60b577d5-305f-423f-b6a2-fb3c13dcead3 
[2026-02-17T04:55:13.134Z] [INFO] GET / 
[2026-02-17T04:55:14.826Z] [INFO] GET / 
[2026-02-17T04:55:18.154Z] [INFO] GET / 
[2026-02-17T04:55:19.870Z] [INFO] GET / 
[2026-02-17T04:55:23.172Z] [INFO] GET / 
[2026-02-17T04:55:24.886Z] [INFO] GET / 
[2026-02-17T04:55:28.185Z] [INFO] GET / 
[2026-02-17T04:55:29.894Z] [INFO] GET / 
[2026-02-17T04:55:33.196Z] [INFO] GET / 
[2026-02-17T04:55:34.906Z] [INFO] GET / 
[2026-02-17T04:55:38.207Z] [INFO] GET / 
[2026-02-17T04:55:39.922Z] [INFO] GET / 
[2026-02-17T04:55:41.091Z] [CRITICAL] Uncaught Exception Error: listen EADDRINUSE: address already in use 0.0.0.0:3000
    at Server.setupListenHandle [as _listen2] (node:net:1940:16)
    at listenInCluster (node:net:1997:12)
    at node:net:2206:7
    at process.processTicksAndRejections (node:internal/process/task_queues:89:21)
[2026-02-17T04:55:43.217Z] [INFO] GET / 
[2026-02-17T04:55:44.934Z] [INFO] GET / 
[2026-02-17T04:55:45.169Z] [CRITICAL] Uncaught Exception Error: listen EADDRINUSE: address already in use 0.0.0.0:3000
    at Server.setupListenHandle [as _listen2] (node:net:1940:16)
    at listenInCluster (node:net:1997:12)
    at node:net:2206:7
    at process.processTicksAndRejections (node:internal/process/task_queues:89:21)
[2026-02-17T04:55:48.226Z] [INFO] GET / 
[2026-02-17T04:56:08.273Z] [INFO] Client connected 
[2026-02-17T04:56:08.278Z] [INFO] Registered user: 60b577d5-305f-423f-b6a2-fb3c13dcead3 
[2026-02-17T04:56:09.989Z] [INFO] Client connected 
[2026-02-17T04:56:09.989Z] [INFO] Registered user: 67125ea6-c050-4b6e-b4ce-e65e06941745 
[2026-02-17T04:56:27.982Z] [INFO] Client disconnected: 67125ea6-c050-4b6e-b4ce-e65e06941745 
[2026-02-17T04:56:29.102Z] [INFO] Client disconnected: 60b577d5-305f-423f-b6a2-fb3c13dcead3 
[2026-02-17T04:56:30.979Z] [INFO] GET /api/appointments?userId=67125ea6-c050-4b6e-b4ce-e65e06941745 
[2026-02-17T04:56:30.984Z] [INFO] GET /api/assistance?userId=67125ea6-c050-4b6e-b4ce-e65e06941745 
[2026-02-17T04:56:30.988Z] [INFO] Client connected 
[2026-02-17T04:56:30.989Z] [INFO] Registered user: 67125ea6-c050-4b6e-b4ce-e65e06941745 
[2026-02-17T04:56:31.888Z] [INFO] GET /api/assistance?mechanicId=60b577d5-305f-423f-b6a2-fb3c13dcead3 
[2026-02-17T04:56:31.890Z] [INFO] GET /api/appointments?mechanicId=60b577d5-305f-423f-b6a2-fb3c13dcead3 
[2026-02-17T04:56:31.895Z] [INFO] Client connected 
[2026-02-17T04:56:31.899Z] [INFO] Registered user: 60b577d5-305f-423f-b6a2-fb3c13dcead3 
[2026-02-17T04:56:35.961Z] [INFO] POST /api/login 
[2026-02-17T04:56:36.116Z] [INFO] GET /api/assistance?userId=67125ea6-c050-4b6e-b4ce-e65e06941745&status=pending 
[2026-02-17T04:56:38.237Z] [INFO] GET /api/appointments?userId=67125ea6-c050-4b6e-b4ce-e65e06941745 
[2026-02-17T04:56:38.239Z] [INFO] GET /api/assistance?userId=67125ea6-c050-4b6e-b4ce-e65e06941745 
[2026-02-17T04:56:40.644Z] [INFO] GET /api/appointments?userId=67125ea6-c050-4b6e-b4ce-e65e06941745 
[2026-02-17T04:56:40.645Z] [INFO] GET /api/assistance?userId=67125ea6-c050-4b6e-b4ce-e65e06941745 
[2026-02-17T04:56:44.682Z] [INFO] GET /api/vehicles/67125ea6-c050-4b6e-b4ce-e65e06941745 
[2026-02-17T04:56:57.821Z] [INFO] POST /api/assistance 
[2026-02-17T04:57:02.123Z] [INFO] GET /api/appointments 
[2026-02-17T04:57:02.126Z] [INFO] GET /api/assistance 
[2026-02-17T04:57:02.137Z] [INFO] GET /api/appointments 
[2026-02-17T04:57:02.138Z] [INFO] GET /api/assistance 
[2026-02-17T04:57:07.057Z] [INFO] Client disconnected: 60b577d5-305f-423f-b6a2-fb3c13dcead3 
[2026-02-17T04:57:09.203Z] [INFO] Client connected 
[2026-02-17T04:57:09.204Z] [INFO] GET /api/appointments?mechanicId=60b577d5-305f-423f-b6a2-fb3c13dcead3 
[2026-02-17T04:57:09.205Z] [INFO] GET /api/assistance?mechanicId=60b577d5-305f-423f-b6a2-fb3c13dcead3 
[2026-02-17T04:57:09.213Z] [INFO] Registered user: 60b577d5-305f-423f-b6a2-fb3c13dcead3 
[2026-02-17T04:57:11.089Z] [INFO] OPTIONS /api/login 
[2026-02-17T04:57:11.090Z] [INFO] POST /api/login 
[2026-02-17T04:57:11.151Z] [INFO] GET /api/assistance?zip=33327&status=pending 
[2026-02-17T04:57:12.652Z] [INFO] GET /api/appointments?mechanicId=60b577d5-305f-423f-b6a2-fb3c13dcead3 
[2026-02-17T04:57:12.654Z] [INFO] GET /api/assistance?mechanicId=60b577d5-305f-423f-b6a2-fb3c13dcead3 
[2026-02-17T04:57:16.699Z] [INFO] OPTIONS /api/assistance/15eed809-878f-46f4-a767-db82e0f7193d 
[2026-02-17T04:57:16.700Z] [INFO] PATCH /api/assistance/15eed809-878f-46f4-a767-db82e0f7193d 
[2026-02-17T04:57:16.702Z] [INFO] Notification sent to user 67125ea6-c050-4b6e-b4ce-e65e06941745 assistance_update
[2026-02-17T04:57:16.778Z] [INFO] GET /api/appointments?userId=67125ea6-c050-4b6e-b4ce-e65e06941745 
[2026-02-17T04:57:16.779Z] [INFO] GET /api/assistance?userId=67125ea6-c050-4b6e-b4ce-e65e06941745 
[2026-02-17T04:57:16.799Z] [INFO] GET /api/assistance/15eed809-878f-46f4-a767-db82e0f7193d 
[2026-02-17T04:57:18.736Z] [INFO] GET /api/assistance?zip=33327&status=pending 
[2026-02-17T04:57:18.764Z] [INFO] GET /api/appointments?mechanicId=60b577d5-305f-423f-b6a2-fb3c13dcead3 
[2026-02-17T04:57:18.774Z] [INFO] GET /api/assistance?mechanicId=60b577d5-305f-423f-b6a2-fb3c13dcead3 
[2026-02-17T04:57:20.373Z] [INFO] GET /api/appointments?mechanicId=60b577d5-305f-423f-b6a2-fb3c13dcead3 
[2026-02-17T04:57:20.374Z] [INFO] GET /api/assistance?mechanicId=60b577d5-305f-423f-b6a2-fb3c13dcead3 
[2026-02-17T04:57:23.368Z] [INFO] PATCH /api/assistance/15eed809-878f-46f4-a767-db82e0f7193d 
[2026-02-17T04:57:23.379Z] [INFO] Notification sent to user 67125ea6-c050-4b6e-b4ce-e65e06941745 assistance_update
[2026-02-17T04:57:23.413Z] [INFO] GET /api/appointments?userId=67125ea6-c050-4b6e-b4ce-e65e06941745 
[2026-02-17T04:57:23.418Z] [INFO] GET /api/assistance?userId=67125ea6-c050-4b6e-b4ce-e65e06941745 
[2026-02-17T04:57:23.419Z] [INFO] GET /api/appointments?userId=67125ea6-c050-4b6e-b4ce-e65e06941745 
[2026-02-17T04:57:23.420Z] [INFO] GET /api/assistance?userId=67125ea6-c050-4b6e-b4ce-e65e06941745 
[2026-02-17T04:57:23.508Z] [INFO] GET /api/users/60b577d5-305f-423f-b6a2-fb3c13dcead3 
[2026-02-17T04:58:05.517Z] [INFO] GET /api/appointments?mechanicId=60b577d5-305f-423f-b6a2-fb3c13dcead3 
[2026-02-17T04:58:05.519Z] [INFO] GET /api/assistance?mechanicId=60b577d5-305f-423f-b6a2-fb3c13dcead3 
[2026-02-17T04:59:02.877Z] [INFO] GET /api/appointments?userId=67125ea6-c050-4b6e-b4ce-e65e06941745 
[2026-02-17T04:59:02.879Z] [INFO] GET /api/assistance?userId=67125ea6-c050-4b6e-b4ce-e65e06941745 
[2026-02-17T04:59:03.758Z] [INFO] GET /api/users/60b577d5-305f-423f-b6a2-fb3c13dcead3 
[2026-02-17T04:59:08.705Z] [INFO] PATCH /api/appointments/15eed809-878f-46f4-a767-db82e0f7193d 
[2026-02-17T04:59:08.836Z] [INFO] GET /api/appointments?userId=67125ea6-c050-4b6e-b4ce-e65e06941745 
[2026-02-17T04:59:08.839Z] [INFO] GET /api/assistance?userId=67125ea6-c050-4b6e-b4ce-e65e06941745 
[2026-02-17T04:59:18.097Z] [INFO] GET /api/appointments?mechanicId=60b577d5-305f-423f-b6a2-fb3c13dcead3 
[2026-02-17T04:59:18.099Z] [INFO] GET /api/assistance?mechanicId=60b577d5-305f-423f-b6a2-fb3c13dcead3 
[2026-02-17T04:59:19.282Z] [INFO] Client disconnected: 67125ea6-c050-4b6e-b4ce-e65e06941745 
[2026-02-17T04:59:20.572Z] [INFO] Client disconnected: 60b577d5-305f-423f-b6a2-fb3c13dcead3 
[2026-02-17T04:59:22.187Z] [INFO] GET /api/appointments?userId=67125ea6-c050-4b6e-b4ce-e65e06941745 
[2026-02-17T04:59:22.190Z] [INFO] GET /api/assistance?userId=67125ea6-c050-4b6e-b4ce-e65e06941745 
[2026-02-17T04:59:22.193Z] [INFO] Client connected 
[2026-02-17T04:59:22.199Z] [INFO] Registered user: 67125ea6-c050-4b6e-b4ce-e65e06941745 
[2026-02-17T04:59:22.909Z] [INFO] GET /api/appointments?mechanicId=60b577d5-305f-423f-b6a2-fb3c13dcead3 
[2026-02-17T04:59:22.910Z] [INFO] GET /api/assistance?mechanicId=60b577d5-305f-423f-b6a2-fb3c13dcead3 
[2026-02-17T04:59:22.910Z] [INFO] Client connected 
[2026-02-17T04:59:22.933Z] [INFO] Registered user: 60b577d5-305f-423f-b6a2-fb3c13dcead3 
[2026-02-17T04:59:35.574Z] [INFO] Client connected 
[2026-02-17T04:59:35.580Z] [INFO] Registered user: 60b577d5-305f-423f-b6a2-fb3c13dcead3 
[2026-02-17T05:01:04.127Z] [INFO] Client disconnected: 60b577d5-305f-423f-b6a2-fb3c13dcead3 
[2026-02-17T05:01:06.548Z] [INFO] GET /api/appointments?mechanicId=60b577d5-305f-423f-b6a2-fb3c13dcead3 
[2026-02-17T05:01:06.566Z] [INFO] GET /api/assistance?mechanicId=60b577d5-305f-423f-b6a2-fb3c13dcead3 
[2026-02-17T05:01:06.588Z] [INFO] Client connected 
[2026-02-17T05:01:06.590Z] [INFO] Registered user: 60b577d5-305f-423f-b6a2-fb3c13dcead3 
[2026-02-17T05:01:20.463Z] [INFO] GET /api/appointments?userId=67125ea6-c050-4b6e-b4ce-e65e06941745 
[2026-02-17T05:01:20.465Z] [INFO] GET /api/assistance?userId=67125ea6-c050-4b6e-b4ce-e65e06941745 
[2026-02-17T05:01:20.467Z] [INFO] Client connected 
[2026-02-17T05:01:20.468Z] [INFO] Registered user: 67125ea6-c050-4b6e-b4ce-e65e06941745 
[2026-02-17T05:01:25.141Z] [INFO] OPTIONS /api/appointments/all 
[2026-02-17T05:01:25.144Z] [INFO] OPTIONS /api/assistance/all 
[2026-02-17T05:01:25.152Z] [INFO] DELETE /api/appointments/all 
[2026-02-17T05:01:25.155Z] [INFO] DELETE /api/assistance/all 
[2026-02-17T05:01:28.187Z] [INFO] POST /api/login 
[2026-02-17T05:01:28.393Z] [INFO] GET /api/assistance?userId=67125ea6-c050-4b6e-b4ce-e65e06941745&status=pending 
[2026-02-17T05:01:30.733Z] [INFO] GET /api/vehicles/67125ea6-c050-4b6e-b4ce-e65e06941745 
[2026-02-17T05:01:34.961Z] [INFO] GET /api/assistance?userId=67125ea6-c050-4b6e-b4ce-e65e06941745&status=pending 
[2026-02-17T05:01:51.040Z] [INFO] GET /api/assistance?userId=67125ea6-c050-4b6e-b4ce-e65e06941745&status=pending 
[2026-02-17T05:01:53.754Z] [INFO] POST /api/assistance 
[2026-02-17T05:01:56.600Z] [INFO] OPTIONS /api/login 
[2026-02-17T05:01:56.603Z] [INFO] POST /api/login 
[2026-02-17T05:01:56.683Z] [INFO] GET /api/assistance?zip=33327&status=pending 
[2026-02-17T05:02:00.349Z] [INFO] OPTIONS /api/assistance/804a15a7-317c-4fa1-ae10-b582a0523f4b 
[2026-02-17T05:02:00.350Z] [INFO] PATCH /api/assistance/804a15a7-317c-4fa1-ae10-b582a0523f4b 
[2026-02-17T05:02:00.352Z] [INFO] Notification sent to user 67125ea6-c050-4b6e-b4ce-e65e06941745 assistance_update
[2026-02-17T05:02:00.441Z] [INFO] GET /api/appointments?userId=67125ea6-c050-4b6e-b4ce-e65e06941745 
[2026-02-17T05:02:00.442Z] [INFO] GET /api/assistance?userId=67125ea6-c050-4b6e-b4ce-e65e06941745 
[2026-02-17T05:02:00.465Z] [INFO] GET /api/assistance/804a15a7-317c-4fa1-ae10-b582a0523f4b 
[2026-02-17T05:02:02.393Z] [INFO] GET /api/assistance?zip=33327&status=pending 
[2026-02-17T05:02:02.438Z] [INFO] GET /api/appointments?mechanicId=60b577d5-305f-423f-b6a2-fb3c13dcead3 
[2026-02-17T05:02:02.439Z] [INFO] GET /api/assistance?mechanicId=60b577d5-305f-423f-b6a2-fb3c13dcead3 
[2026-02-17T05:02:05.597Z] [INFO] PATCH /api/assistance/804a15a7-317c-4fa1-ae10-b582a0523f4b 
[2026-02-17T05:02:05.607Z] [INFO] Notification sent to user 67125ea6-c050-4b6e-b4ce-e65e06941745 assistance_update
[2026-02-17T05:02:05.608Z] [INFO] Notification sent to user 60b577d5-305f-423f-b6a2-fb3c13dcead3 assistance_update
[2026-02-17T05:02:05.641Z] [INFO] GET /api/appointments?mechanicId=60b577d5-305f-423f-b6a2-fb3c13dcead3 
[2026-02-17T05:02:05.642Z] [INFO] GET /api/assistance?mechanicId=60b577d5-305f-423f-b6a2-fb3c13dcead3 
[2026-02-17T05:02:05.674Z] [INFO] GET /api/appointments?userId=67125ea6-c050-4b6e-b4ce-e65e06941745 
[2026-02-17T05:02:05.677Z] [INFO] GET /api/assistance?userId=67125ea6-c050-4b6e-b4ce-e65e06941745 
[2026-02-17T05:02:05.679Z] [INFO] GET /api/assistance?userId=67125ea6-c050-4b6e-b4ce-e65e06941745 
[2026-02-17T05:02:05.680Z] [INFO] GET /api/appointments?userId=67125ea6-c050-4b6e-b4ce-e65e06941745 
[2026-02-17T05:02:05.776Z] [INFO] GET /api/users/60b577d5-305f-423f-b6a2-fb3c13dcead3 
[2026-02-17T05:02:13.357Z] [INFO] GET /api/appointments?mechanicId=60b577d5-305f-423f-b6a2-fb3c13dcead3 
[2026-02-17T05:02:13.357Z] [INFO] GET /api/assistance?mechanicId=60b577d5-305f-423f-b6a2-fb3c13dcead3 
[2026-02-17T05:02:14.358Z] [INFO] GET /api/appointments?mechanicId=60b577d5-305f-423f-b6a2-fb3c13dcead3 
[2026-02-17T05:02:14.359Z] [INFO] GET /api/assistance?mechanicId=60b577d5-305f-423f-b6a2-fb3c13dcead3 
[2026-02-17T05:02:23.456Z] [INFO] GET /api/users/60b577d5-305f-423f-b6a2-fb3c13dcead3 
[2026-02-17T05:02:23.460Z] [INFO] GET /api/users/67125ea6-c050-4b6e-b4ce-e65e06941745 
[2026-02-17T05:02:24.453Z] [INFO] OPTIONS /api/appointments/804a15a7-317c-4fa1-ae10-b582a0523f4b 
[2026-02-17T05:02:24.453Z] [INFO] PATCH /api/appointments/804a15a7-317c-4fa1-ae10-b582a0523f4b 
[2026-02-17T05:02:30.092Z] [INFO] GET /api/appointments?mechanicId=60b577d5-305f-423f-b6a2-fb3c13dcead3 
[2026-02-17T05:02:30.093Z] [INFO] GET /api/assistance?mechanicId=60b577d5-305f-423f-b6a2-fb3c13dcead3 
[2026-02-17T05:02:56.250Z] [INFO] GET /api/appointments?userId=67125ea6-c050-4b6e-b4ce-e65e06941745 
[2026-02-17T05:02:56.251Z] [INFO] GET /api/assistance?userId=67125ea6-c050-4b6e-b4ce-e65e06941745 
[2026-02-17T05:03:25.666Z] [INFO] Client connected 
[2026-02-17T05:03:25.681Z] [INFO] Registered user: 60b577d5-305f-423f-b6a2-fb3c13dcead3 
[2026-02-17T05:03:37.444Z] [INFO] OPTIONS /api/appointments/all 
[2026-02-17T05:03:37.446Z] [INFO] OPTIONS /api/assistance/all 
[2026-02-17T05:03:37.453Z] [INFO] DELETE /api/appointments/all 
[2026-02-17T05:03:37.456Z] [INFO] DELETE /api/assistance/all 
[2026-02-17T05:03:38.459Z] [INFO] GET /api/appointments 
[2026-02-17T05:03:38.460Z] [INFO] GET /api/assistance 
[2026-02-17T05:03:38.468Z] [INFO] GET /api/appointments 
[2026-02-17T05:03:38.471Z] [INFO] GET /api/assistance 
[2026-02-17T05:03:47.788Z] [INFO] Client disconnected: 60b577d5-305f-423f-b6a2-fb3c13dcead3 
[2026-02-17T05:03:50.794Z] [INFO] OPTIONS /api/login 
[2026-02-17T05:03:50.797Z] [INFO] POST /api/login 
[2026-02-17T05:03:50.878Z] [INFO] GET /api/assistance?mechanicId=60b577d5-305f-423f-b6a2-fb3c13dcead3 
[2026-02-17T05:03:50.879Z] [INFO] GET /api/appointments?mechanicId=60b577d5-305f-423f-b6a2-fb3c13dcead3 
[2026-02-17T05:03:50.882Z] [INFO] Client connected 
[2026-02-17T05:03:50.920Z] [INFO] GET /api/assistance?zip=33327&status=pending 
[2026-02-17T05:03:50.965Z] [INFO] Registered user: 60b577d5-305f-423f-b6a2-fb3c13dcead3 
[2026-02-17T05:03:52.089Z] [INFO] GET /api/appointments?mechanicId=60b577d5-305f-423f-b6a2-fb3c13dcead3 
[2026-02-17T05:03:52.090Z] [INFO] GET /api/assistance?mechanicId=60b577d5-305f-423f-b6a2-fb3c13dcead3 
[2026-02-17T05:03:54.030Z] [INFO] GET /api/appointments?userId=67125ea6-c050-4b6e-b4ce-e65e06941745 
[2026-02-17T05:03:54.033Z] [INFO] GET /api/assistance?userId=67125ea6-c050-4b6e-b4ce-e65e06941745 
[2026-02-17T05:03:54.036Z] [INFO] Client connected 
[2026-02-17T05:03:54.037Z] [INFO] Registered user: 67125ea6-c050-4b6e-b4ce-e65e06941745 
[2026-02-17T05:03:57.677Z] [INFO] POST /api/login 
[2026-02-17T05:03:57.802Z] [INFO] GET /api/assistance?userId=67125ea6-c050-4b6e-b4ce-e65e06941745&status=pending 
[2026-02-17T05:04:00.095Z] [INFO] GET /api/appointments?userId=67125ea6-c050-4b6e-b4ce-e65e06941745 
[2026-02-17T05:04:00.097Z] [INFO] GET /api/assistance?userId=67125ea6-c050-4b6e-b4ce-e65e06941745 
[2026-02-17T05:04:02.490Z] [INFO] GET /api/vehicles/67125ea6-c050-4b6e-b4ce-e65e06941745 
[2026-02-17T05:04:07.880Z] [INFO] POST /api/assistance 
[2026-02-17T05:04:10.828Z] [INFO] GET /api/appointments?mechanicId=60b577d5-305f-423f-b6a2-fb3c13dcead3 
[2026-02-17T05:04:10.829Z] [INFO] GET /api/assistance?mechanicId=60b577d5-305f-423f-b6a2-fb3c13dcead3 
[2026-02-17T05:04:14.342Z] [INFO] Client disconnected: 60b577d5-305f-423f-b6a2-fb3c13dcead3 
[2026-02-17T05:04:16.593Z] [INFO] GET /api/assistance?zip=33327&status=pending 
[2026-02-17T05:04:16.595Z] [INFO] GET /api/appointments?mechanicId=60b577d5-305f-423f-b6a2-fb3c13dcead3 
[2026-02-17T05:04:16.595Z] [INFO] GET /api/assistance?mechanicId=60b577d5-305f-423f-b6a2-fb3c13dcead3 
[2026-02-17T05:04:16.597Z] [INFO] Client connected 
[2026-02-17T05:04:16.598Z] [INFO] Registered user: 60b577d5-305f-423f-b6a2-fb3c13dcead3 
[2026-02-17T05:04:18.413Z] [INFO] OPTIONS /api/assistance/ca7df5ea-a36e-4335-b2f1-b4b19273cf02 
[2026-02-17T05:04:18.414Z] [INFO] PATCH /api/assistance/ca7df5ea-a36e-4335-b2f1-b4b19273cf02 
[2026-02-17T05:04:18.416Z] [INFO] Notification sent to user 67125ea6-c050-4b6e-b4ce-e65e06941745 assistance_update
[2026-02-17T05:04:18.520Z] [INFO] GET /api/appointments?userId=67125ea6-c050-4b6e-b4ce-e65e06941745 
[2026-02-17T05:04:18.521Z] [INFO] GET /api/assistance?userId=67125ea6-c050-4b6e-b4ce-e65e06941745 
[2026-02-17T05:04:18.544Z] [INFO] GET /api/assistance/ca7df5ea-a36e-4335-b2f1-b4b19273cf02 
[2026-02-17T05:04:20.472Z] [INFO] GET /api/assistance?zip=33327&status=pending 
[2026-02-17T05:04:20.509Z] [INFO] GET /api/appointments?mechanicId=60b577d5-305f-423f-b6a2-fb3c13dcead3 
[2026-02-17T05:04:20.511Z] [INFO] GET /api/assistance?mechanicId=60b577d5-305f-423f-b6a2-fb3c13dcead3 
[2026-02-17T05:04:25.837Z] [INFO] PATCH /api/assistance/ca7df5ea-a36e-4335-b2f1-b4b19273cf02 
[2026-02-17T05:04:25.861Z] [INFO] Notification sent to user 67125ea6-c050-4b6e-b4ce-e65e06941745 assistance_update
[2026-02-17T05:04:25.862Z] [INFO] Notification sent to user 60b577d5-305f-423f-b6a2-fb3c13dcead3 assistance_update
[2026-02-17T05:04:25.903Z] [INFO] GET /api/appointments?mechanicId=60b577d5-305f-423f-b6a2-fb3c13dcead3 
[2026-02-17T05:04:25.904Z] [INFO] GET /api/assistance?mechanicId=60b577d5-305f-423f-b6a2-fb3c13dcead3 
[2026-02-17T05:04:25.921Z] [INFO] GET /api/appointments?userId=67125ea6-c050-4b6e-b4ce-e65e06941745 
[2026-02-17T05:04:25.927Z] [INFO] GET /api/assistance?userId=67125ea6-c050-4b6e-b4ce-e65e06941745 
[2026-02-17T05:04:25.931Z] [INFO] GET /api/appointments?userId=67125ea6-c050-4b6e-b4ce-e65e06941745 
[2026-02-17T05:04:25.933Z] [INFO] GET /api/assistance?userId=67125ea6-c050-4b6e-b4ce-e65e06941745 
[2026-02-17T05:04:26.023Z] [INFO] GET /api/users/60b577d5-305f-423f-b6a2-fb3c13dcead3 
[2026-02-17T05:05:34.734Z] [INFO] GET /api/users 
[2026-02-17T05:05:34.815Z] [INFO] GET /api/users 
[2026-02-17T05:05:35.212Z] [INFO] GET /api/assistance 
[2026-02-17T05:05:35.212Z] [INFO] GET /api/appointments 
[2026-02-17T05:05:35.222Z] [INFO] GET /api/assistance 
[2026-02-17T05:05:35.225Z] [INFO] GET /api/appointments 
[2026-02-17T05:05:38.415Z] [INFO] OPTIONS /api/assistance/all 
[2026-02-17T05:05:38.416Z] [INFO] OPTIONS /api/appointments/all 
[2026-02-17T05:05:38.429Z] [INFO] DELETE /api/appointments/all 
[2026-02-17T05:05:38.430Z] [INFO] DELETE /api/assistance/all 
[2026-02-17T05:05:52.044Z] [INFO] GET /api/appointments?mechanicId=60b577d5-305f-423f-b6a2-fb3c13dcead3 
[2026-02-17T05:05:52.047Z] [INFO] GET /api/assistance?zip=33327&status=pending 
[2026-02-17T05:05:52.048Z] [INFO] GET /api/assistance?mechanicId=60b577d5-305f-423f-b6a2-fb3c13dcead3 
[2026-02-17T05:05:52.055Z] [INFO] Client connected 
[2026-02-17T05:05:52.062Z] [INFO] Registered user: 60b577d5-305f-423f-b6a2-fb3c13dcead3 
[2026-02-17T05:07:54.987Z] [INFO] Client disconnected: 67125ea6-c050-4b6e-b4ce-e65e06941745 
[2026-02-17T05:07:56.924Z] [INFO] Client disconnected: 60b577d5-305f-423f-b6a2-fb3c13dcead3 
[2026-02-17T05:07:56.924Z] [INFO] Client disconnected: 60b577d5-305f-423f-b6a2-fb3c13dcead3 
[2026-02-17T05:07:58.164Z] [INFO] GET /api/appointments?userId=67125ea6-c050-4b6e-b4ce-e65e06941745 
[2026-02-17T05:07:58.169Z] [INFO] GET /api/assistance?userId=67125ea6-c050-4b6e-b4ce-e65e06941745 
[2026-02-17T05:07:58.170Z] [INFO] Client connected 
[2026-02-17T05:07:58.200Z] [INFO] Registered user: 67125ea6-c050-4b6e-b4ce-e65e06941745 
[2026-02-17T05:07:59.957Z] [INFO] GET /api/assistance?zip=33327&status=pending 
[2026-02-17T05:07:59.961Z] [INFO] GET /api/assistance?mechanicId=60b577d5-305f-423f-b6a2-fb3c13dcead3 
[2026-02-17T05:07:59.962Z] [INFO] GET /api/appointments?mechanicId=60b577d5-305f-423f-b6a2-fb3c13dcead3 
[2026-02-17T05:08:00.066Z] [INFO] Client connected 
[2026-02-17T05:08:00.087Z] [INFO] Registered user: 60b577d5-305f-423f-b6a2-fb3c13dcead3 
[2026-02-17T05:08:03.231Z] [INFO] POST /api/login 
[2026-02-17T05:08:03.382Z] [INFO] GET /api/assistance?userId=67125ea6-c050-4b6e-b4ce-e65e06941745&status=pending 
[2026-02-17T05:08:05.118Z] [INFO] GET /api/vehicles/67125ea6-c050-4b6e-b4ce-e65e06941745 
[2026-02-17T05:08:13.100Z] [INFO] POST /api/assistance 
[2026-02-17T05:08:15.256Z] [INFO] GET /api/appointments?mechanicId=60b577d5-305f-423f-b6a2-fb3c13dcead3 
[2026-02-17T05:08:15.258Z] [INFO] GET /api/assistance?mechanicId=60b577d5-305f-423f-b6a2-fb3c13dcead3 
[2026-02-17T05:08:19.044Z] [INFO] Client disconnected: 60b577d5-305f-423f-b6a2-fb3c13dcead3 
[2026-02-17T05:08:21.537Z] [INFO] GET /api/assistance?zip=33327&status=pending 
[2026-02-17T05:08:21.558Z] [INFO] GET /api/appointments?mechanicId=60b577d5-305f-423f-b6a2-fb3c13dcead3 
[2026-02-17T05:08:21.565Z] [INFO] GET /api/assistance?mechanicId=60b577d5-305f-423f-b6a2-fb3c13dcead3 
[2026-02-17T05:08:21.567Z] [INFO] Client connected 
[2026-02-17T05:08:21.584Z] [INFO] Registered user: 60b577d5-305f-423f-b6a2-fb3c13dcead3 
[2026-02-17T05:08:23.503Z] [INFO] OPTIONS /api/assistance/9b4539f6-97c2-444b-bb11-f70490d89af4 
[2026-02-17T05:08:23.503Z] [INFO] PATCH /api/assistance/9b4539f6-97c2-444b-bb11-f70490d89af4 
[2026-02-17T05:08:23.506Z] [INFO] Notification sent to user 67125ea6-c050-4b6e-b4ce-e65e06941745 assistance_update
[2026-02-17T05:08:23.570Z] [INFO] GET /api/appointments?userId=67125ea6-c050-4b6e-b4ce-e65e06941745 
[2026-02-17T05:08:23.572Z] [INFO] GET /api/assistance?userId=67125ea6-c050-4b6e-b4ce-e65e06941745 
[2026-02-17T05:08:23.593Z] [INFO] GET /api/assistance/9b4539f6-97c2-444b-bb11-f70490d89af4 
[2026-02-17T05:08:25.549Z] [INFO] GET /api/assistance?zip=33327&status=pending 
[2026-02-17T05:08:25.578Z] [INFO] GET /api/appointments?mechanicId=60b577d5-305f-423f-b6a2-fb3c13dcead3 
[2026-02-17T05:08:25.580Z] [INFO] GET /api/assistance?mechanicId=60b577d5-305f-423f-b6a2-fb3c13dcead3 
[2026-02-17T05:08:32.701Z] [INFO] GET /api/assistance/9b4539f6-97c2-444b-bb11-f70490d89af4 
[2026-02-17T05:08:38.822Z] [INFO] PATCH /api/assistance/9b4539f6-97c2-444b-bb11-f70490d89af4 
[2026-02-17T05:08:38.825Z] [INFO] Notification sent to user 67125ea6-c050-4b6e-b4ce-e65e06941745 assistance_update
[2026-02-17T05:08:38.825Z] [INFO] Notification sent to user 60b577d5-305f-423f-b6a2-fb3c13dcead3 assistance_update
[2026-02-17T05:08:38.861Z] [INFO] GET /api/appointments?mechanicId=60b577d5-305f-423f-b6a2-fb3c13dcead3 
[2026-02-17T05:08:38.862Z] [INFO] GET /api/assistance?mechanicId=60b577d5-305f-423f-b6a2-fb3c13dcead3 
[2026-02-17T05:08:38.884Z] [INFO] GET /api/appointments?userId=67125ea6-c050-4b6e-b4ce-e65e06941745 
[2026-02-17T05:08:38.890Z] [INFO] GET /api/assistance?userId=67125ea6-c050-4b6e-b4ce-e65e06941745 
[2026-02-17T05:08:38.901Z] [INFO] GET /api/appointments?userId=67125ea6-c050-4b6e-b4ce-e65e06941745 
[2026-02-17T05:08:38.904Z] [INFO] GET /api/assistance?userId=67125ea6-c050-4b6e-b4ce-e65e06941745 
[2026-02-17T05:08:39.008Z] [INFO] GET /api/users/60b577d5-305f-423f-b6a2-fb3c13dcead3 
[2026-02-17T05:12:26.201Z] [INFO] Client disconnected: 67125ea6-c050-4b6e-b4ce-e65e06941745 
[2026-02-17T05:12:27.763Z] [INFO] Client disconnected: 60b577d5-305f-423f-b6a2-fb3c13dcead3 
[2026-02-17T05:12:28.268Z] [INFO] GET /api/appointments?userId=67125ea6-c050-4b6e-b4ce-e65e06941745 
[2026-02-17T05:12:28.269Z] [INFO] GET /api/assistance?userId=67125ea6-c050-4b6e-b4ce-e65e06941745 
[2026-02-17T05:12:28.269Z] [INFO] Client connected 
[2026-02-17T05:12:28.272Z] [INFO] Registered user: 67125ea6-c050-4b6e-b4ce-e65e06941745 
[2026-02-17T05:12:31.630Z] [INFO] GET /api/assistance?mechanicId=60b577d5-305f-423f-b6a2-fb3c13dcead3 
[2026-02-17T05:12:31.633Z] [INFO] GET /api/appointments?mechanicId=60b577d5-305f-423f-b6a2-fb3c13dcead3 
[2026-02-17T05:12:31.635Z] [INFO] Client connected 
[2026-02-17T05:12:31.647Z] [INFO] Registered user: 60b577d5-305f-423f-b6a2-fb3c13dcead3 
[2026-02-17T05:12:34.870Z] [INFO] GET /api/appointments 
[2026-02-17T05:12:34.871Z] [INFO] GET /api/assistance 
[2026-02-17T05:12:34.880Z] [INFO] GET /api/appointments 
[2026-02-17T05:12:34.884Z] [INFO] GET /api/assistance 
[2026-02-17T05:12:36.737Z] [INFO] OPTIONS /api/appointments/all 
[2026-02-17T05:12:36.738Z] [INFO] OPTIONS /api/assistance/all 
[2026-02-17T05:12:36.750Z] [INFO] DELETE /api/appointments/all 
[2026-02-17T05:12:36.750Z] [INFO] DELETE /api/assistance/all 
[2026-02-17T05:12:44.205Z] [INFO] Client disconnected: 60b577d5-305f-423f-b6a2-fb3c13dcead3 
[2026-02-17T05:12:46.307Z] [INFO] GET /api/appointments?mechanicId=60b577d5-305f-423f-b6a2-fb3c13dcead3 
[2026-02-17T05:12:46.309Z] [INFO] GET /api/assistance?mechanicId=60b577d5-305f-423f-b6a2-fb3c13dcead3 
[2026-02-17T05:12:46.314Z] [INFO] Client connected 
[2026-02-17T05:12:46.317Z] [INFO] Registered user: 60b577d5-305f-423f-b6a2-fb3c13dcead3 
[2026-02-17T05:12:48.485Z] [INFO] POST /api/login 
[2026-02-17T05:12:48.627Z] [INFO] GET /api/assistance?userId=67125ea6-c050-4b6e-b4ce-e65e06941745&status=pending 
[2026-02-17T05:12:49.500Z] [INFO] GET /api/appointments?userId=67125ea6-c050-4b6e-b4ce-e65e06941745 
[2026-02-17T05:12:49.502Z] [INFO] GET /api/assistance?userId=67125ea6-c050-4b6e-b4ce-e65e06941745 
[2026-02-17T05:12:53.090Z] [INFO] OPTIONS /api/login 
[2026-02-17T05:12:53.092Z] [INFO] POST /api/login 
[2026-02-17T05:12:53.161Z] [INFO] GET /api/assistance?zip=33327&status=pending 
[2026-02-17T05:12:56.195Z] [INFO] GET /api/vehicles/67125ea6-c050-4b6e-b4ce-e65e06941745 
[2026-02-17T05:13:03.699Z] [INFO] POST /api/assistance 
[2026-02-17T05:13:06.030Z] [INFO] GET /api/appointments?mechanicId=60b577d5-305f-423f-b6a2-fb3c13dcead3 
[2026-02-17T05:13:06.031Z] [INFO] GET /api/assistance?mechanicId=60b577d5-305f-423f-b6a2-fb3c13dcead3 
[2026-02-17T05:13:10.843Z] [INFO] Client disconnected: 60b577d5-305f-423f-b6a2-fb3c13dcead3 
[2026-02-17T05:13:13.379Z] [INFO] GET /api/appointments?mechanicId=60b577d5-305f-423f-b6a2-fb3c13dcead3 
[2026-02-17T05:13:13.381Z] [INFO] GET /api/assistance?mechanicId=60b577d5-305f-423f-b6a2-fb3c13dcead3 
[2026-02-17T05:13:13.382Z] [INFO] Client connected 
[2026-02-17T05:13:13.384Z] [INFO] Registered user: 60b577d5-305f-423f-b6a2-fb3c13dcead3 
[2026-02-17T05:13:15.517Z] [INFO] OPTIONS /api/login 
[2026-02-17T05:13:15.518Z] [INFO] POST /api/login 
[2026-02-17T05:13:15.588Z] [INFO] GET /api/assistance?zip=33327&status=pending 
[2026-02-17T05:13:18.209Z] [INFO] OPTIONS /api/assistance/39522043-40e8-48a0-880f-004d386c7c6b 
[2026-02-17T05:13:18.210Z] [INFO] PATCH /api/assistance/39522043-40e8-48a0-880f-004d386c7c6b 
[2026-02-17T05:13:18.212Z] [INFO] Notification sent to user 67125ea6-c050-4b6e-b4ce-e65e06941745 assistance_update
[2026-02-17T05:13:18.308Z] [INFO] GET /api/appointments?userId=67125ea6-c050-4b6e-b4ce-e65e06941745 
[2026-02-17T05:13:18.310Z] [INFO] GET /api/assistance?userId=67125ea6-c050-4b6e-b4ce-e65e06941745 
[2026-02-17T05:13:18.326Z] [INFO] GET /api/assistance/39522043-40e8-48a0-880f-004d386c7c6b 
[2026-02-17T05:13:20.253Z] [INFO] GET /api/assistance?zip=33327&status=pending 
[2026-02-17T05:13:20.289Z] [INFO] GET /api/appointments?mechanicId=60b577d5-305f-423f-b6a2-fb3c13dcead3 
[2026-02-17T05:13:20.290Z] [INFO] GET /api/assistance?mechanicId=60b577d5-305f-423f-b6a2-fb3c13dcead3 
[2026-02-17T05:13:26.441Z] [INFO] PATCH /api/assistance/39522043-40e8-48a0-880f-004d386c7c6b 
[2026-02-17T05:13:26.444Z] [INFO] Notification sent to user 67125ea6-c050-4b6e-b4ce-e65e06941745 assistance_update
[2026-02-17T05:13:26.445Z] [INFO] Notification sent to user 60b577d5-305f-423f-b6a2-fb3c13dcead3 assistance_update
[2026-02-17T05:13:26.493Z] [INFO] GET /api/appointments?mechanicId=60b577d5-305f-423f-b6a2-fb3c13dcead3 
[2026-02-17T05:13:26.495Z] [INFO] GET /api/assistance?mechanicId=60b577d5-305f-423f-b6a2-fb3c13dcead3 
[2026-02-17T05:13:26.513Z] [INFO] GET /api/appointments?userId=67125ea6-c050-4b6e-b4ce-e65e06941745 
[2026-02-17T05:13:26.515Z] [INFO] GET /api/assistance?userId=67125ea6-c050-4b6e-b4ce-e65e06941745 
[2026-02-17T05:13:26.516Z] [INFO] GET /api/appointments?userId=67125ea6-c050-4b6e-b4ce-e65e06941745 
[2026-02-17T05:13:26.519Z] [INFO] GET /api/assistance?userId=67125ea6-c050-4b6e-b4ce-e65e06941745 
[2026-02-17T05:13:26.617Z] [INFO] GET /api/users/60b577d5-305f-423f-b6a2-fb3c13dcead3 
[2026-02-17T05:13:41.884Z] [INFO] GET /api/appointments?mechanicId=60b577d5-305f-423f-b6a2-fb3c13dcead3 
[2026-02-17T05:13:41.886Z] [INFO] GET /api/assistance?mechanicId=60b577d5-305f-423f-b6a2-fb3c13dcead3 
[2026-02-17T05:13:42.626Z] [INFO] GET /api/users/60b577d5-305f-423f-b6a2-fb3c13dcead3 
[2026-02-17T05:13:42.627Z] [INFO] GET /api/users/67125ea6-c050-4b6e-b4ce-e65e06941745 
[2026-02-17T05:13:43.628Z] [INFO] OPTIONS /api/appointments/39522043-40e8-48a0-880f-004d386c7c6b 
[2026-02-17T05:13:43.628Z] [INFO] PATCH /api/appointments/39522043-40e8-48a0-880f-004d386c7c6b 
[2026-02-17T05:13:44.289Z] [INFO] GET /api/appointments?mechanicId=60b577d5-305f-423f-b6a2-fb3c13dcead3 
[2026-02-17T05:13:44.290Z] [INFO] GET /api/assistance?mechanicId=60b577d5-305f-423f-b6a2-fb3c13dcead3 
[2026-02-17T05:14:25.620Z] [INFO] GET /api/appointments?mechanicId=60b577d5-305f-423f-b6a2-fb3c13dcead3 
[2026-02-17T05:14:25.624Z] [INFO] GET /api/assistance?mechanicId=60b577d5-305f-423f-b6a2-fb3c13dcead3 
[2026-02-17T05:14:58.006Z] [INFO] OPTIONS /api/appointments/all 
[2026-02-17T05:14:58.008Z] [INFO] OPTIONS /api/assistance/all 
[2026-02-17T05:14:58.018Z] [INFO] DELETE /api/appointments/all 
[2026-02-17T05:14:58.021Z] [INFO] DELETE /api/assistance/all 
[2026-02-17T05:15:22.863Z] [INFO] Client disconnected: 60b577d5-305f-423f-b6a2-fb3c13dcead3 
[2026-02-17T05:15:27.180Z] [INFO] GET /api/appointments?mechanicId=60b577d5-305f-423f-b6a2-fb3c13dcead3 
[2026-02-17T05:15:27.185Z] [INFO] GET /api/assistance?mechanicId=60b577d5-305f-423f-b6a2-fb3c13dcead3 
[2026-02-17T05:15:27.188Z] [INFO] Client connected 
[2026-02-17T05:15:27.247Z] [INFO] Registered user: 60b577d5-305f-423f-b6a2-fb3c13dcead3 
[2026-02-17T05:15:28.195Z] [INFO] Client disconnected: 67125ea6-c050-4b6e-b4ce-e65e06941745 
[2026-02-17T05:15:29.250Z] [INFO] Client disconnected: 60b577d5-305f-423f-b6a2-fb3c13dcead3 
[2026-02-17T05:15:32.487Z] [INFO] GET /api/appointments?mechanicId=60b577d5-305f-423f-b6a2-fb3c13dcead3 
[2026-02-17T05:15:32.497Z] [INFO] GET /api/assistance?mechanicId=60b577d5-305f-423f-b6a2-fb3c13dcead3 
[2026-02-17T05:15:32.504Z] [INFO] Client connected 
[2026-02-17T05:15:32.520Z] [INFO] Registered user: 60b577d5-305f-423f-b6a2-fb3c13dcead3 
[2026-02-17T05:15:33.524Z] [INFO] GET /api/appointments?userId=67125ea6-c050-4b6e-b4ce-e65e06941745 
[2026-02-17T05:15:33.527Z] [INFO] GET /api/assistance?userId=67125ea6-c050-4b6e-b4ce-e65e06941745 
[2026-02-17T05:15:33.529Z] [INFO] Client connected 
[2026-02-17T05:15:33.532Z] [INFO] Registered user: 67125ea6-c050-4b6e-b4ce-e65e06941745 
[2026-02-17T05:15:54.464Z] [INFO] POST /api/login 
[2026-02-17T05:15:54.612Z] [INFO] GET /api/assistance?userId=67125ea6-c050-4b6e-b4ce-e65e06941745&status=pending 
[2026-02-17T05:15:59.103Z] [INFO] OPTIONS /api/login 
[2026-02-17T05:15:59.105Z] [INFO] POST /api/login 
[2026-02-17T05:15:59.178Z] [INFO] GET /api/assistance?zip=33327&status=pending 
[2026-02-17T05:16:01.560Z] [INFO] GET /api/vehicles/67125ea6-c050-4b6e-b4ce-e65e06941745 
[2026-02-17T05:16:06.647Z] [INFO] POST /api/assistance 
[2026-02-17T05:16:12.202Z] [INFO] OPTIONS /api/login 
[2026-02-17T05:16:12.205Z] [INFO] POST /api/login 
[2026-02-17T05:16:12.258Z] [INFO] GET /api/appointments?mechanicId=60b577d5-305f-423f-b6a2-fb3c13dcead3 
[2026-02-17T05:16:12.259Z] [INFO] GET /api/assistance?mechanicId=60b577d5-305f-423f-b6a2-fb3c13dcead3 
[2026-02-17T05:16:12.260Z] [INFO] Client connected 
[2026-02-17T05:16:12.289Z] [INFO] GET /api/assistance?zip=33327&status=pending 
[2026-02-17T05:16:12.319Z] [INFO] Registered user: 60b577d5-305f-423f-b6a2-fb3c13dcead3 
[2026-02-17T05:16:14.181Z] [INFO] OPTIONS /api/assistance/ca8abd86-5fac-4951-aee0-2207b6609aaf 
[2026-02-17T05:16:14.182Z] [INFO] PATCH /api/assistance/ca8abd86-5fac-4951-aee0-2207b6609aaf 
[2026-02-17T05:16:14.184Z] [INFO] Notification sent to user 67125ea6-c050-4b6e-b4ce-e65e06941745 assistance_update
[2026-02-17T05:16:14.261Z] [INFO] GET /api/appointments?userId=67125ea6-c050-4b6e-b4ce-e65e06941745 
[2026-02-17T05:16:14.262Z] [INFO] GET /api/assistance?userId=67125ea6-c050-4b6e-b4ce-e65e06941745 
[2026-02-17T05:16:14.294Z] [INFO] GET /api/assistance/ca8abd86-5fac-4951-aee0-2207b6609aaf 
[2026-02-17T05:16:16.229Z] [INFO] GET /api/assistance?zip=33327&status=pending 
[2026-02-17T05:16:16.263Z] [INFO] GET /api/appointments?mechanicId=60b577d5-305f-423f-b6a2-fb3c13dcead3 
[2026-02-17T05:16:16.264Z] [INFO] GET /api/assistance?mechanicId=60b577d5-305f-423f-b6a2-fb3c13dcead3 
[2026-02-17T05:16:19.295Z] [INFO] GET /api/appointments?mechanicId=60b577d5-305f-423f-b6a2-fb3c13dcead3 
[2026-02-17T05:16:19.300Z] [INFO] GET /api/assistance?mechanicId=60b577d5-305f-423f-b6a2-fb3c13dcead3 
[2026-02-17T05:16:20.162Z] [INFO] GET /api/appointments?mechanicId=60b577d5-305f-423f-b6a2-fb3c13dcead3 
[2026-02-17T05:16:20.163Z] [INFO] GET /api/assistance?mechanicId=60b577d5-305f-423f-b6a2-fb3c13dcead3 
[2026-02-17T05:16:22.136Z] [INFO] PATCH /api/assistance/ca8abd86-5fac-4951-aee0-2207b6609aaf 
[2026-02-17T05:16:22.144Z] [INFO] Notification sent to user 67125ea6-c050-4b6e-b4ce-e65e06941745 assistance_update
[2026-02-17T05:16:22.144Z] [INFO] Notification sent to user 60b577d5-305f-423f-b6a2-fb3c13dcead3 assistance_update
[2026-02-17T05:16:22.194Z] [INFO] GET /api/appointments?mechanicId=60b577d5-305f-423f-b6a2-fb3c13dcead3 
[2026-02-17T05:16:22.195Z] [INFO] GET /api/assistance?mechanicId=60b577d5-305f-423f-b6a2-fb3c13dcead3 
[2026-02-17T05:16:22.197Z] [INFO] GET /api/appointments?userId=67125ea6-c050-4b6e-b4ce-e65e06941745 
[2026-02-17T05:16:22.201Z] [INFO] GET /api/assistance?userId=67125ea6-c050-4b6e-b4ce-e65e06941745 
[2026-02-17T05:16:22.203Z] [INFO] GET /api/appointments?userId=67125ea6-c050-4b6e-b4ce-e65e06941745 
[2026-02-17T05:16:22.204Z] [INFO] GET /api/assistance?userId=67125ea6-c050-4b6e-b4ce-e65e06941745 
[2026-02-17T05:16:22.299Z] [INFO] GET /api/users/60b577d5-305f-423f-b6a2-fb3c13dcead3 
[2026-02-17T05:16:42.772Z] [INFO] GET /api/appointments 
[2026-02-17T05:16:42.781Z] [INFO] GET /api/assistance 
[2026-02-17T05:16:42.803Z] [INFO] GET /api/appointments 
[2026-02-17T05:16:42.805Z] [INFO] GET /api/assistance 
[2026-02-17T05:19:36.843Z] [INFO] Client disconnected: 67125ea6-c050-4b6e-b4ce-e65e06941745 
[2026-02-17T05:19:38.569Z] [INFO] Client disconnected: 60b577d5-305f-423f-b6a2-fb3c13dcead3 
[2026-02-17T05:19:38.570Z] [INFO] Client disconnected: 60b577d5-305f-423f-b6a2-fb3c13dcead3 
[2026-02-17T05:19:38.934Z] [INFO] GET /api/appointments?userId=67125ea6-c050-4b6e-b4ce-e65e06941745 
[2026-02-17T05:19:38.936Z] [INFO] GET /api/assistance?userId=67125ea6-c050-4b6e-b4ce-e65e06941745 
[2026-02-17T05:19:38.937Z] [INFO] Client connected 
[2026-02-17T05:19:38.939Z] [INFO] Registered user: 67125ea6-c050-4b6e-b4ce-e65e06941745 
[2026-02-17T05:19:40.934Z] [INFO] GET /api/assistance?mechanicId=60b577d5-305f-423f-b6a2-fb3c13dcead3 
[2026-02-17T05:19:40.936Z] [INFO] GET /api/appointments?mechanicId=60b577d5-305f-423f-b6a2-fb3c13dcead3 
[2026-02-17T05:19:40.940Z] [INFO] Client connected 
[2026-02-17T05:19:40.953Z] [INFO] Registered user: 60b577d5-305f-423f-b6a2-fb3c13dcead3 
[2026-02-17T05:19:51.912Z] [INFO] OPTIONS /api/appointments/all 
[2026-02-17T05:19:51.913Z] [INFO] OPTIONS /api/assistance/all 
[2026-02-17T05:19:51.924Z] [INFO] DELETE /api/appointments/all 
[2026-02-17T05:19:51.925Z] [INFO] DELETE /api/assistance/all 
[2026-02-17T05:19:56.694Z] [INFO] POST /api/login 
[2026-02-17T05:19:56.906Z] [INFO] GET /api/assistance?userId=67125ea6-c050-4b6e-b4ce-e65e06941745&status=pending 
[2026-02-17T05:19:58.739Z] [INFO] GET /api/assistance?zip=33327&status=pending 
[2026-02-17T05:20:01.412Z] [INFO] Client disconnected: 60b577d5-305f-423f-b6a2-fb3c13dcead3 
[2026-02-17T05:20:03.777Z] [INFO] GET /api/appointments?mechanicId=60b577d5-305f-423f-b6a2-fb3c13dcead3 
[2026-02-17T05:20:03.810Z] [INFO] GET /api/assistance?mechanicId=60b577d5-305f-423f-b6a2-fb3c13dcead3 
[2026-02-17T05:20:03.811Z] [INFO] Client connected 
[2026-02-17T05:20:03.816Z] [INFO] Registered user: 60b577d5-305f-423f-b6a2-fb3c13dcead3 
[2026-02-17T05:20:05.335Z] [INFO] OPTIONS /api/login 
[2026-02-17T05:20:05.336Z] [INFO] POST /api/login 
[2026-02-17T05:20:05.401Z] [INFO] GET /api/assistance?zip=33327&status=pending 
[2026-02-17T05:20:06.109Z] [INFO] GET /api/appointments?mechanicId=60b577d5-305f-423f-b6a2-fb3c13dcead3 
[2026-02-17T05:20:06.110Z] [INFO] GET /api/assistance?mechanicId=60b577d5-305f-423f-b6a2-fb3c13dcead3 
[2026-02-17T05:20:09.227Z] [INFO] GET /api/vehicles/67125ea6-c050-4b6e-b4ce-e65e06941745 
[2026-02-17T05:20:15.398Z] [INFO] POST /api/assistance 
[2026-02-17T05:20:21.307Z] [INFO] OPTIONS /api/login 
[2026-02-17T05:20:21.310Z] [INFO] POST /api/login 
[2026-02-17T05:20:21.360Z] [INFO] GET /api/appointments?mechanicId=60b577d5-305f-423f-b6a2-fb3c13dcead3 
[2026-02-17T05:20:21.361Z] [INFO] GET /api/assistance?mechanicId=60b577d5-305f-423f-b6a2-fb3c13dcead3 
[2026-02-17T05:20:21.363Z] [INFO] Client connected 
[2026-02-17T05:20:21.389Z] [INFO] GET /api/assistance?zip=33327&status=pending 
[2026-02-17T05:20:21.421Z] [INFO] Registered user: 60b577d5-305f-423f-b6a2-fb3c13dcead3 
[2026-02-17T05:20:23.168Z] [INFO] OPTIONS /api/assistance/22f3dd4c-b55e-4b5d-88b3-c18dda8fa639 
[2026-02-17T05:20:23.175Z] [INFO] PATCH /api/assistance/22f3dd4c-b55e-4b5d-88b3-c18dda8fa639 
[2026-02-17T05:20:23.182Z] [INFO] Notification sent to user 67125ea6-c050-4b6e-b4ce-e65e06941745 assistance_update
[2026-02-17T05:20:23.298Z] [INFO] GET /api/appointments?userId=67125ea6-c050-4b6e-b4ce-e65e06941745 
[2026-02-17T05:20:23.298Z] [INFO] GET /api/assistance?userId=67125ea6-c050-4b6e-b4ce-e65e06941745 
[2026-02-17T05:20:23.322Z] [INFO] GET /api/assistance/22f3dd4c-b55e-4b5d-88b3-c18dda8fa639 
[2026-02-17T05:20:25.226Z] [INFO] GET /api/assistance?zip=33327&status=pending 
[2026-02-17T05:20:25.257Z] [INFO] GET /api/appointments?mechanicId=60b577d5-305f-423f-b6a2-fb3c13dcead3 
[2026-02-17T05:20:25.258Z] [INFO] GET /api/assistance?mechanicId=60b577d5-305f-423f-b6a2-fb3c13dcead3 
[2026-02-17T05:20:34.971Z] [INFO] PATCH /api/assistance/22f3dd4c-b55e-4b5d-88b3-c18dda8fa639 
[2026-02-17T05:20:34.976Z] [INFO] Notification sent to user 67125ea6-c050-4b6e-b4ce-e65e06941745 assistance_update
[2026-02-17T05:20:34.976Z] [INFO] Notification sent to user 60b577d5-305f-423f-b6a2-fb3c13dcead3 assistance_update
[2026-02-17T05:20:35.029Z] [INFO] GET /api/appointments?mechanicId=60b577d5-305f-423f-b6a2-fb3c13dcead3 
[2026-02-17T05:20:35.031Z] [INFO] GET /api/assistance?mechanicId=60b577d5-305f-423f-b6a2-fb3c13dcead3 
[2026-02-17T05:20:35.049Z] [INFO] GET /api/appointments?userId=67125ea6-c050-4b6e-b4ce-e65e06941745 
[2026-02-17T05:20:35.057Z] [INFO] GET /api/assistance?userId=67125ea6-c050-4b6e-b4ce-e65e06941745 
[2026-02-17T05:20:35.061Z] [INFO] GET /api/appointments?userId=67125ea6-c050-4b6e-b4ce-e65e06941745 
[2026-02-17T05:20:35.063Z] [INFO] GET /api/assistance?userId=67125ea6-c050-4b6e-b4ce-e65e06941745 
[2026-02-17T05:20:35.174Z] [INFO] GET /api/users/60b577d5-305f-423f-b6a2-fb3c13dcead3 
[2026-02-17T05:23:55.587Z] [INFO] Client disconnected: 67125ea6-c050-4b6e-b4ce-e65e06941745 
[2026-02-17T05:23:58.634Z] [INFO] OPTIONS /api/appointments/all 
[2026-02-17T05:23:58.638Z] [INFO] OPTIONS /api/assistance/all 
[2026-02-17T05:23:58.656Z] [INFO] DELETE /api/assistance/all 
[2026-02-17T05:23:58.658Z] [INFO] DELETE /api/appointments/all 
[2026-02-17T05:23:58.744Z] [INFO] GET /api/appointments?userId=67125ea6-c050-4b6e-b4ce-e65e06941745 
[2026-02-17T05:23:58.747Z] [INFO] GET /api/assistance?userId=67125ea6-c050-4b6e-b4ce-e65e06941745 
[2026-02-17T05:23:58.757Z] [INFO] Client connected 
[2026-02-17T05:23:58.758Z] [INFO] Registered user: 67125ea6-c050-4b6e-b4ce-e65e06941745 
[2026-02-17T05:23:58.824Z] [INFO] Client disconnected: 60b577d5-305f-423f-b6a2-fb3c13dcead3 
[2026-02-17T05:23:58.825Z] [INFO] Client disconnected: 60b577d5-305f-423f-b6a2-fb3c13dcead3 
[2026-02-17T05:24:14.328Z] [INFO] GET /api/appointments?mechanicId=60b577d5-305f-423f-b6a2-fb3c13dcead3 
[2026-02-17T05:24:14.338Z] [INFO] GET /api/assistance?mechanicId=60b577d5-305f-423f-b6a2-fb3c13dcead3 
[2026-02-17T05:24:14.344Z] [INFO] Client connected 
[2026-02-17T05:24:14.348Z] [INFO] Registered user: 60b577d5-305f-423f-b6a2-fb3c13dcead3 
[2026-02-17T05:24:16.450Z] [INFO] OPTIONS /api/login 
[2026-02-17T05:24:16.451Z] [INFO] POST /api/login 
[2026-02-17T05:24:16.514Z] [INFO] GET /api/assistance?zip=33327&status=pending 
[2026-02-17T05:24:22.566Z] [INFO] POST /api/login 
[2026-02-17T05:24:22.737Z] [INFO] GET /api/assistance?userId=67125ea6-c050-4b6e-b4ce-e65e06941745&status=pending 
[2026-02-17T05:24:24.742Z] [INFO] GET /api/vehicles/67125ea6-c050-4b6e-b4ce-e65e06941745 
[2026-02-17T05:24:31.666Z] [INFO] POST /api/assistance 
[2026-02-17T05:24:33.569Z] [INFO] OPTIONS /api/login 
[2026-02-17T05:24:33.593Z] [INFO] POST /api/login 
[2026-02-17T05:24:33.675Z] [INFO] GET /api/appointments?mechanicId=60b577d5-305f-423f-b6a2-fb3c13dcead3 
[2026-02-17T05:24:33.676Z] [INFO] GET /api/assistance?mechanicId=60b577d5-305f-423f-b6a2-fb3c13dcead3 
[2026-02-17T05:24:33.680Z] [INFO] Client connected 
[2026-02-17T05:24:33.727Z] [INFO] GET /api/assistance?zip=33327&status=pending 
[2026-02-17T05:24:33.785Z] [INFO] Registered user: 60b577d5-305f-423f-b6a2-fb3c13dcead3 
[2026-02-17T05:24:35.537Z] [INFO] OPTIONS /api/assistance/cbb9b614-c5bc-440a-804b-df1243ea0c6a 
[2026-02-17T05:24:35.539Z] [INFO] PATCH /api/assistance/cbb9b614-c5bc-440a-804b-df1243ea0c6a 
[2026-02-17T05:24:35.542Z] [INFO] Notification sent to user 67125ea6-c050-4b6e-b4ce-e65e06941745 assistance_update
[2026-02-17T05:24:35.670Z] [INFO] GET /api/appointments?userId=67125ea6-c050-4b6e-b4ce-e65e06941745 
[2026-02-17T05:24:35.672Z] [INFO] GET /api/assistance?userId=67125ea6-c050-4b6e-b4ce-e65e06941745 
[2026-02-17T05:24:35.698Z] [INFO] GET /api/assistance/cbb9b614-c5bc-440a-804b-df1243ea0c6a 
[2026-02-17T05:24:37.595Z] [INFO] GET /api/assistance?zip=33327&status=pending 
[2026-02-17T05:24:37.629Z] [INFO] GET /api/appointments?mechanicId=60b577d5-305f-423f-b6a2-fb3c13dcead3 
[2026-02-17T05:24:37.630Z] [INFO] GET /api/assistance?mechanicId=60b577d5-305f-423f-b6a2-fb3c13dcead3 
[2026-02-17T05:24:40.560Z] [INFO] PATCH /api/assistance/cbb9b614-c5bc-440a-804b-df1243ea0c6a 
[2026-02-17T05:24:40.573Z] [INFO] Notification sent to user 67125ea6-c050-4b6e-b4ce-e65e06941745 assistance_update
[2026-02-17T05:24:40.575Z] [INFO] Notification sent to user 60b577d5-305f-423f-b6a2-fb3c13dcead3 assistance_update
[2026-02-17T05:24:40.614Z] [INFO] GET /api/appointments?mechanicId=60b577d5-305f-423f-b6a2-fb3c13dcead3 
[2026-02-17T05:24:40.616Z] [INFO] GET /api/assistance?mechanicId=60b577d5-305f-423f-b6a2-fb3c13dcead3 
[2026-02-17T05:24:40.639Z] [INFO] GET /api/appointments?userId=67125ea6-c050-4b6e-b4ce-e65e06941745 
[2026-02-17T05:24:40.644Z] [INFO] GET /api/assistance?userId=67125ea6-c050-4b6e-b4ce-e65e06941745 
[2026-02-17T05:24:40.647Z] [INFO] GET /api/appointments?userId=67125ea6-c050-4b6e-b4ce-e65e06941745 
[2026-02-17T05:24:40.649Z] [INFO] GET /api/assistance?userId=67125ea6-c050-4b6e-b4ce-e65e06941745 
[2026-02-17T05:24:40.783Z] [INFO] GET /api/users/60b577d5-305f-423f-b6a2-fb3c13dcead3 
[2026-02-17T05:24:42.983Z] [INFO] GET /api/users/60b577d5-305f-423f-b6a2-fb3c13dcead3 
[2026-02-17T05:24:42.985Z] [INFO] GET /api/users/67125ea6-c050-4b6e-b4ce-e65e06941745 
[2026-02-17T05:24:43.985Z] [INFO] OPTIONS /api/appointments/cbb9b614-c5bc-440a-804b-df1243ea0c6a 
[2026-02-17T05:24:43.986Z] [INFO] PATCH /api/appointments/cbb9b614-c5bc-440a-804b-df1243ea0c6a 
[2026-02-17T05:24:46.802Z] [INFO] GET /api/appointments?mechanicId=60b577d5-305f-423f-b6a2-fb3c13dcead3 
[2026-02-17T05:24:46.803Z] [INFO] GET /api/assistance?mechanicId=60b577d5-305f-423f-b6a2-fb3c13dcead3 
[2026-02-17T05:24:48.518Z] [INFO] GET /api/users/60b577d5-305f-423f-b6a2-fb3c13dcead3 
[2026-02-17T05:24:48.519Z] [INFO] GET /api/users/67125ea6-c050-4b6e-b4ce-e65e06941745 
[2026-02-17T05:24:49.520Z] [INFO] OPTIONS /api/appointments/cbb9b614-c5bc-440a-804b-df1243ea0c6a 
[2026-02-17T05:24:49.522Z] [INFO] PATCH /api/appointments/cbb9b614-c5bc-440a-804b-df1243ea0c6a 
[2026-02-17T05:24:49.548Z] [INFO] GET /api/appointments?mechanicId=60b577d5-305f-423f-b6a2-fb3c13dcead3 
[2026-02-17T05:24:49.549Z] [INFO] GET /api/assistance?mechanicId=60b577d5-305f-423f-b6a2-fb3c13dcead3 
[2026-02-17T05:25:54.795Z] [INFO] Client disconnected: 60b577d5-305f-423f-b6a2-fb3c13dcead3 
[2026-02-17T05:25:55.534Z] [INFO] OPTIONS /api/login 
[2026-02-17T05:25:55.535Z] [INFO] POST /api/login 
[2026-02-17T05:25:55.583Z] [INFO] GET /api/assistance?mechanicId=60b577d5-305f-423f-b6a2-fb3c13dcead3 
[2026-02-17T05:25:55.587Z] [INFO] GET /api/appointments?mechanicId=60b577d5-305f-423f-b6a2-fb3c13dcead3 
[2026-02-17T05:25:55.596Z] [INFO] Client connected 
[2026-02-17T05:25:55.633Z] [INFO] GET /api/assistance?zip=33327&status=pending 
[2026-02-17T05:25:55.674Z] [INFO] Registered user: 60b577d5-305f-423f-b6a2-fb3c13dcead3 
[2026-02-17T05:25:56.551Z] [INFO] GET /api/appointments?mechanicId=60b577d5-305f-423f-b6a2-fb3c13dcead3 
[2026-02-17T05:25:56.555Z] [INFO] GET /api/assistance?mechanicId=60b577d5-305f-423f-b6a2-fb3c13dcead3 
[2026-02-17T05:25:57.552Z] [INFO] GET /api/users/60b577d5-305f-423f-b6a2-fb3c13dcead3 
[2026-02-17T05:25:57.576Z] [INFO] GET /api/users/67125ea6-c050-4b6e-b4ce-e65e06941745 
[2026-02-17T05:25:58.500Z] [INFO] OPTIONS /api/appointments/cbb9b614-c5bc-440a-804b-df1243ea0c6a 
[2026-02-17T05:25:58.503Z] [INFO] PATCH /api/appointments/cbb9b614-c5bc-440a-804b-df1243ea0c6a 
[2026-02-17T05:25:59.880Z] [INFO] GET /api/appointments?mechanicId=60b577d5-305f-423f-b6a2-fb3c13dcead3 
[2026-02-17T05:25:59.898Z] [INFO] GET /api/assistance?mechanicId=60b577d5-305f-423f-b6a2-fb3c13dcead3 
[2026-02-17T05:25:59.964Z] [INFO] Client connected 
[2026-02-17T05:25:59.978Z] [INFO] Registered user: 60b577d5-305f-423f-b6a2-fb3c13dcead3 
[2026-02-17T05:26:02.126Z] [INFO] GET /api/users/60b577d5-305f-423f-b6a2-fb3c13dcead3 
[2026-02-17T05:26:02.128Z] [INFO] GET /api/users/67125ea6-c050-4b6e-b4ce-e65e06941745 
[2026-02-17T05:26:03.124Z] [INFO] PATCH /api/appointments/cbb9b614-c5bc-440a-804b-df1243ea0c6a 
[2026-02-17T05:26:10.574Z] [INFO] GET /api/appointments?mechanicId=60b577d5-305f-423f-b6a2-fb3c13dcead3 
[2026-02-17T05:26:10.578Z] [INFO] GET /api/assistance?mechanicId=60b577d5-305f-423f-b6a2-fb3c13dcead3 
[2026-02-17T05:26:18.807Z] [INFO] Client disconnected: 67125ea6-c050-4b6e-b4ce-e65e06941745 
[2026-02-17T05:26:20.853Z] [INFO] Client disconnected: 60b577d5-305f-423f-b6a2-fb3c13dcead3 
[2026-02-17T05:26:20.853Z] [INFO] Client disconnected: 60b577d5-305f-423f-b6a2-fb3c13dcead3 
[2026-02-17T05:26:20.854Z] [INFO] Client disconnected: 60b577d5-305f-423f-b6a2-fb3c13dcead3 
[2026-02-17T05:26:31.699Z] [INFO] GET /api/appointments 
[2026-02-17T05:26:31.708Z] [INFO] GET /api/assistance 
[2026-02-17T05:26:31.717Z] [INFO] GET /api/appointments 
[2026-02-17T05:26:31.717Z] [INFO] GET /api/assistance 
[2026-02-17T17:29:12.568Z] [INFO] GET /api/appointments?userId=67125ea6-c050-4b6e-b4ce-e65e06941745 
[2026-02-17T17:29:12.601Z] [INFO] GET /api/assistance?userId=67125ea6-c050-4b6e-b4ce-e65e06941745 
[2026-02-17T17:29:12.614Z] [INFO] Client connected 
[2026-02-17T17:29:12.617Z] [INFO] Registered user: 67125ea6-c050-4b6e-b4ce-e65e06941745 
[2026-02-17T17:29:15.969Z] [INFO] POST /api/login 
[2026-02-17T17:29:16.124Z] [INFO] GET /api/assistance?userId=67125ea6-c050-4b6e-b4ce-e65e06941745&status=pending 
[2026-02-17T17:29:17.380Z] [INFO] GET /api/appointments?userId=67125ea6-c050-4b6e-b4ce-e65e06941745 
[2026-02-17T17:29:17.381Z] [INFO] GET /api/assistance?userId=67125ea6-c050-4b6e-b4ce-e65e06941745 
[2026-02-17T17:29:35.991Z] [INFO] PATCH /api/appointments/cbb9b614-c5bc-440a-804b-df1243ea0c6a 
[2026-02-17T17:29:36.129Z] [INFO] GET /api/appointments?userId=67125ea6-c050-4b6e-b4ce-e65e06941745 
[2026-02-17T17:29:36.130Z] [INFO] GET /api/assistance?userId=67125ea6-c050-4b6e-b4ce-e65e06941745 
[2026-02-17T17:30:16.264Z] [INFO] Client disconnected: 67125ea6-c050-4b6e-b4ce-e65e06941745 
[2026-02-17T17:30:19.591Z] [INFO] GET /api/appointments?userId=67125ea6-c050-4b6e-b4ce-e65e06941745 
[2026-02-17T17:30:19.593Z] [INFO] GET /api/assistance?userId=67125ea6-c050-4b6e-b4ce-e65e06941745 
[2026-02-17T17:30:19.594Z] [INFO] Client connected 
[2026-02-17T17:30:19.594Z] [INFO] Registered user: 67125ea6-c050-4b6e-b4ce-e65e06941745 
[2026-02-17T17:30:40.229Z] [INFO] Client disconnected: 67125ea6-c050-4b6e-b4ce-e65e06941745 
[2026-02-17T17:30:41.441Z] [INFO] GET /api/assistance?userId=67125ea6-c050-4b6e-b4ce-e65e06941745 
[2026-02-17T17:30:41.443Z] [INFO] GET /api/appointments?userId=67125ea6-c050-4b6e-b4ce-e65e06941745 
[2026-02-17T17:30:41.445Z] [INFO] Client connected 
[2026-02-17T17:30:41.447Z] [INFO] Registered user: 67125ea6-c050-4b6e-b4ce-e65e06941745 
[2026-02-17T17:32:40.422Z] [INFO] POST /api/login 
[2026-02-17T17:32:40.581Z] [INFO] GET /api/assistance?userId=67125ea6-c050-4b6e-b4ce-e65e06941745&status=pending 
[2026-02-17T17:32:42.440Z] [INFO] GET /api/appointments?userId=67125ea6-c050-4b6e-b4ce-e65e06941745 
[2026-02-17T17:32:42.441Z] [INFO] GET /api/assistance?userId=67125ea6-c050-4b6e-b4ce-e65e06941745 
[2026-02-17T17:32:48.658Z] [INFO] POST /api/login 
[2026-02-17T17:32:48.757Z] [INFO] GET /api/appointments?userId=67125ea6-c050-4b6e-b4ce-e65e06941745 
[2026-02-17T17:32:48.758Z] [INFO] GET /api/assistance?userId=67125ea6-c050-4b6e-b4ce-e65e06941745 
[2026-02-17T17:32:48.759Z] [INFO] Client connected 
[2026-02-17T17:32:48.820Z] [INFO] GET /api/assistance?userId=67125ea6-c050-4b6e-b4ce-e65e06941745&status=pending 
[2026-02-17T17:32:48.864Z] [INFO] Registered user: 67125ea6-c050-4b6e-b4ce-e65e06941745 
[2026-02-17T17:33:34.736Z] [INFO] GET /api/appointments?userId=67125ea6-c050-4b6e-b4ce-e65e06941745 
[2026-02-17T17:33:34.738Z] [INFO] GET /api/assistance?userId=67125ea6-c050-4b6e-b4ce-e65e06941745 
[2026-02-17T17:33:42.495Z] [INFO] GET /api/appointments?userId=67125ea6-c050-4b6e-b4ce-e65e06941745 
[2026-02-17T17:33:42.497Z] [INFO] GET /api/assistance?userId=67125ea6-c050-4b6e-b4ce-e65e06941745 
[2026-02-17T17:34:02.625Z] [INFO] GET /api/appointments 
[2026-02-17T17:34:02.626Z] [INFO] GET /api/assistance 
[2026-02-17T19:48:48.069Z] [INFO] GET /api/appointments?userId=67125ea6-c050-4b6e-b4ce-e65e06941745 
[2026-02-17T19:48:48.085Z] [INFO] GET /api/assistance?userId=67125ea6-c050-4b6e-b4ce-e65e06941745 
[2026-02-17T19:52:23.171Z] [INFO] GET /api/appointments?userId=67125ea6-c050-4b6e-b4ce-e65e06941745 
[2026-02-17T19:52:23.175Z] [INFO] GET /api/assistance?userId=67125ea6-c050-4b6e-b4ce-e65e06941745 
[2026-02-17T20:03:31.808Z] [INFO] GET /api/appointments?userId=67125ea6-c050-4b6e-b4ce-e65e06941745 
[2026-02-17T20:03:31.821Z] [INFO] GET /api/assistance?userId=67125ea6-c050-4b6e-b4ce-e65e06941745 
[2026-02-17T20:07:12.806Z] [INFO] GET /api/appointments?userId=67125ea6-c050-4b6e-b4ce-e65e06941745 
[2026-02-17T20:07:12.809Z] [INFO] GET /api/assistance?userId=67125ea6-c050-4b6e-b4ce-e65e06941745 
[2026-02-17T20:21:42.804Z] [INFO] GET /api/vehicles/67125ea6-c050-4b6e-b4ce-e65e06941745 
[2026-02-17T20:21:57.471Z] [INFO] POST /api/assistance 
[2026-02-17T20:23:40.975Z] [INFO] GET /api/appointments?userId=user-111 
[2026-02-17T20:23:40.980Z] [INFO] GET /api/assistance?userId=user-111 
[2026-02-17T20:24:54.847Z] [INFO] Client connected 
[2026-02-17T20:24:54.848Z] [INFO] GET /api/appointments?userId=user-111 
[2026-02-17T20:24:54.849Z] [INFO] GET /api/assistance?userId=user-111 
[2026-02-17T20:24:54.875Z] [INFO] Registered user: user-111 
[2026-02-17T20:24:54.951Z] [INFO] Client disconnected: 67125ea6-c050-4b6e-b4ce-e65e06941745 
[2026-02-17T20:24:54.977Z] [INFO] Client connected 
[2026-02-17T20:24:54.984Z] [INFO] GET /api/assistance?userId=67125ea6-c050-4b6e-b4ce-e65e06941745&status=pending 
[2026-02-17T20:24:54.985Z] [INFO] GET /api/vehicles/67125ea6-c050-4b6e-b4ce-e65e06941745 
[2026-02-17T20:24:54.986Z] [INFO] GET /api/appointments?userId=67125ea6-c050-4b6e-b4ce-e65e06941745 
[2026-02-17T20:24:54.986Z] [INFO] GET /api/assistance?userId=67125ea6-c050-4b6e-b4ce-e65e06941745 
[2026-02-17T20:24:55.172Z] [INFO] Registered user: 67125ea6-c050-4b6e-b4ce-e65e06941745 
[2026-02-17T20:25:00.040Z] [INFO] Client connected 
[2026-02-17T20:25:00.097Z] [INFO] Registered user: 67125ea6-c050-4b6e-b4ce-e65e06941745 
[2026-02-17T20:25:29.735Z] [INFO] Client disconnected: 67125ea6-c050-4b6e-b4ce-e65e06941745 
[2026-02-17T20:25:29.752Z] [INFO] Client disconnected: 67125ea6-c050-4b6e-b4ce-e65e06941745 
[2026-02-17T20:25:29.753Z] [INFO] Client disconnected: 67125ea6-c050-4b6e-b4ce-e65e06941745 
[2026-02-17T20:25:29.753Z] [INFO] Client disconnected: user-111 
[2026-02-17T20:25:31.910Z] [INFO] GET /api/appointments?userId=67125ea6-c050-4b6e-b4ce-e65e06941745 
[2026-02-17T20:25:31.912Z] [INFO] Client connected 
[2026-02-17T20:25:31.912Z] [INFO] GET /api/assistance?userId=67125ea6-c050-4b6e-b4ce-e65e06941745 
[2026-02-17T20:25:31.915Z] [INFO] Registered user: 67125ea6-c050-4b6e-b4ce-e65e06941745 
[2026-02-17T20:25:32.239Z] [INFO] GET /api/appointments?userId=user-111 
[2026-02-17T20:25:32.240Z] [INFO] GET /api/assistance?userId=user-111 
[2026-02-17T20:25:32.240Z] [INFO] Client connected 
[2026-02-17T20:25:32.251Z] [INFO] Registered user: user-111 
[2026-02-17T20:25:34.470Z] [INFO] POST /api/login 
[2026-02-17T20:25:34.596Z] [INFO] GET /api/assistance?userId=67125ea6-c050-4b6e-b4ce-e65e06941745&status=pending 
[2026-02-17T20:25:44.765Z] [INFO] POST /api/login 
[2026-02-17T20:25:44.962Z] [INFO] GET /api/assistance?userId=user-111&status=pending 
[2026-02-17T20:25:54.898Z] [INFO] POST /api/login 
[2026-02-17T20:25:55.140Z] [INFO] GET /api/appointments?mechanicId=60b577d5-305f-423f-b6a2-fb3c13dcead3 
[2026-02-17T20:25:55.153Z] [INFO] GET /api/assistance?mechanicId=60b577d5-305f-423f-b6a2-fb3c13dcead3 
[2026-02-17T20:25:55.170Z] [INFO] Client connected 
[2026-02-17T20:25:55.175Z] [INFO] GET /api/assistance?zip=33327&status=pending 
[2026-02-17T20:25:55.237Z] [INFO] Registered user: 60b577d5-305f-423f-b6a2-fb3c13dcead3 
[2026-02-17T20:26:04.595Z] [INFO] GET /api/appointments?mechanicId=60b577d5-305f-423f-b6a2-fb3c13dcead3 
[2026-02-17T20:26:04.597Z] [INFO] GET /api/assistance?mechanicId=60b577d5-305f-423f-b6a2-fb3c13dcead3 
[2026-02-17T20:26:47.597Z] [INFO] PATCH /api/assistance/f38c093a-67e5-4ee0-9549-5f2bb549d41f 
[2026-02-17T20:26:47.601Z] [INFO] Notification sent to user 67125ea6-c050-4b6e-b4ce-e65e06941745 assistance_update
[2026-02-17T20:26:47.645Z] [INFO] GET /api/appointments?userId=67125ea6-c050-4b6e-b4ce-e65e06941745 
[2026-02-17T20:26:47.655Z] [INFO] GET /api/assistance?userId=67125ea6-c050-4b6e-b4ce-e65e06941745 
[2026-02-17T20:26:49.718Z] [INFO] GET /api/assistance?zip=33327&status=pending 
[2026-02-17T20:26:49.760Z] [INFO] GET /api/appointments?mechanicId=60b577d5-305f-423f-b6a2-fb3c13dcead3 
[2026-02-17T20:26:49.775Z] [INFO] GET /api/assistance?mechanicId=60b577d5-305f-423f-b6a2-fb3c13dcead3 
[2026-02-17T20:26:55.269Z] [INFO] GET /api/assistance/f38c093a-67e5-4ee0-9549-5f2bb549d41f 
[2026-02-17T20:28:30.834Z] [INFO] GET /api/appointments?mechanicId=60b577d5-305f-423f-b6a2-fb3c13dcead3 
[2026-02-17T20:28:30.835Z] [INFO] GET /api/assistance?mechanicId=60b577d5-305f-423f-b6a2-fb3c13dcead3 
[2026-02-17T20:29:22.863Z] [INFO] PATCH /api/assistance/f38c093a-67e5-4ee0-9549-5f2bb549d41f 
[2026-02-17T20:29:22.887Z] [INFO] Notification sent to user 67125ea6-c050-4b6e-b4ce-e65e06941745 assistance_update
[2026-02-17T20:29:22.889Z] [INFO] Notification sent to user 60b577d5-305f-423f-b6a2-fb3c13dcead3 assistance_update
[2026-02-17T20:29:22.941Z] [INFO] GET /api/appointments?userId=67125ea6-c050-4b6e-b4ce-e65e06941745 
[2026-02-17T20:29:22.942Z] [INFO] GET /api/assistance?userId=67125ea6-c050-4b6e-b4ce-e65e06941745 
[2026-02-17T20:29:22.945Z] [INFO] GET /api/appointments?userId=67125ea6-c050-4b6e-b4ce-e65e06941745 
[2026-02-17T20:29:22.946Z] [INFO] GET /api/assistance?userId=67125ea6-c050-4b6e-b4ce-e65e06941745 
[2026-02-17T20:29:23.018Z] [INFO] GET /api/appointments?mechanicId=60b577d5-305f-423f-b6a2-fb3c13dcead3 
[2026-02-17T20:29:23.020Z] [INFO] GET /api/assistance?mechanicId=60b577d5-305f-423f-b6a2-fb3c13dcead3 
[2026-02-17T20:29:23.104Z] [INFO] GET /api/users/60b577d5-305f-423f-b6a2-fb3c13dcead3 
[2026-02-17T20:29:28.598Z] [INFO] GET /api/users/60b577d5-305f-423f-b6a2-fb3c13dcead3 
[2026-02-17T20:29:28.600Z] [INFO] GET /api/users/67125ea6-c050-4b6e-b4ce-e65e06941745 
[2026-02-17T20:29:29.601Z] [INFO] PATCH /api/appointments/f38c093a-67e5-4ee0-9549-5f2bb549d41f 
[2026-02-17T20:29:33.209Z] [INFO] GET /api/appointments?mechanicId=60b577d5-305f-423f-b6a2-fb3c13dcead3 
[2026-02-17T20:29:33.210Z] [INFO] GET /api/assistance?mechanicId=60b577d5-305f-423f-b6a2-fb3c13dcead3 
[2026-02-17T20:29:35.415Z] [INFO] GET /api/appointments?mechanicId=60b577d5-305f-423f-b6a2-fb3c13dcead3 
[2026-02-17T20:29:35.416Z] [INFO] GET /api/assistance?mechanicId=60b577d5-305f-423f-b6a2-fb3c13dcead3 
[2026-02-17T20:29:51.055Z] [INFO] GET /api/users/60b577d5-305f-423f-b6a2-fb3c13dcead3 
[2026-02-17T20:29:51.058Z] [INFO] GET /api/users/67125ea6-c050-4b6e-b4ce-e65e06941745 
[2026-02-17T20:29:52.082Z] [INFO] PATCH /api/appointments/f38c093a-67e5-4ee0-9549-5f2bb549d41f 
[2026-02-17T20:29:53.502Z] [INFO] GET /api/appointments?mechanicId=60b577d5-305f-423f-b6a2-fb3c13dcead3 
[2026-02-17T20:29:53.503Z] [INFO] GET /api/assistance?mechanicId=60b577d5-305f-423f-b6a2-fb3c13dcead3 
[2026-02-17T20:31:42.331Z] [INFO] GET /api/users/60b577d5-305f-423f-b6a2-fb3c13dcead3 
[2026-02-17T20:31:42.339Z] [INFO] GET /api/users/67125ea6-c050-4b6e-b4ce-e65e06941745 
[2026-02-17T20:31:43.326Z] [INFO] PATCH /api/appointments/f38c093a-67e5-4ee0-9549-5f2bb549d41f 
[2026-02-17T20:31:43.455Z] [INFO] GET /api/appointments?mechanicId=60b577d5-305f-423f-b6a2-fb3c13dcead3 
[2026-02-17T20:31:43.459Z] [INFO] GET /api/assistance?mechanicId=60b577d5-305f-423f-b6a2-fb3c13dcead3 
[2026-02-17T20:31:47.113Z] [INFO] GET /api/appointments?mechanicId=60b577d5-305f-423f-b6a2-fb3c13dcead3 
[2026-02-17T20:31:47.114Z] [INFO] GET /api/assistance?mechanicId=60b577d5-305f-423f-b6a2-fb3c13dcead3 
[2026-02-17T20:32:42.121Z] [INFO] GET /api/appointments?userId=67125ea6-c050-4b6e-b4ce-e65e06941745 
[2026-02-17T20:32:42.123Z] [INFO] GET /api/assistance?userId=67125ea6-c050-4b6e-b4ce-e65e06941745 
[2026-02-17T20:32:44.174Z] [INFO] GET /api/appointments?userId=67125ea6-c050-4b6e-b4ce-e65e06941745 
[2026-02-17T20:32:44.175Z] [INFO] GET /api/assistance?userId=67125ea6-c050-4b6e-b4ce-e65e06941745 
[2026-02-17T20:32:45.232Z] [INFO] GET /api/appointments?userId=67125ea6-c050-4b6e-b4ce-e65e06941745 
[2026-02-17T20:32:45.233Z] [INFO] GET /api/assistance?userId=67125ea6-c050-4b6e-b4ce-e65e06941745 
[2026-02-17T20:32:52.314Z] [INFO] GET /api/appointments?mechanicId=60b577d5-305f-423f-b6a2-fb3c13dcead3 
[2026-02-17T20:32:52.315Z] [INFO] GET /api/assistance?mechanicId=60b577d5-305f-423f-b6a2-fb3c13dcead3 
[2026-02-17T20:33:41.105Z] [INFO] GET /api/appointments?mechanicId=60b577d5-305f-423f-b6a2-fb3c13dcead3 
[2026-02-17T20:33:41.107Z] [INFO] GET /api/assistance?mechanicId=60b577d5-305f-423f-b6a2-fb3c13dcead3 
[2026-02-17T20:35:13.856Z] [INFO] GET /api/assistance?userId=67125ea6-c050-4b6e-b4ce-e65e06941745&status=pending 
[2026-02-17T20:39:34.582Z] [INFO] Client disconnected: 67125ea6-c050-4b6e-b4ce-e65e06941745 
[2026-02-17T20:39:37.797Z] [INFO] Client connected 
[2026-02-17T20:39:37.801Z] [INFO] Registered user: 67125ea6-c050-4b6e-b4ce-e65e06941745 
[2026-02-17T20:39:37.812Z] [INFO] GET /api/appointments?userId=67125ea6-c050-4b6e-b4ce-e65e06941745 
[2026-02-17T20:39:37.815Z] [INFO] GET /api/assistance?userId=67125ea6-c050-4b6e-b4ce-e65e06941745 
[2026-02-17T20:45:23.263Z] [INFO] Client disconnected: user-111 
[2026-02-17T20:45:23.270Z] [INFO] Client disconnected: 60b577d5-305f-423f-b6a2-fb3c13dcead3 
[2026-02-17T20:45:26.163Z] [INFO] GET /api/appointments?mechanicId=60b577d5-305f-423f-b6a2-fb3c13dcead3 
[2026-02-17T20:45:26.167Z] [INFO] GET /api/assistance?mechanicId=60b577d5-305f-423f-b6a2-fb3c13dcead3 
[2026-02-17T20:45:26.171Z] [INFO] Client connected 
[2026-02-17T20:45:26.183Z] [INFO] Registered user: 60b577d5-305f-423f-b6a2-fb3c13dcead3 
[2026-02-17T20:45:32.807Z] [INFO] POST /api/login 
[2026-02-17T20:45:33.069Z] [INFO] GET /api/assistance?userId=67125ea6-c050-4b6e-b4ce-e65e06941745&status=pending 
[2026-02-17T20:45:35.714Z] [INFO] POST /api/login 
[2026-02-17T20:45:36.085Z] [INFO] GET /api/assistance?zip=33327&status=pending 
[2026-02-17T20:45:38.128Z] [INFO] GET /api/appointments?userId=67125ea6-c050-4b6e-b4ce-e65e06941745 
[2026-02-17T20:45:38.131Z] [INFO] GET /api/assistance?userId=67125ea6-c050-4b6e-b4ce-e65e06941745 
[2026-02-17T20:45:43.620Z] [INFO] PATCH /api/appointments/f38c093a-67e5-4ee0-9549-5f2bb549d41f 
[2026-02-17T20:45:43.784Z] [INFO] GET /api/appointments?userId=67125ea6-c050-4b6e-b4ce-e65e06941745 
[2026-02-17T20:45:43.785Z] [INFO] GET /api/assistance?userId=67125ea6-c050-4b6e-b4ce-e65e06941745 
[2026-02-17T20:45:47.022Z] [INFO] GET /api/appointments?mechanicId=60b577d5-305f-423f-b6a2-fb3c13dcead3 
[2026-02-17T20:45:47.023Z] [INFO] GET /api/assistance?mechanicId=60b577d5-305f-423f-b6a2-fb3c13dcead3 
[2026-02-17T20:45:47.751Z] [INFO] GET /api/assistance?zip=33327&status=pending 
[2026-02-17T20:57:23.930Z] [INFO] Client connected 
[2026-02-17T20:57:24.003Z] [INFO] Registered user: 60b577d5-305f-423f-b6a2-fb3c13dcead3 
[2026-02-17T20:57:26.343Z] [INFO] Client disconnected: 60b577d5-305f-423f-b6a2-fb3c13dcead3 
[2026-02-17T21:02:27.050Z] [INFO] GET /api/assistance?userId=67125ea6-c050-4b6e-b4ce-e65e06941745&status=pending 
[2026-02-17T21:02:27.573Z] [INFO] GET /api/appointments?userId=67125ea6-c050-4b6e-b4ce-e65e06941745 
[2026-02-17T21:02:27.574Z] [INFO] GET /api/assistance?userId=67125ea6-c050-4b6e-b4ce-e65e06941745 
[2026-02-17T21:02:28.761Z] [INFO] GET /api/assistance?userId=67125ea6-c050-4b6e-b4ce-e65e06941745&status=pending 
[2026-02-17T21:02:52.008Z] [INFO] Client disconnected: 67125ea6-c050-4b6e-b4ce-e65e06941745 
[2026-02-17T21:02:54.596Z] [INFO] Client connected 
[2026-02-17T21:02:54.602Z] [INFO] GET /api/appointments?userId=67125ea6-c050-4b6e-b4ce-e65e06941745 
[2026-02-17T21:02:54.609Z] [INFO] GET /api/assistance?userId=67125ea6-c050-4b6e-b4ce-e65e06941745 
[2026-02-17T21:02:54.610Z] [INFO] Registered user: 67125ea6-c050-4b6e-b4ce-e65e06941745 
[2026-02-17T21:03:02.174Z] [INFO] Client disconnected: 60b577d5-305f-423f-b6a2-fb3c13dcead3 
[2026-02-17T21:03:05.055Z] [INFO] GET /api/appointments?mechanicId=60b577d5-305f-423f-b6a2-fb3c13dcead3 
[2026-02-17T21:03:05.056Z] [INFO] Client connected 
[2026-02-17T21:03:05.056Z] [INFO] GET /api/assistance?mechanicId=60b577d5-305f-423f-b6a2-fb3c13dcead3 
[2026-02-17T21:03:05.067Z] [INFO] Registered user: 60b577d5-305f-423f-b6a2-fb3c13dcead3 
[2026-02-17T21:03:10.359Z] [INFO] POST /api/login 
[2026-02-17T21:03:10.607Z] [INFO] GET /api/assistance?userId=67125ea6-c050-4b6e-b4ce-e65e06941745&status=pending 
[2026-02-17T21:03:12.886Z] [INFO] POST /api/login 
[2026-02-17T21:03:13.176Z] [INFO] GET /api/assistance?zip=33327&status=pending 
[2026-02-17T21:03:14.820Z] [INFO] GET /api/vehicles/67125ea6-c050-4b6e-b4ce-e65e06941745 
[2026-02-17T21:03:22.346Z] [INFO] POST /api/assistance 
[2026-02-17T21:03:26.605Z] [INFO] GET /api/appointments?mechanicId=60b577d5-305f-423f-b6a2-fb3c13dcead3 
[2026-02-17T21:03:26.607Z] [INFO] GET /api/assistance?mechanicId=60b577d5-305f-423f-b6a2-fb3c13dcead3 
[2026-02-17T21:03:27.473Z] [INFO] GET /api/assistance?zip=33327&status=pending 
[2026-02-17T21:03:34.472Z] [INFO] PATCH /api/assistance/943050bd-f8db-42d9-b22b-ad759f90be19 
[2026-02-17T21:03:34.481Z] [INFO] Notification sent to user 67125ea6-c050-4b6e-b4ce-e65e06941745 assistance_update
[2026-02-17T21:03:34.600Z] [INFO] GET /api/appointments?userId=67125ea6-c050-4b6e-b4ce-e65e06941745 
[2026-02-17T21:03:34.601Z] [INFO] GET /api/assistance?userId=67125ea6-c050-4b6e-b4ce-e65e06941745 
[2026-02-17T21:03:34.664Z] [INFO] GET /api/assistance/943050bd-f8db-42d9-b22b-ad759f90be19 
[2026-02-17T21:03:36.629Z] [INFO] GET /api/appointments?mechanicId=60b577d5-305f-423f-b6a2-fb3c13dcead3 
[2026-02-17T21:03:36.632Z] [INFO] GET /api/assistance?mechanicId=60b577d5-305f-423f-b6a2-fb3c13dcead3 
[2026-02-17T21:03:44.291Z] [INFO] PATCH /api/assistance/943050bd-f8db-42d9-b22b-ad759f90be19 
[2026-02-17T21:03:44.301Z] [INFO] Notification sent to user 67125ea6-c050-4b6e-b4ce-e65e06941745 assistance_update
[2026-02-17T21:03:44.302Z] [INFO] Notification sent to user 60b577d5-305f-423f-b6a2-fb3c13dcead3 assistance_update
[2026-02-17T21:03:44.366Z] [INFO] GET /api/appointments?mechanicId=60b577d5-305f-423f-b6a2-fb3c13dcead3 
[2026-02-17T21:03:44.404Z] [INFO] GET /api/appointments?userId=67125ea6-c050-4b6e-b4ce-e65e06941745 
[2026-02-17T21:03:44.408Z] [INFO] GET /api/assistance?mechanicId=60b577d5-305f-423f-b6a2-fb3c13dcead3 
[2026-02-17T21:03:44.414Z] [INFO] GET /api/assistance?userId=67125ea6-c050-4b6e-b4ce-e65e06941745 
[2026-02-17T21:03:44.417Z] [INFO] GET /api/appointments?userId=67125ea6-c050-4b6e-b4ce-e65e06941745 
[2026-02-17T21:03:44.542Z] [INFO] GET /api/assistance?userId=67125ea6-c050-4b6e-b4ce-e65e06941745 
[2026-02-17T21:03:44.817Z] [INFO] GET /api/users/60b577d5-305f-423f-b6a2-fb3c13dcead3 
[2026-02-17T21:03:48.616Z] [INFO] GET /api/users/60b577d5-305f-423f-b6a2-fb3c13dcead3 
[2026-02-17T21:03:48.621Z] [INFO] GET /api/users/67125ea6-c050-4b6e-b4ce-e65e06941745 
[2026-02-17T21:03:49.635Z] [INFO] PATCH /api/appointments/943050bd-f8db-42d9-b22b-ad759f90be19 
[2026-02-17T21:03:52.694Z] [INFO] GET /api/appointments?mechanicId=60b577d5-305f-423f-b6a2-fb3c13dcead3 
[2026-02-17T21:03:52.697Z] [INFO] GET /api/assistance?mechanicId=60b577d5-305f-423f-b6a2-fb3c13dcead3 
[2026-02-17T21:04:00.454Z] [INFO] GET /api/assistance?userId=67125ea6-c050-4b6e-b4ce-e65e06941745&status=pending 
[2026-02-17T21:04:01.922Z] [INFO] GET /api/appointments?userId=67125ea6-c050-4b6e-b4ce-e65e06941745 
[2026-02-17T21:04:01.931Z] [INFO] GET /api/assistance?userId=67125ea6-c050-4b6e-b4ce-e65e06941745 
[2026-02-17T21:04:02.654Z] [INFO] GET /api/assistance?userId=67125ea6-c050-4b6e-b4ce-e65e06941745&status=pending 
[2026-02-17T21:04:03.254Z] [INFO] GET /api/appointments?userId=67125ea6-c050-4b6e-b4ce-e65e06941745 
[2026-02-17T21:04:03.255Z] [INFO] GET /api/assistance?userId=67125ea6-c050-4b6e-b4ce-e65e06941745 
[2026-02-17T21:04:17.047Z] [INFO] PATCH /api/appointments/943050bd-f8db-42d9-b22b-ad759f90be19 
[2026-02-17T21:04:17.192Z] [INFO] GET /api/appointments?userId=67125ea6-c050-4b6e-b4ce-e65e06941745 
[2026-02-17T21:04:17.194Z] [INFO] GET /api/assistance?userId=67125ea6-c050-4b6e-b4ce-e65e06941745 
[2026-02-17T21:04:55.652Z] [INFO] GET /api/assistance?userId=67125ea6-c050-4b6e-b4ce-e65e06941745&status=pending 
[2026-02-17T21:04:56.179Z] [INFO] GET /api/appointments?userId=67125ea6-c050-4b6e-b4ce-e65e06941745 
[2026-02-17T21:04:56.180Z] [INFO] GET /api/assistance?userId=67125ea6-c050-4b6e-b4ce-e65e06941745 
[2026-02-17T21:04:57.904Z] [INFO] GET /api/assistance?zip=33327&status=pending 
[2026-02-17T21:04:58.701Z] [INFO] GET /api/appointments?mechanicId=60b577d5-305f-423f-b6a2-fb3c13dcead3 
[2026-02-17T21:04:58.769Z] [INFO] GET /api/assistance?mechanicId=60b577d5-305f-423f-b6a2-fb3c13dcead3 
[2026-02-17T21:04:59.747Z] [INFO] GET /api/assistance?zip=33327&status=pending 
[2026-02-17T21:05:23.652Z] [INFO] GET /api/assistance?userId=67125ea6-c050-4b6e-b4ce-e65e06941745&status=pending 
[2026-02-17T21:06:34.761Z] [INFO] GET /api/appointments?userId=67125ea6-c050-4b6e-b4ce-e65e06941745 
[2026-02-17T21:06:34.764Z] [INFO] GET /api/assistance?userId=67125ea6-c050-4b6e-b4ce-e65e06941745 
[2026-02-17T21:06:35.942Z] [INFO] GET /api/assistance?userId=67125ea6-c050-4b6e-b4ce-e65e06941745&status=pending 
[2026-02-17T21:06:39.868Z] [INFO] GET /api/assistance?userId=67125ea6-c050-4b6e-b4ce-e65e06941745&status=pending 
[2026-02-17T21:06:41.747Z] [INFO] GET /api/vehicles/67125ea6-c050-4b6e-b4ce-e65e06941745 
[2026-02-17T21:06:47.797Z] [INFO] POST /api/assistance 
[2026-02-17T21:06:52.186Z] [INFO] GET /api/appointments?userId=67125ea6-c050-4b6e-b4ce-e65e06941745 
[2026-02-17T21:06:52.190Z] [INFO] GET /api/assistance?userId=67125ea6-c050-4b6e-b4ce-e65e06941745 
[2026-02-17T21:06:55.326Z] [INFO] GET /api/appointments?mechanicId=60b577d5-305f-423f-b6a2-fb3c13dcead3 
[2026-02-17T21:06:55.330Z] [INFO] GET /api/assistance?mechanicId=60b577d5-305f-423f-b6a2-fb3c13dcead3 
[2026-02-17T21:06:56.482Z] [INFO] GET /api/assistance?zip=33327&status=pending 
[2026-02-17T21:07:01.921Z] [INFO] PATCH /api/assistance/275c0822-3db1-4ddd-8429-448d48a7a1c8 
[2026-02-17T21:07:01.930Z] [INFO] Notification sent to user 67125ea6-c050-4b6e-b4ce-e65e06941745 assistance_update
[2026-02-17T21:07:02.060Z] [INFO] GET /api/appointments?userId=67125ea6-c050-4b6e-b4ce-e65e06941745 
[2026-02-17T21:07:02.071Z] [INFO] GET /api/assistance?userId=67125ea6-c050-4b6e-b4ce-e65e06941745 
[2026-02-17T21:07:02.108Z] [INFO] GET /api/assistance/275c0822-3db1-4ddd-8429-448d48a7a1c8 
[2026-02-17T21:07:04.113Z] [INFO] GET /api/appointments?mechanicId=60b577d5-305f-423f-b6a2-fb3c13dcead3 
[2026-02-17T21:07:04.184Z] [INFO] GET /api/assistance?mechanicId=60b577d5-305f-423f-b6a2-fb3c13dcead3 
[2026-02-17T21:07:14.348Z] [INFO] GET /api/assistance?zip=33327&status=pending 
[2026-02-17T21:07:14.874Z] [INFO] GET /api/appointments?mechanicId=60b577d5-305f-423f-b6a2-fb3c13dcead3 
[2026-02-17T21:07:14.886Z] [INFO] GET /api/assistance?mechanicId=60b577d5-305f-423f-b6a2-fb3c13dcead3 
[2026-02-17T21:07:17.832Z] [INFO] PATCH /api/assistance/275c0822-3db1-4ddd-8429-448d48a7a1c8 
[2026-02-17T21:07:17.848Z] [INFO] Notification sent to user 67125ea6-c050-4b6e-b4ce-e65e06941745 assistance_update
[2026-02-17T21:07:17.848Z] [INFO] Notification sent to user 60b577d5-305f-423f-b6a2-fb3c13dcead3 assistance_update
[2026-02-17T21:07:17.941Z] [INFO] GET /api/appointments?userId=67125ea6-c050-4b6e-b4ce-e65e06941745 
[2026-02-17T21:07:17.942Z] [INFO] GET /api/appointments?mechanicId=60b577d5-305f-423f-b6a2-fb3c13dcead3 
[2026-02-17T21:07:17.944Z] [INFO] GET /api/assistance?mechanicId=60b577d5-305f-423f-b6a2-fb3c13dcead3 
[2026-02-17T21:07:17.947Z] [INFO] GET /api/assistance?userId=67125ea6-c050-4b6e-b4ce-e65e06941745 
[2026-02-17T21:07:17.949Z] [INFO] GET /api/appointments?userId=67125ea6-c050-4b6e-b4ce-e65e06941745 
[2026-02-17T21:07:17.949Z] [INFO] GET /api/assistance?userId=67125ea6-c050-4b6e-b4ce-e65e06941745 
[2026-02-17T21:07:18.084Z] [INFO] GET /api/users/60b577d5-305f-423f-b6a2-fb3c13dcead3 
[2026-02-17T21:07:21.336Z] [INFO] GET /api/assistance?zip=33327&status=pending 
[2026-02-17T21:08:25.433Z] [INFO] GET /api/appointments?userId=67125ea6-c050-4b6e-b4ce-e65e06941745 
[2026-02-17T21:08:25.434Z] [INFO] GET /api/assistance?userId=67125ea6-c050-4b6e-b4ce-e65e06941745 
[2026-02-17T21:08:26.935Z] [INFO] GET /api/assistance?userId=67125ea6-c050-4b6e-b4ce-e65e06941745&status=pending 
[2026-02-17T21:08:27.497Z] [INFO] GET /api/appointments?userId=67125ea6-c050-4b6e-b4ce-e65e06941745 
[2026-02-17T21:08:27.497Z] [INFO] GET /api/assistance?userId=67125ea6-c050-4b6e-b4ce-e65e06941745 
[2026-02-17T21:08:30.333Z] [INFO] GET /api/appointments?mechanicId=60b577d5-305f-423f-b6a2-fb3c13dcead3 
[2026-02-17T21:08:30.335Z] [INFO] GET /api/assistance?mechanicId=60b577d5-305f-423f-b6a2-fb3c13dcead3 
[2026-02-17T21:25:28.903Z] [INFO] Client disconnected: 67125ea6-c050-4b6e-b4ce-e65e06941745 
[2026-02-17T21:25:28.936Z] [INFO] Client disconnected: 60b577d5-305f-423f-b6a2-fb3c13dcead3 
[2026-02-17T21:25:32.121Z] [INFO] Client connected 
[2026-02-17T21:25:32.131Z] [INFO] Registered user: 67125ea6-c050-4b6e-b4ce-e65e06941745 
[2026-02-17T21:25:32.133Z] [INFO] GET /api/appointments?userId=67125ea6-c050-4b6e-b4ce-e65e06941745 
[2026-02-17T21:25:32.141Z] [INFO] GET /api/assistance?userId=67125ea6-c050-4b6e-b4ce-e65e06941745 
[2026-02-17T21:25:32.182Z] [INFO] GET /api/appointments?mechanicId=60b577d5-305f-423f-b6a2-fb3c13dcead3 
[2026-02-17T21:25:32.183Z] [INFO] Client connected 
[2026-02-17T21:25:32.184Z] [INFO] GET /api/assistance?mechanicId=60b577d5-305f-423f-b6a2-fb3c13dcead3 
[2026-02-17T21:25:32.192Z] [INFO] Registered user: 60b577d5-305f-423f-b6a2-fb3c13dcead3 
[2026-02-17T21:25:35.260Z] [INFO] POST /api/login 
[2026-02-17T21:25:35.539Z] [INFO] GET /api/assistance?zip=33327&status=pending 
[2026-02-17T21:25:36.809Z] [INFO] GET /api/appointments?mechanicId=60b577d5-305f-423f-b6a2-fb3c13dcead3 
[2026-02-17T21:25:36.811Z] [INFO] GET /api/assistance?mechanicId=60b577d5-305f-423f-b6a2-fb3c13dcead3 
[2026-02-17T21:25:39.598Z] [INFO] POST /api/login 
[2026-02-17T21:25:39.843Z] [INFO] GET /api/assistance?userId=67125ea6-c050-4b6e-b4ce-e65e06941745&status=pending 
[2026-02-17T21:25:41.086Z] [INFO] GET /api/appointments?userId=67125ea6-c050-4b6e-b4ce-e65e06941745 
[2026-02-17T21:25:41.094Z] [INFO] GET /api/assistance?userId=67125ea6-c050-4b6e-b4ce-e65e06941745 
[2026-02-17T21:26:03.448Z] [INFO] PATCH /api/appointments/275c0822-3db1-4ddd-8429-448d48a7a1c8 
[2026-02-17T21:26:03.592Z] [INFO] GET /api/appointments?userId=67125ea6-c050-4b6e-b4ce-e65e06941745 
[2026-02-17T21:26:03.613Z] [INFO] GET /api/assistance?userId=67125ea6-c050-4b6e-b4ce-e65e06941745 
[2026-02-17T21:36:20.567Z] [INFO] Client connected 
[2026-02-17T21:36:20.569Z] [INFO] Registered user: 67125ea6-c050-4b6e-b4ce-e65e06941745 
[2026-02-17T21:36:24.019Z] [INFO] Client connected 
[2026-02-17T21:36:24.030Z] [INFO] Registered user: 60b577d5-305f-423f-b6a2-fb3c13dcead3 
[2026-02-17T21:36:59.540Z] [INFO] Client disconnected: 67125ea6-c050-4b6e-b4ce-e65e06941745 
[2026-02-17T21:36:59.679Z] [INFO] Client disconnected: 60b577d5-305f-423f-b6a2-fb3c13dcead3 
[2026-02-17T21:37:01.179Z] [INFO] Client connected 
[2026-02-17T21:37:01.183Z] [INFO] GET /api/assistance?userId=67125ea6-c050-4b6e-b4ce-e65e06941745 
[2026-02-17T21:37:01.184Z] [INFO] GET /api/appointments?userId=67125ea6-c050-4b6e-b4ce-e65e06941745 
[2026-02-17T21:37:01.185Z] [INFO] Registered user: 67125ea6-c050-4b6e-b4ce-e65e06941745 
[2026-02-17T21:37:01.997Z] [INFO] GET /api/appointments?mechanicId=60b577d5-305f-423f-b6a2-fb3c13dcead3 
[2026-02-17T21:37:01.998Z] [INFO] GET /api/assistance?mechanicId=60b577d5-305f-423f-b6a2-fb3c13dcead3 
[2026-02-17T21:37:01.998Z] [INFO] Client connected 
[2026-02-17T21:37:02.010Z] [INFO] Registered user: 60b577d5-305f-423f-b6a2-fb3c13dcead3 
[2026-02-17T21:37:06.416Z] [INFO] POST /api/login 
[2026-02-17T21:37:06.580Z] [INFO] GET /api/assistance?userId=67125ea6-c050-4b6e-b4ce-e65e06941745&status=pending 
[2026-02-17T21:37:07.732Z] [INFO] GET /api/appointments?userId=67125ea6-c050-4b6e-b4ce-e65e06941745 
[2026-02-17T21:37:07.733Z] [INFO] GET /api/assistance?userId=67125ea6-c050-4b6e-b4ce-e65e06941745 
[2026-02-17T21:37:08.182Z] [INFO] GET /api/assistance?userId=67125ea6-c050-4b6e-b4ce-e65e06941745&status=pending 
[2026-02-17T21:37:13.091Z] [INFO] POST /api/login 
[2026-02-17T21:37:13.371Z] [INFO] GET /api/assistance?zip=33327&status=pending 
[2026-02-17T21:37:18.183Z] [INFO] GET /api/vehicles/67125ea6-c050-4b6e-b4ce-e65e06941745 
[2026-02-17T21:37:26.219Z] [INFO] POST /api/assistance 
[2026-02-17T21:37:31.139Z] [INFO] GET /api/assistance?zip=33327&status=pending 
[2026-02-17T21:37:33.596Z] [INFO] PATCH /api/assistance/591d15f8-db80-4fbc-8ea8-c965f4a499e8 
[2026-02-17T21:37:33.602Z] [INFO] Notification sent to user 67125ea6-c050-4b6e-b4ce-e65e06941745 assistance_update
[2026-02-17T21:37:33.668Z] [INFO] GET /api/appointments?userId=67125ea6-c050-4b6e-b4ce-e65e06941745 
[2026-02-17T21:37:33.670Z] [INFO] GET /api/assistance?userId=67125ea6-c050-4b6e-b4ce-e65e06941745 
[2026-02-17T21:37:33.685Z] [INFO] GET /api/assistance/591d15f8-db80-4fbc-8ea8-c965f4a499e8 
[2026-02-17T21:37:34.998Z] [INFO] PATCH /api/assistance/591d15f8-db80-4fbc-8ea8-c965f4a499e8 
[2026-02-17T21:37:34.999Z] [INFO] Notification sent to user 67125ea6-c050-4b6e-b4ce-e65e06941745 assistance_update
[2026-02-17T21:37:35.000Z] [INFO] Notification sent to user 60b577d5-305f-423f-b6a2-fb3c13dcead3 assistance_update
[2026-02-17T21:37:35.038Z] [INFO] GET /api/appointments?userId=67125ea6-c050-4b6e-b4ce-e65e06941745 
[2026-02-17T21:37:35.039Z] [INFO] GET /api/assistance?userId=67125ea6-c050-4b6e-b4ce-e65e06941745 
[2026-02-17T21:37:35.040Z] [INFO] GET /api/appointments?userId=67125ea6-c050-4b6e-b4ce-e65e06941745 
[2026-02-17T21:37:35.041Z] [INFO] GET /api/assistance?userId=67125ea6-c050-4b6e-b4ce-e65e06941745 
[2026-02-17T21:37:35.132Z] [INFO] GET /api/appointments?mechanicId=60b577d5-305f-423f-b6a2-fb3c13dcead3 
[2026-02-17T21:37:35.137Z] [INFO] GET /api/users/60b577d5-305f-423f-b6a2-fb3c13dcead3 
[2026-02-17T21:37:35.144Z] [INFO] GET /api/assistance?mechanicId=60b577d5-305f-423f-b6a2-fb3c13dcead3 
[2026-02-17T21:37:35.846Z] [INFO] GET /api/appointments?mechanicId=60b577d5-305f-423f-b6a2-fb3c13dcead3 
[2026-02-17T21:37:35.846Z] [INFO] GET /api/assistance?mechanicId=60b577d5-305f-423f-b6a2-fb3c13dcead3 
[2026-02-17T21:37:39.948Z] [INFO] GET /api/assistance?zip=33327&status=pending 
[2026-02-17T21:37:47.593Z] [INFO] GET /api/assistance?userId=67125ea6-c050-4b6e-b4ce-e65e06941745&status=pending 
[2026-02-17T21:37:48.846Z] [INFO] GET /api/appointments?userId=67125ea6-c050-4b6e-b4ce-e65e06941745 
[2026-02-17T21:37:48.847Z] [INFO] GET /api/assistance?userId=67125ea6-c050-4b6e-b4ce-e65e06941745 
[2026-02-17T21:37:51.835Z] [INFO] GET /api/appointments?mechanicId=60b577d5-305f-423f-b6a2-fb3c13dcead3 
[2026-02-17T21:37:51.836Z] [INFO] GET /api/assistance?mechanicId=60b577d5-305f-423f-b6a2-fb3c13dcead3 
[2026-02-17T21:38:02.203Z] [INFO] PATCH /api/appointments/591d15f8-db80-4fbc-8ea8-c965f4a499e8 
[2026-02-17T21:38:02.316Z] [INFO] GET /api/appointments?userId=67125ea6-c050-4b6e-b4ce-e65e06941745 
[2026-02-17T21:38:02.318Z] [INFO] GET /api/assistance?userId=67125ea6-c050-4b6e-b4ce-e65e06941745 
[2026-02-17T21:39:11.041Z] [INFO] GET /api/assistance?zip=33327&status=pending 
[2026-02-17T21:39:12.056Z] [INFO] GET /api/appointments?mechanicId=60b577d5-305f-423f-b6a2-fb3c13dcead3 
[2026-02-17T21:39:12.065Z] [INFO] GET /api/assistance?mechanicId=60b577d5-305f-423f-b6a2-fb3c13dcead3 
[2026-02-17T21:39:13.544Z] [INFO] GET /api/assistance?zip=33327&status=pending 
[2026-02-17T21:39:15.012Z] [INFO] Client connected 
[2026-02-17T21:39:15.048Z] [INFO] Registered user: 60b577d5-305f-423f-b6a2-fb3c13dcead3 
[2026-02-17T21:39:48.726Z] [INFO] Client connected 
[2026-02-17T21:39:48.728Z] [INFO] GET /api/appointments?userId=67125ea6-c050-4b6e-b4ce-e65e06941745 
[2026-02-17T21:39:48.742Z] [INFO] Registered user: 67125ea6-c050-4b6e-b4ce-e65e06941745 
[2026-02-17T21:39:48.743Z] [INFO] GET /api/assistance?userId=67125ea6-c050-4b6e-b4ce-e65e06941745 
[2026-02-17T21:39:51.035Z] [INFO] POST /api/login 
[2026-02-17T21:39:51.201Z] [INFO] GET /api/assistance?userId=67125ea6-c050-4b6e-b4ce-e65e06941745&status=pending 
[2026-02-17T21:39:52.994Z] [INFO] GET /api/vehicles/67125ea6-c050-4b6e-b4ce-e65e06941745 
[2026-02-17T21:39:59.188Z] [INFO] POST /api/assistance 
[2026-02-17T21:40:02.469Z] [INFO] GET /api/appointments?userId=67125ea6-c050-4b6e-b4ce-e65e06941745 
[2026-02-17T21:40:02.470Z] [INFO] GET /api/assistance?userId=67125ea6-c050-4b6e-b4ce-e65e06941745 
[2026-02-17T21:40:06.329Z] [INFO] GET /api/assistance?zip=33327&status=pending 
[2026-02-17T21:40:07.999Z] [INFO] PATCH /api/assistance/4a2e7160-3979-41dd-937c-f17f04c23da6 
[2026-02-17T21:40:08.003Z] [INFO] Notification sent to user 67125ea6-c050-4b6e-b4ce-e65e06941745 assistance_update
[2026-02-17T21:40:08.040Z] [INFO] GET /api/appointments?userId=67125ea6-c050-4b6e-b4ce-e65e06941745 
[2026-02-17T21:40:08.041Z] [INFO] GET /api/assistance?userId=67125ea6-c050-4b6e-b4ce-e65e06941745 
[2026-02-17T21:40:08.077Z] [INFO] GET /api/assistance/4a2e7160-3979-41dd-937c-f17f04c23da6 
[2026-02-17T21:40:09.168Z] [INFO] PATCH /api/assistance/4a2e7160-3979-41dd-937c-f17f04c23da6 
[2026-02-17T21:40:09.169Z] [INFO] Notification sent to user 67125ea6-c050-4b6e-b4ce-e65e06941745 assistance_update
[2026-02-17T21:40:09.170Z] [INFO] Notification sent to user 60b577d5-305f-423f-b6a2-fb3c13dcead3 assistance_update
[2026-02-17T21:40:09.215Z] [INFO] GET /api/appointments?userId=67125ea6-c050-4b6e-b4ce-e65e06941745 
[2026-02-17T21:40:09.215Z] [INFO] GET /api/assistance?userId=67125ea6-c050-4b6e-b4ce-e65e06941745 
[2026-02-17T21:40:09.218Z] [INFO] GET /api/appointments?userId=67125ea6-c050-4b6e-b4ce-e65e06941745 
[2026-02-17T21:40:09.218Z] [INFO] GET /api/assistance?userId=67125ea6-c050-4b6e-b4ce-e65e06941745 
[2026-02-17T21:40:09.283Z] [INFO] GET /api/appointments?mechanicId=60b577d5-305f-423f-b6a2-fb3c13dcead3 
[2026-02-17T21:40:09.292Z] [INFO] GET /api/assistance?mechanicId=60b577d5-305f-423f-b6a2-fb3c13dcead3 
[2026-02-17T21:40:09.302Z] [INFO] GET /api/users/60b577d5-305f-423f-b6a2-fb3c13dcead3 
[2026-02-17T21:40:10.145Z] [INFO] GET /api/appointments?mechanicId=60b577d5-305f-423f-b6a2-fb3c13dcead3 
[2026-02-17T21:40:10.145Z] [INFO] GET /api/assistance?mechanicId=60b577d5-305f-423f-b6a2-fb3c13dcead3 
[2026-02-17T21:40:16.409Z] [INFO] GET /api/appointments?userId=67125ea6-c050-4b6e-b4ce-e65e06941745 
[2026-02-17T21:40:16.409Z] [INFO] GET /api/assistance?userId=67125ea6-c050-4b6e-b4ce-e65e06941745 
[2026-02-17T21:40:17.051Z] [INFO] GET /api/assistance?userId=67125ea6-c050-4b6e-b4ce-e65e06941745&status=pending 
[2026-02-17T21:40:17.597Z] [INFO] GET /api/appointments?userId=67125ea6-c050-4b6e-b4ce-e65e06941745 
[2026-02-17T21:40:17.597Z] [INFO] GET /api/assistance?userId=67125ea6-c050-4b6e-b4ce-e65e06941745 
[2026-02-17T21:40:19.578Z] [INFO] GET /api/assistance?zip=33327&status=pending 
[2026-02-17T21:40:20.037Z] [INFO] GET /api/appointments?mechanicId=60b577d5-305f-423f-b6a2-fb3c13dcead3 
[2026-02-17T21:40:20.045Z] [INFO] GET /api/assistance?mechanicId=60b577d5-305f-423f-b6a2-fb3c13dcead3 
[2026-02-17T21:40:24.473Z] [INFO] GET /api/users/60b577d5-305f-423f-b6a2-fb3c13dcead3 
[2026-02-17T21:40:30.751Z] [INFO] PATCH /api/appointments/4a2e7160-3979-41dd-937c-f17f04c23da6 
[2026-02-17T21:40:30.922Z] [INFO] GET /api/appointments?userId=67125ea6-c050-4b6e-b4ce-e65e06941745 
[2026-02-17T21:40:30.924Z] [INFO] GET /api/assistance?userId=67125ea6-c050-4b6e-b4ce-e65e06941745 
[2026-02-17T21:41:06.109Z] [INFO] Client connected 
[2026-02-17T21:41:06.158Z] [INFO] Registered user: 60b577d5-305f-423f-b6a2-fb3c13dcead3 
[2026-02-17T21:41:18.355Z] [INFO] GET /api/assistance?zip=33327&status=pending 
[2026-02-17T21:41:19.199Z] [INFO] GET /api/appointments?mechanicId=60b577d5-305f-423f-b6a2-fb3c13dcead3 
[2026-02-17T21:41:19.214Z] [INFO] GET /api/assistance?mechanicId=60b577d5-305f-423f-b6a2-fb3c13dcead3 
[2026-02-17T21:41:22.233Z] [INFO] GET /api/appointments?userId=67125ea6-c050-4b6e-b4ce-e65e06941745 
[2026-02-17T21:41:22.236Z] [INFO] GET /api/assistance?userId=67125ea6-c050-4b6e-b4ce-e65e06941745 
[2026-02-17T21:41:22.239Z] [INFO] Client connected 
[2026-02-17T21:41:22.242Z] [INFO] Registered user: 67125ea6-c050-4b6e-b4ce-e65e06941745 
[2026-02-17T21:41:22.631Z] [INFO] GET /api/assistance?zip=33327&status=pending 
[2026-02-17T21:41:23.385Z] [INFO] GET /api/assistance?mechanicId=60b577d5-305f-423f-b6a2-fb3c13dcead3 
[2026-02-17T21:41:23.386Z] [INFO] GET /api/appointments?mechanicId=60b577d5-305f-423f-b6a2-fb3c13dcead3 
[2026-02-17T21:41:25.266Z] [INFO] POST /api/login 
[2026-02-17T21:41:25.440Z] [INFO] GET /api/assistance?userId=67125ea6-c050-4b6e-b4ce-e65e06941745&status=pending 
[2026-02-17T21:41:27.747Z] [INFO] GET /api/vehicles/67125ea6-c050-4b6e-b4ce-e65e06941745 
[2026-02-17T21:41:33.454Z] [INFO] POST /api/assistance 
[2026-02-17T21:41:36.296Z] [INFO] GET /api/appointments?userId=67125ea6-c050-4b6e-b4ce-e65e06941745 
[2026-02-17T21:41:36.298Z] [INFO] GET /api/assistance?userId=67125ea6-c050-4b6e-b4ce-e65e06941745 
[2026-02-17T21:41:38.652Z] [INFO] GET /api/assistance?zip=33327&status=pending 
[2026-02-17T21:41:39.112Z] [INFO] GET /api/appointments?mechanicId=60b577d5-305f-423f-b6a2-fb3c13dcead3 
[2026-02-17T21:41:39.127Z] [INFO] GET /api/assistance?mechanicId=60b577d5-305f-423f-b6a2-fb3c13dcead3 
[2026-02-17T21:41:39.436Z] [INFO] GET /api/assistance?zip=33327&status=pending 
[2026-02-17T21:41:40.820Z] [INFO] PATCH /api/assistance/19782097-d5b8-4cb6-8fe3-3b3699364109 
[2026-02-17T21:41:40.823Z] [INFO] Notification sent to user 67125ea6-c050-4b6e-b4ce-e65e06941745 assistance_update
[2026-02-17T21:41:40.874Z] [INFO] GET /api/appointments?userId=67125ea6-c050-4b6e-b4ce-e65e06941745 
[2026-02-17T21:41:40.876Z] [INFO] GET /api/assistance?userId=67125ea6-c050-4b6e-b4ce-e65e06941745 
[2026-02-17T21:41:40.912Z] [INFO] GET /api/assistance/19782097-d5b8-4cb6-8fe3-3b3699364109 
[2026-02-17T21:41:42.976Z] [INFO] GET /api/appointments?mechanicId=60b577d5-305f-423f-b6a2-fb3c13dcead3 
[2026-02-17T21:41:42.977Z] [INFO] GET /api/assistance?mechanicId=60b577d5-305f-423f-b6a2-fb3c13dcead3 
[2026-02-17T21:41:44.733Z] [INFO] PATCH /api/assistance/19782097-d5b8-4cb6-8fe3-3b3699364109 
[2026-02-17T21:41:44.735Z] [INFO] Notification sent to user 67125ea6-c050-4b6e-b4ce-e65e06941745 assistance_update
[2026-02-17T21:41:44.736Z] [INFO] Notification sent to user 60b577d5-305f-423f-b6a2-fb3c13dcead3 assistance_update
[2026-02-17T21:41:44.783Z] [INFO] GET /api/appointments?userId=67125ea6-c050-4b6e-b4ce-e65e06941745 
[2026-02-17T21:41:44.783Z] [INFO] GET /api/assistance?userId=67125ea6-c050-4b6e-b4ce-e65e06941745 
[2026-02-17T21:41:44.784Z] [INFO] GET /api/appointments?userId=67125ea6-c050-4b6e-b4ce-e65e06941745 
[2026-02-17T21:41:44.784Z] [INFO] GET /api/assistance?userId=67125ea6-c050-4b6e-b4ce-e65e06941745 
[2026-02-17T21:41:44.790Z] [INFO] GET /api/appointments?mechanicId=60b577d5-305f-423f-b6a2-fb3c13dcead3 
[2026-02-17T21:41:44.792Z] [INFO] GET /api/assistance?mechanicId=60b577d5-305f-423f-b6a2-fb3c13dcead3 
[2026-02-17T21:41:44.872Z] [INFO] GET /api/users/60b577d5-305f-423f-b6a2-fb3c13dcead3 
[2026-02-17T21:41:49.316Z] [INFO] GET /api/assistance?zip=33327&status=pending 
[2026-02-17T21:41:51.184Z] [INFO] GET /api/assistance/19782097-d5b8-4cb6-8fe3-3b3699364109 
[2026-02-17T21:41:52.780Z] [INFO] GET /api/users/60b577d5-305f-423f-b6a2-fb3c13dcead3 
[2026-02-17T21:41:56.373Z] [INFO] GET /api/assistance?userId=67125ea6-c050-4b6e-b4ce-e65e06941745&status=pending 
[2026-02-17T21:41:57.110Z] [INFO] GET /api/appointments?userId=67125ea6-c050-4b6e-b4ce-e65e06941745 
[2026-02-17T21:41:57.111Z] [INFO] GET /api/assistance?userId=67125ea6-c050-4b6e-b4ce-e65e06941745 
[2026-02-17T21:41:59.848Z] [INFO] GET /api/appointments?mechanicId=60b577d5-305f-423f-b6a2-fb3c13dcead3 
[2026-02-17T21:41:59.849Z] [INFO] GET /api/assistance?mechanicId=60b577d5-305f-423f-b6a2-fb3c13dcead3 
[2026-02-17T21:42:07.552Z] [INFO] PATCH /api/appointments/19782097-d5b8-4cb6-8fe3-3b3699364109 
[2026-02-17T21:42:07.707Z] [INFO] GET /api/appointments?userId=67125ea6-c050-4b6e-b4ce-e65e06941745 
[2026-02-17T21:42:07.708Z] [INFO] GET /api/assistance?userId=67125ea6-c050-4b6e-b4ce-e65e06941745 
[2026-02-17T21:43:53.026Z] [INFO] Client connected 
[2026-02-17T21:43:53.077Z] [INFO] Registered user: 60b577d5-305f-423f-b6a2-fb3c13dcead3 
[2026-02-17T21:44:38.012Z] [INFO] GET /api/assistance?zip=33327&status=pending 
[2026-02-17T21:44:38.588Z] [INFO] GET /api/appointments?mechanicId=60b577d5-305f-423f-b6a2-fb3c13dcead3 
[2026-02-17T21:44:38.601Z] [INFO] GET /api/assistance?mechanicId=60b577d5-305f-423f-b6a2-fb3c13dcead3 
[2026-02-17T21:44:39.706Z] [INFO] GET /api/assistance?zip=33327&status=pending 
[2026-02-17T21:44:40.165Z] [INFO] GET /api/assistance?mechanicId=60b577d5-305f-423f-b6a2-fb3c13dcead3 
[2026-02-17T21:44:40.165Z] [INFO] GET /api/appointments?mechanicId=60b577d5-305f-423f-b6a2-fb3c13dcead3 
[2026-02-17T21:44:41.042Z] [INFO] GET /api/assistance?zip=33327&status=pending 
[2026-02-17T21:44:43.022Z] [INFO] GET /api/appointments?mechanicId=60b577d5-305f-423f-b6a2-fb3c13dcead3 
[2026-02-17T21:44:43.023Z] [INFO] GET /api/assistance?mechanicId=60b577d5-305f-423f-b6a2-fb3c13dcead3 
[2026-02-17T21:44:43.173Z] [INFO] GET /api/appointments?userId=67125ea6-c050-4b6e-b4ce-e65e06941745 
[2026-02-17T21:44:43.176Z] [INFO] Client connected 
[2026-02-17T21:44:43.178Z] [INFO] GET /api/assistance?userId=67125ea6-c050-4b6e-b4ce-e65e06941745 
[2026-02-17T21:44:43.185Z] [INFO] Registered user: 67125ea6-c050-4b6e-b4ce-e65e06941745 
[2026-02-17T21:44:45.734Z] [INFO] POST /api/login 
[2026-02-17T21:44:45.902Z] [INFO] GET /api/assistance?userId=67125ea6-c050-4b6e-b4ce-e65e06941745&status=pending 
[2026-02-17T21:44:47.562Z] [INFO] GET /api/vehicles/67125ea6-c050-4b6e-b4ce-e65e06941745 
[2026-02-17T21:44:56.388Z] [INFO] POST /api/assistance 
[2026-02-17T21:44:59.013Z] [INFO] GET /api/assistance?zip=33327&status=pending 
[2026-02-17T21:45:03.842Z] [INFO] PATCH /api/assistance/297b7d77-695c-41da-86c6-79c5bd504a1b 
[2026-02-17T21:45:03.848Z] [INFO] Notification sent to user 67125ea6-c050-4b6e-b4ce-e65e06941745 assistance_update
[2026-02-17T21:45:03.923Z] [INFO] GET /api/appointments?userId=67125ea6-c050-4b6e-b4ce-e65e06941745 
[2026-02-17T21:45:03.923Z] [INFO] GET /api/assistance?userId=67125ea6-c050-4b6e-b4ce-e65e06941745 
[2026-02-17T21:45:03.949Z] [INFO] GET /api/assistance/297b7d77-695c-41da-86c6-79c5bd504a1b 
[2026-02-17T21:45:06.017Z] [INFO] GET /api/appointments?mechanicId=60b577d5-305f-423f-b6a2-fb3c13dcead3 
[2026-02-17T21:45:06.027Z] [INFO] GET /api/assistance?mechanicId=60b577d5-305f-423f-b6a2-fb3c13dcead3 
[2026-02-17T21:45:08.093Z] [INFO] PATCH /api/assistance/297b7d77-695c-41da-86c6-79c5bd504a1b 
[2026-02-17T21:45:08.096Z] [INFO] Notification sent to user 67125ea6-c050-4b6e-b4ce-e65e06941745 assistance_update
[2026-02-17T21:45:08.096Z] [INFO] Notification sent to user 60b577d5-305f-423f-b6a2-fb3c13dcead3 assistance_update
[2026-02-17T21:45:08.136Z] [INFO] GET /api/appointments?userId=67125ea6-c050-4b6e-b4ce-e65e06941745 
[2026-02-17T21:45:08.139Z] [INFO] GET /api/assistance?userId=67125ea6-c050-4b6e-b4ce-e65e06941745 
[2026-02-17T21:45:08.140Z] [INFO] GET /api/appointments?userId=67125ea6-c050-4b6e-b4ce-e65e06941745 
[2026-02-17T21:45:08.141Z] [INFO] GET /api/assistance?userId=67125ea6-c050-4b6e-b4ce-e65e06941745 
[2026-02-17T21:45:08.149Z] [INFO] GET /api/appointments?mechanicId=60b577d5-305f-423f-b6a2-fb3c13dcead3 
[2026-02-17T21:45:08.153Z] [INFO] GET /api/assistance?mechanicId=60b577d5-305f-423f-b6a2-fb3c13dcead3 
[2026-02-17T21:45:08.239Z] [INFO] GET /api/users/60b577d5-305f-423f-b6a2-fb3c13dcead3 
[2026-02-17T21:45:29.054Z] [INFO] GET /api/assistance?userId=67125ea6-c050-4b6e-b4ce-e65e06941745&status=pending 
[2026-02-17T21:45:30.550Z] [INFO] GET /api/appointments?userId=67125ea6-c050-4b6e-b4ce-e65e06941745 
[2026-02-17T21:45:30.552Z] [INFO] GET /api/assistance?userId=67125ea6-c050-4b6e-b4ce-e65e06941745 
[2026-02-17T21:45:37.735Z] [INFO] PATCH /api/appointments/297b7d77-695c-41da-86c6-79c5bd504a1b 
[2026-02-17T21:45:37.853Z] [INFO] GET /api/appointments?userId=67125ea6-c050-4b6e-b4ce-e65e06941745 
[2026-02-17T21:45:37.855Z] [INFO] GET /api/assistance?userId=67125ea6-c050-4b6e-b4ce-e65e06941745 
[2026-02-17T21:48:49.999Z] [INFO] Client connected 
[2026-02-17T21:48:50.084Z] [INFO] Registered user: 60b577d5-305f-423f-b6a2-fb3c13dcead3 
[2026-02-17T21:50:07.221Z] [INFO] GET /api/assistance?zip=33327&status=pending 
[2026-02-17T21:50:07.698Z] [INFO] GET /api/appointments?mechanicId=60b577d5-305f-423f-b6a2-fb3c13dcead3 
[2026-02-17T21:50:07.706Z] [INFO] GET /api/assistance?mechanicId=60b577d5-305f-423f-b6a2-fb3c13dcead3 
[2026-02-17T21:50:15.060Z] [INFO] Client connected 
[2026-02-17T21:50:15.063Z] [INFO] GET /api/appointments?userId=67125ea6-c050-4b6e-b4ce-e65e06941745 
[2026-02-17T21:50:15.066Z] [INFO] Registered user: 67125ea6-c050-4b6e-b4ce-e65e06941745 
[2026-02-17T21:50:15.066Z] [INFO] GET /api/assistance?userId=67125ea6-c050-4b6e-b4ce-e65e06941745 
[2026-02-17T21:51:17.301Z] [INFO] POST /api/login 
[2026-02-17T21:51:17.508Z] [INFO] GET /api/assistance?userId=67125ea6-c050-4b6e-b4ce-e65e06941745&status=pending 
[2026-02-17T21:51:19.829Z] [INFO] GET /api/vehicles/67125ea6-c050-4b6e-b4ce-e65e06941745 
[2026-02-17T21:51:26.727Z] [INFO] POST /api/assistance 
[2026-02-17T21:51:29.637Z] [INFO] GET /api/assistance?zip=33327&status=pending 
[2026-02-17T21:51:31.164Z] [INFO] PATCH /api/assistance/3878e3a9-b317-43a2-b7ea-3102457d9a5c 
[2026-02-17T21:51:31.173Z] [INFO] Notification sent to user 67125ea6-c050-4b6e-b4ce-e65e06941745 assistance_update
[2026-02-17T21:51:31.261Z] [INFO] GET /api/appointments?userId=67125ea6-c050-4b6e-b4ce-e65e06941745 
[2026-02-17T21:51:31.272Z] [INFO] GET /api/assistance?userId=67125ea6-c050-4b6e-b4ce-e65e06941745 
[2026-02-17T21:51:31.303Z] [INFO] GET /api/assistance/3878e3a9-b317-43a2-b7ea-3102457d9a5c 
[2026-02-17T21:51:32.535Z] [INFO] PATCH /api/assistance/3878e3a9-b317-43a2-b7ea-3102457d9a5c 
[2026-02-17T21:51:32.545Z] [INFO] Notification sent to user 67125ea6-c050-4b6e-b4ce-e65e06941745 assistance_update
[2026-02-17T21:51:32.545Z] [INFO] Notification sent to user 60b577d5-305f-423f-b6a2-fb3c13dcead3 assistance_update
[2026-02-17T21:51:32.596Z] [INFO] GET /api/appointments?userId=67125ea6-c050-4b6e-b4ce-e65e06941745 
[2026-02-17T21:51:32.596Z] [INFO] GET /api/assistance?userId=67125ea6-c050-4b6e-b4ce-e65e06941745 
[2026-02-17T21:51:32.601Z] [INFO] GET /api/appointments?userId=67125ea6-c050-4b6e-b4ce-e65e06941745 
[2026-02-17T21:51:32.601Z] [INFO] GET /api/assistance?userId=67125ea6-c050-4b6e-b4ce-e65e06941745 
[2026-02-17T21:51:32.692Z] [INFO] GET /api/users/60b577d5-305f-423f-b6a2-fb3c13dcead3 
[2026-02-17T21:51:32.770Z] [INFO] GET /api/appointments?mechanicId=60b577d5-305f-423f-b6a2-fb3c13dcead3 
[2026-02-17T21:51:32.780Z] [INFO] GET /api/assistance?mechanicId=60b577d5-305f-423f-b6a2-fb3c13dcead3 
[2026-02-17T21:51:33.409Z] [INFO] GET /api/appointments?mechanicId=60b577d5-305f-423f-b6a2-fb3c13dcead3 
[2026-02-17T21:51:33.410Z] [INFO] GET /api/assistance?mechanicId=60b577d5-305f-423f-b6a2-fb3c13dcead3 
[2026-02-17T21:51:41.349Z] [INFO] GET /api/assistance?userId=67125ea6-c050-4b6e-b4ce-e65e06941745&status=pending 
[2026-02-17T21:51:42.547Z] [INFO] GET /api/appointments?userId=67125ea6-c050-4b6e-b4ce-e65e06941745 
[2026-02-17T21:51:42.548Z] [INFO] GET /api/assistance?userId=67125ea6-c050-4b6e-b4ce-e65e06941745 
[2026-02-17T21:51:48.053Z] [INFO] PATCH /api/appointments/3878e3a9-b317-43a2-b7ea-3102457d9a5c 
[2026-02-17T21:51:48.058Z] [INFO] Notification sent to user 60b577d5-305f-423f-b6a2-fb3c13dcead3 assistance_update
[2026-02-17T21:51:48.188Z] [INFO] GET /api/appointments?userId=67125ea6-c050-4b6e-b4ce-e65e06941745 
[2026-02-17T21:51:48.190Z] [INFO] GET /api/assistance?userId=67125ea6-c050-4b6e-b4ce-e65e06941745 
[2026-02-17T21:51:48.223Z] [INFO] GET /api/appointments?mechanicId=60b577d5-305f-423f-b6a2-fb3c13dcead3 
[2026-02-17T21:51:48.224Z] [INFO] GET /api/assistance?mechanicId=60b577d5-305f-423f-b6a2-fb3c13dcead3 
[2026-02-17T21:52:08.276Z] [INFO] GET /api/assistance?zip=33327&status=pending 
[2026-02-17T21:52:08.896Z] [INFO] GET /api/appointments?mechanicId=60b577d5-305f-423f-b6a2-fb3c13dcead3 
[2026-02-17T21:52:08.908Z] [INFO] GET /api/assistance?mechanicId=60b577d5-305f-423f-b6a2-fb3c13dcead3 
[2026-02-17T21:52:09.646Z] [INFO] GET /api/assistance?zip=33327&status=pending 
[2026-02-17T21:52:10.361Z] [INFO] GET /api/appointments?mechanicId=60b577d5-305f-423f-b6a2-fb3c13dcead3 
[2026-02-17T21:52:10.367Z] [INFO] GET /api/assistance?mechanicId=60b577d5-305f-423f-b6a2-fb3c13dcead3 
[2026-02-17T21:52:11.152Z] [INFO] GET /api/assistance?userId=67125ea6-c050-4b6e-b4ce-e65e06941745&status=pending 
[2026-02-17T21:52:11.673Z] [INFO] GET /api/appointments?userId=67125ea6-c050-4b6e-b4ce-e65e06941745 
[2026-02-17T21:52:11.674Z] [INFO] GET /api/assistance?userId=67125ea6-c050-4b6e-b4ce-e65e06941745 
[2026-02-17T21:52:17.793Z] [INFO] GET /api/assistance?userId=67125ea6-c050-4b6e-b4ce-e65e06941745&status=pending 
[2026-02-17T21:52:37.164Z] [INFO] Client disconnected: 60b577d5-305f-423f-b6a2-fb3c13dcead3 
[2026-02-18T03:17:56.038Z] [INFO] GET /api/appointments?userId=67125ea6-c050-4b6e-b4ce-e65e06941745 
[2026-02-18T03:17:56.070Z] [INFO] GET /api/assistance?userId=67125ea6-c050-4b6e-b4ce-e65e06941745 
[2026-02-18T03:18:03.278Z] [INFO] GET /api/assistance?userId=67125ea6-c050-4b6e-b4ce-e65e06941745&status=pending 
[2026-02-18T03:18:13.773Z] [INFO] GET /api/appointments?userId=67125ea6-c050-4b6e-b4ce-e65e06941745 
[2026-02-18T03:18:13.777Z] [INFO] GET /api/assistance?userId=67125ea6-c050-4b6e-b4ce-e65e06941745 
[2026-02-18T03:18:14.396Z] [INFO] GET /api/assistance?userId=67125ea6-c050-4b6e-b4ce-e65e06941745&status=pending 
[2026-02-18T03:18:16.355Z] [INFO] GET /api/assistance?userId=67125ea6-c050-4b6e-b4ce-e65e06941745&status=pending 
[2026-02-18T03:18:17.828Z] [INFO] GET /api/vehicles/67125ea6-c050-4b6e-b4ce-e65e06941745 
[2026-02-18T03:18:33.681Z] [INFO] POST /api/assistance 
[2026-02-18T03:18:37.403Z] [INFO] GET /api/assistance?userId=67125ea6-c050-4b6e-b4ce-e65e06941745&status=pending 
[2026-02-18T03:18:39.115Z] [INFO] GET /api/appointments?mechanicId=60b577d5-305f-423f-b6a2-fb3c13dcead3 
[2026-02-18T03:18:39.122Z] [INFO] GET /api/assistance?mechanicId=60b577d5-305f-423f-b6a2-fb3c13dcead3 
[2026-02-18T03:18:39.127Z] [INFO] Client connected 
[2026-02-18T03:18:39.138Z] [INFO] Registered user: 60b577d5-305f-423f-b6a2-fb3c13dcead3 
[2026-02-18T03:18:45.628Z] [INFO] POST /api/login 
[2026-02-18T03:18:45.981Z] [INFO] GET /api/assistance?zip=33327&status=pending 
[2026-02-18T03:18:47.068Z] [INFO] GET /api/appointments?mechanicId=60b577d5-305f-423f-b6a2-fb3c13dcead3 
[2026-02-18T03:18:47.071Z] [INFO] GET /api/assistance?mechanicId=60b577d5-305f-423f-b6a2-fb3c13dcead3 
[2026-02-18T03:18:47.671Z] [INFO] GET /api/assistance?zip=33327&status=pending 
[2026-02-18T03:18:50.626Z] [INFO] PATCH /api/assistance/dc96965f-999f-4aae-bc43-5a969ae94a07 
[2026-02-18T03:18:50.634Z] [INFO] Notification sent to user 67125ea6-c050-4b6e-b4ce-e65e06941745 assistance_update
[2026-02-18T03:18:50.768Z] [INFO] GET /api/appointments?userId=67125ea6-c050-4b6e-b4ce-e65e06941745 
[2026-02-18T03:18:50.769Z] [INFO] GET /api/assistance?userId=67125ea6-c050-4b6e-b4ce-e65e06941745 
[2026-02-18T03:18:50.841Z] [INFO] GET /api/assistance/dc96965f-999f-4aae-bc43-5a969ae94a07 
[2026-02-18T03:18:52.783Z] [INFO] GET /api/appointments?mechanicId=60b577d5-305f-423f-b6a2-fb3c13dcead3 
[2026-02-18T03:18:52.791Z] [INFO] GET /api/assistance?mechanicId=60b577d5-305f-423f-b6a2-fb3c13dcead3 
[2026-02-18T03:30:05.786Z] [INFO] Client connected 
[2026-02-18T03:30:05.856Z] [INFO] Registered user: 67125ea6-c050-4b6e-b4ce-e65e06941745 
[2026-02-18T03:30:06.293Z] [INFO] Client connected 
[2026-02-18T03:30:06.309Z] [INFO] Registered user: 60b577d5-305f-423f-b6a2-fb3c13dcead3 
[2026-02-18T03:37:04.457Z] [INFO] Client disconnected: 67125ea6-c050-4b6e-b4ce-e65e06941745 
[2026-02-18T03:37:04.511Z] [INFO] Client disconnected: 60b577d5-305f-423f-b6a2-fb3c13dcead3 
[2026-02-18T03:37:07.083Z] [INFO] Client connected 
[2026-02-18T03:37:07.085Z] [INFO] GET /api/appointments?mechanicId=60b577d5-305f-423f-b6a2-fb3c13dcead3 
[2026-02-18T03:37:07.086Z] [INFO] GET /api/assistance?mechanicId=60b577d5-305f-423f-b6a2-fb3c13dcead3 
[2026-02-18T03:37:07.094Z] [INFO] Registered user: 60b577d5-305f-423f-b6a2-fb3c13dcead3 
[2026-02-18T03:37:07.759Z] [INFO] GET /api/appointments?userId=67125ea6-c050-4b6e-b4ce-e65e06941745 
[2026-02-18T03:37:07.760Z] [INFO] Client connected 
[2026-02-18T03:37:07.761Z] [INFO] GET /api/assistance?userId=67125ea6-c050-4b6e-b4ce-e65e06941745 
[2026-02-18T03:37:07.768Z] [INFO] Registered user: 67125ea6-c050-4b6e-b4ce-e65e06941745 
[2026-02-18T03:37:35.321Z] [INFO] GET /api/appointments 
[2026-02-18T03:37:35.335Z] [INFO] GET /api/assistance 
[2026-02-18T03:37:37.827Z] [INFO] OPTIONS /api/appointments/all 
[2026-02-18T03:37:37.828Z] [INFO] OPTIONS /api/assistance/all 
[2026-02-18T03:37:37.839Z] [INFO] DELETE /api/appointments/all 
[2026-02-18T03:37:37.841Z] [INFO] DELETE /api/assistance/all 
[2026-02-18T03:37:39.609Z] [INFO] Client disconnected: 67125ea6-c050-4b6e-b4ce-e65e06941745 
[2026-02-18T03:37:39.646Z] [INFO] Client disconnected: 60b577d5-305f-423f-b6a2-fb3c13dcead3 
[2026-02-18T03:38:42.097Z] [INFO] GET /api/appointments?userId=67125ea6-c050-4b6e-b4ce-e65e06941745 
[2026-02-18T03:38:42.100Z] [INFO] Client connected 
[2026-02-18T03:38:42.101Z] [INFO] GET /api/assistance?userId=67125ea6-c050-4b6e-b4ce-e65e06941745 
[2026-02-18T03:38:42.105Z] [INFO] Registered user: 67125ea6-c050-4b6e-b4ce-e65e06941745 
[2026-02-18T03:38:42.858Z] [INFO] Client connected 
[2026-02-18T03:38:42.858Z] [INFO] GET /api/appointments?mechanicId=60b577d5-305f-423f-b6a2-fb3c13dcead3 
[2026-02-18T03:38:42.858Z] [INFO] GET /api/assistance?mechanicId=60b577d5-305f-423f-b6a2-fb3c13dcead3 
[2026-02-18T03:38:42.871Z] [INFO] Registered user: 60b577d5-305f-423f-b6a2-fb3c13dcead3 
[2026-02-18T03:38:44.816Z] [INFO] POST /api/login 
[2026-02-18T03:38:44.975Z] [INFO] GET /api/assistance?userId=67125ea6-c050-4b6e-b4ce-e65e06941745&status=pending 
[2026-02-18T03:38:47.715Z] [INFO] POST /api/login 
[2026-02-18T03:38:47.983Z] [INFO] GET /api/assistance?zip=33327&status=pending 
[2026-02-18T03:38:50.609Z] [INFO] GET /api/vehicles/67125ea6-c050-4b6e-b4ce-e65e06941745 
[2026-02-18T03:38:56.086Z] [INFO] POST /api/assistance 
[2026-02-18T03:38:59.157Z] [INFO] GET /api/appointments?mechanicId=60b577d5-305f-423f-b6a2-fb3c13dcead3 
[2026-02-18T03:38:59.160Z] [INFO] GET /api/assistance?mechanicId=60b577d5-305f-423f-b6a2-fb3c13dcead3 
[2026-02-18T03:38:59.843Z] [INFO] GET /api/assistance?zip=33327&status=pending 
[2026-02-18T03:39:06.078Z] [INFO] PATCH /api/assistance/1c48856e-175a-4c45-a2b4-20db26572dfa 
[2026-02-18T03:39:06.082Z] [INFO] Notification sent to user 67125ea6-c050-4b6e-b4ce-e65e06941745 assistance_update
[2026-02-18T03:39:06.118Z] [INFO] GET /api/appointments?userId=67125ea6-c050-4b6e-b4ce-e65e06941745 
[2026-02-18T03:39:06.119Z] [INFO] GET /api/assistance?userId=67125ea6-c050-4b6e-b4ce-e65e06941745 
[2026-02-18T03:39:06.144Z] [INFO] GET /api/assistance/1c48856e-175a-4c45-a2b4-20db26572dfa 
[2026-02-18T03:39:08.227Z] [INFO] GET /api/appointments?mechanicId=60b577d5-305f-423f-b6a2-fb3c13dcead3 
[2026-02-18T03:39:08.236Z] [INFO] GET /api/assistance?mechanicId=60b577d5-305f-423f-b6a2-fb3c13dcead3 
[2026-02-18T03:39:10.100Z] [INFO] PATCH /api/assistance/1c48856e-175a-4c45-a2b4-20db26572dfa 
[2026-02-18T03:39:10.101Z] [INFO] Notification sent to user 67125ea6-c050-4b6e-b4ce-e65e06941745 assistance_update
[2026-02-18T03:39:10.102Z] [INFO] Notification sent to user 60b577d5-305f-423f-b6a2-fb3c13dcead3 assistance_update
[2026-02-18T03:39:10.142Z] [INFO] GET /api/appointments?userId=67125ea6-c050-4b6e-b4ce-e65e06941745 
[2026-02-18T03:39:10.142Z] [INFO] GET /api/assistance?userId=67125ea6-c050-4b6e-b4ce-e65e06941745 
[2026-02-18T03:39:10.145Z] [INFO] GET /api/appointments?userId=67125ea6-c050-4b6e-b4ce-e65e06941745 
[2026-02-18T03:39:10.145Z] [INFO] GET /api/assistance?userId=67125ea6-c050-4b6e-b4ce-e65e06941745 
[2026-02-18T03:39:10.177Z] [INFO] GET /api/appointments?mechanicId=60b577d5-305f-423f-b6a2-fb3c13dcead3 
[2026-02-18T03:39:10.178Z] [INFO] GET /api/assistance?mechanicId=60b577d5-305f-423f-b6a2-fb3c13dcead3 
[2026-02-18T03:39:10.229Z] [INFO] GET /api/users/60b577d5-305f-423f-b6a2-fb3c13dcead3 
[2026-02-18T03:39:15.889Z] [INFO] GET /api/users/60b577d5-305f-423f-b6a2-fb3c13dcead3 
[2026-02-18T03:39:15.889Z] [INFO] GET /api/users/67125ea6-c050-4b6e-b4ce-e65e06941745 
[2026-02-18T03:39:16.923Z] [INFO] PATCH /api/appointments/1c48856e-175a-4c45-a2b4-20db26572dfa 
[2026-02-18T03:39:17.449Z] [INFO] GET /api/appointments?mechanicId=60b577d5-305f-423f-b6a2-fb3c13dcead3 
[2026-02-18T03:39:17.450Z] [INFO] GET /api/assistance?mechanicId=60b577d5-305f-423f-b6a2-fb3c13dcead3 
[2026-02-18T03:40:52.152Z] [INFO] GET /api/users/60b577d5-305f-423f-b6a2-fb3c13dcead3 
[2026-02-18T03:41:16.762Z] [INFO] GET /api/appointments?userId=67125ea6-c050-4b6e-b4ce-e65e06941745 
[2026-02-18T03:41:16.763Z] [INFO] GET /api/assistance?userId=67125ea6-c050-4b6e-b4ce-e65e06941745 
[2026-02-18T03:41:17.399Z] [INFO] GET /api/assistance?userId=67125ea6-c050-4b6e-b4ce-e65e06941745&status=pending 
[2026-02-18T03:41:18.820Z] [INFO] GET /api/appointments?userId=67125ea6-c050-4b6e-b4ce-e65e06941745 
[2026-02-18T03:41:18.821Z] [INFO] GET /api/assistance?userId=67125ea6-c050-4b6e-b4ce-e65e06941745 
[2026-02-18T03:41:19.368Z] [INFO] GET /api/assistance?userId=67125ea6-c050-4b6e-b4ce-e65e06941745&status=pending 
[2026-02-18T03:41:19.968Z] [INFO] GET /api/appointments?userId=67125ea6-c050-4b6e-b4ce-e65e06941745 
[2026-02-18T03:41:19.969Z] [INFO] GET /api/assistance?userId=67125ea6-c050-4b6e-b4ce-e65e06941745 
[2026-02-18T03:41:22.294Z] [INFO] GET /api/assistance?zip=33327&status=pending 
[2026-02-18T03:41:23.629Z] [INFO] GET /api/appointments?mechanicId=60b577d5-305f-423f-b6a2-fb3c13dcead3 
[2026-02-18T03:41:23.639Z] [INFO] GET /api/assistance?mechanicId=60b577d5-305f-423f-b6a2-fb3c13dcead3 
[2026-02-18T03:41:26.683Z] [INFO] GET /api/assistance?userId=67125ea6-c050-4b6e-b4ce-e65e06941745&status=pending 
[2026-02-18T03:41:28.606Z] [INFO] GET /api/vehicles/67125ea6-c050-4b6e-b4ce-e65e06941745 
[2026-02-18T03:41:34.303Z] [INFO] POST /api/assistance 
[2026-02-18T03:44:05.191Z] [INFO] GET /api/assistance?zip=33327&status=pending 
[2026-02-18T03:44:07.262Z] [INFO] PATCH /api/assistance/3ea49a04-1613-4295-be16-3af491c6af0b 
[2026-02-18T03:44:07.266Z] [INFO] Notification sent to user 67125ea6-c050-4b6e-b4ce-e65e06941745 assistance_update
[2026-02-18T03:44:07.348Z] [INFO] GET /api/appointments?userId=67125ea6-c050-4b6e-b4ce-e65e06941745 
[2026-02-18T03:44:07.349Z] [INFO] GET /api/assistance?userId=67125ea6-c050-4b6e-b4ce-e65e06941745 
[2026-02-18T03:44:07.380Z] [INFO] GET /api/assistance/3ea49a04-1613-4295-be16-3af491c6af0b 
[2026-02-18T03:44:09.479Z] [INFO] GET /api/appointments?mechanicId=60b577d5-305f-423f-b6a2-fb3c13dcead3 
[2026-02-18T03:44:09.493Z] [INFO] GET /api/assistance?mechanicId=60b577d5-305f-423f-b6a2-fb3c13dcead3 
[2026-02-18T03:44:15.560Z] [INFO] GET /api/assistance?zip=33327&status=pending 
[2026-02-18T03:44:22.452Z] [INFO] PATCH /api/assistance/3ea49a04-1613-4295-be16-3af491c6af0b 
[2026-02-18T03:44:22.454Z] [INFO] Notification sent to user 67125ea6-c050-4b6e-b4ce-e65e06941745 assistance_update
[2026-02-18T03:44:22.454Z] [INFO] Notification sent to user 60b577d5-305f-423f-b6a2-fb3c13dcead3 assistance_update
[2026-02-18T03:44:22.511Z] [INFO] GET /api/appointments?userId=67125ea6-c050-4b6e-b4ce-e65e06941745 
[2026-02-18T03:44:22.514Z] [INFO] GET /api/assistance?userId=67125ea6-c050-4b6e-b4ce-e65e06941745 
[2026-02-18T03:44:22.515Z] [INFO] GET /api/appointments?userId=67125ea6-c050-4b6e-b4ce-e65e06941745 
[2026-02-18T03:44:22.516Z] [INFO] GET /api/assistance?userId=67125ea6-c050-4b6e-b4ce-e65e06941745 
[2026-02-18T03:44:22.628Z] [INFO] GET /api/users/60b577d5-305f-423f-b6a2-fb3c13dcead3 
[2026-02-18T03:44:22.744Z] [INFO] GET /api/appointments?mechanicId=60b577d5-305f-423f-b6a2-fb3c13dcead3 
[2026-02-18T03:44:22.746Z] [INFO] GET /api/assistance?mechanicId=60b577d5-305f-423f-b6a2-fb3c13dcead3 
[2026-02-18T03:44:26.091Z] [INFO] GET /api/users/60b577d5-305f-423f-b6a2-fb3c13dcead3 
[2026-02-18T03:44:26.092Z] [INFO] GET /api/users/67125ea6-c050-4b6e-b4ce-e65e06941745 
[2026-02-18T03:44:27.099Z] [INFO] PATCH /api/appointments/3ea49a04-1613-4295-be16-3af491c6af0b 
[2026-02-18T03:44:46.352Z] [INFO] GET /api/assistance/3ea49a04-1613-4295-be16-3af491c6af0b 
[2026-02-18T03:44:52.901Z] [INFO] GET /api/assistance/3ea49a04-1613-4295-be16-3af491c6af0b 
[2026-02-18T03:46:38.548Z] [INFO] GET /api/assistance/3ea49a04-1613-4295-be16-3af491c6af0b 
[2026-02-18T03:47:41.496Z] [INFO] GET /api/assistance/3ea49a04-1613-4295-be16-3af491c6af0b 
[2026-02-18T03:47:44.606Z] [INFO] GET /api/appointments?mechanicId=60b577d5-305f-423f-b6a2-fb3c13dcead3 
[2026-02-18T03:47:44.607Z] [INFO] GET /api/assistance?mechanicId=60b577d5-305f-423f-b6a2-fb3c13dcead3 
[2026-02-18T03:47:46.356Z] [INFO] GET /api/assistance?zip=33327&status=pending 
[2026-02-18T03:47:47.055Z] [INFO] GET /api/assistance?mechanicId=60b577d5-305f-423f-b6a2-fb3c13dcead3 
[2026-02-18T03:47:47.056Z] [INFO] GET /api/appointments?mechanicId=60b577d5-305f-423f-b6a2-fb3c13dcead3 
[2026-02-18T03:47:48.496Z] [INFO] GET /api/users/60b577d5-305f-423f-b6a2-fb3c13dcead3 
[2026-02-18T03:47:48.497Z] [INFO] GET /api/users/67125ea6-c050-4b6e-b4ce-e65e06941745 
[2026-02-18T03:47:49.509Z] [INFO] PATCH /api/appointments/3ea49a04-1613-4295-be16-3af491c6af0b 
[2026-02-18T03:47:50.401Z] [INFO] GET /api/appointments?mechanicId=60b577d5-305f-423f-b6a2-fb3c13dcead3 
[2026-02-18T03:47:50.402Z] [INFO] GET /api/assistance?mechanicId=60b577d5-305f-423f-b6a2-fb3c13dcead3 
[2026-02-18T03:47:59.941Z] [INFO] GET /api/users/60b577d5-305f-423f-b6a2-fb3c13dcead3 
[2026-02-18T03:47:59.942Z] [INFO] GET /api/users/67125ea6-c050-4b6e-b4ce-e65e06941745 
[2026-02-18T03:48:00.938Z] [INFO] PATCH /api/appointments/3ea49a04-1613-4295-be16-3af491c6af0b 
[2026-02-18T03:48:01.483Z] [INFO] GET /api/appointments?mechanicId=60b577d5-305f-423f-b6a2-fb3c13dcead3 
[2026-02-18T03:48:01.484Z] [INFO] GET /api/assistance?mechanicId=60b577d5-305f-423f-b6a2-fb3c13dcead3 
[2026-02-18T03:48:04.304Z] [INFO] GET /api/appointments?userId=67125ea6-c050-4b6e-b4ce-e65e06941745 
[2026-02-18T03:48:04.304Z] [INFO] GET /api/assistance?userId=67125ea6-c050-4b6e-b4ce-e65e06941745 
[2026-02-18T03:48:05.451Z] [INFO] GET /api/assistance?userId=67125ea6-c050-4b6e-b4ce-e65e06941745&status=pending 
[2026-02-18T03:48:06.291Z] [INFO] GET /api/appointments?userId=67125ea6-c050-4b6e-b4ce-e65e06941745 
[2026-02-18T03:48:06.292Z] [INFO] GET /api/assistance?userId=67125ea6-c050-4b6e-b4ce-e65e06941745 
[2026-02-18T03:48:12.197Z] [INFO] GET /api/users/60b577d5-305f-423f-b6a2-fb3c13dcead3 
[2026-02-18T03:48:18.960Z] [INFO] GET /api/assistance?userId=67125ea6-c050-4b6e-b4ce-e65e06941745 
[2026-02-18T03:48:18.961Z] [INFO] GET /api/appointments?userId=67125ea6-c050-4b6e-b4ce-e65e06941745 
[2026-02-18T03:48:22.279Z] [INFO] GET /api/users/60b577d5-305f-423f-b6a2-fb3c13dcead3 
[2026-02-18T03:48:25.381Z] [INFO] GET /api/appointments?userId=67125ea6-c050-4b6e-b4ce-e65e06941745 
[2026-02-18T03:48:25.384Z] [INFO] GET /api/assistance?userId=67125ea6-c050-4b6e-b4ce-e65e06941745 
[2026-02-18T03:48:33.615Z] [INFO] GET /api/users/60b577d5-305f-423f-b6a2-fb3c13dcead3 
[2026-02-18T03:48:38.515Z] [INFO] GET /api/appointments?userId=67125ea6-c050-4b6e-b4ce-e65e06941745 
[2026-02-18T03:48:38.517Z] [INFO] GET /api/assistance?userId=67125ea6-c050-4b6e-b4ce-e65e06941745 
[2026-02-18T03:49:38.303Z] [INFO] GET /api/users/60b577d5-305f-423f-b6a2-fb3c13dcead3 
[2026-02-18T03:49:40.736Z] [INFO] GET /api/appointments?userId=67125ea6-c050-4b6e-b4ce-e65e06941745 
[2026-02-18T03:49:40.738Z] [INFO] GET /api/assistance?userId=67125ea6-c050-4b6e-b4ce-e65e06941745 
[2026-02-18T03:49:42.834Z] [INFO] GET /api/users/60b577d5-305f-423f-b6a2-fb3c13dcead3 
[2026-02-18T03:49:44.226Z] [INFO] GET /api/appointments?userId=67125ea6-c050-4b6e-b4ce-e65e06941745 
[2026-02-18T03:49:44.227Z] [INFO] GET /api/assistance?userId=67125ea6-c050-4b6e-b4ce-e65e06941745 
[2026-02-18T03:49:48.983Z] [INFO] GET /api/appointments?userId=67125ea6-c050-4b6e-b4ce-e65e06941745 
[2026-02-18T03:49:48.984Z] [INFO] GET /api/assistance?userId=67125ea6-c050-4b6e-b4ce-e65e06941745 
[2026-02-18T03:49:50.824Z] [INFO] GET /api/users/60b577d5-305f-423f-b6a2-fb3c13dcead3 
[2026-02-18T03:49:54.175Z] [INFO] GET /api/appointments?userId=67125ea6-c050-4b6e-b4ce-e65e06941745 
[2026-02-18T03:49:54.177Z] [INFO] GET /api/assistance?userId=67125ea6-c050-4b6e-b4ce-e65e06941745 
[2026-02-18T03:49:58.272Z] [INFO] PATCH /api/appointments/1c48856e-175a-4c45-a2b4-20db26572dfa 
[2026-02-18T03:49:58.276Z] [INFO] Notification sent to user 60b577d5-305f-423f-b6a2-fb3c13dcead3 assistance_update
[2026-02-18T03:49:58.368Z] [INFO] GET /api/appointments?mechanicId=60b577d5-305f-423f-b6a2-fb3c13dcead3 
[2026-02-18T03:49:58.370Z] [INFO] GET /api/assistance?mechanicId=60b577d5-305f-423f-b6a2-fb3c13dcead3 
[2026-02-18T03:49:58.591Z] [INFO] GET /api/appointments?userId=67125ea6-c050-4b6e-b4ce-e65e06941745 
[2026-02-18T03:49:58.593Z] [INFO] GET /api/assistance?userId=67125ea6-c050-4b6e-b4ce-e65e06941745 
[2026-02-18T03:50:11.172Z] [INFO] PATCH /api/appointments/3ea49a04-1613-4295-be16-3af491c6af0b 
[2026-02-18T03:50:11.176Z] [INFO] Notification sent to user 60b577d5-305f-423f-b6a2-fb3c13dcead3 assistance_update
[2026-02-18T03:50:11.312Z] [INFO] GET /api/appointments?mechanicId=60b577d5-305f-423f-b6a2-fb3c13dcead3 
[2026-02-18T03:50:11.314Z] [INFO] GET /api/assistance?mechanicId=60b577d5-305f-423f-b6a2-fb3c13dcead3 
[2026-02-18T03:50:11.478Z] [INFO] GET /api/appointments?userId=67125ea6-c050-4b6e-b4ce-e65e06941745 
[2026-02-18T03:50:11.480Z] [INFO] GET /api/assistance?userId=67125ea6-c050-4b6e-b4ce-e65e06941745 
[2026-02-18T03:50:17.661Z] [INFO] GET /api/appointments?userId=67125ea6-c050-4b6e-b4ce-e65e06941745 
[2026-02-18T03:50:17.663Z] [INFO] GET /api/assistance?userId=67125ea6-c050-4b6e-b4ce-e65e06941745 
[2026-02-18T03:50:26.496Z] [INFO] GET /api/assistance?userId=67125ea6-c050-4b6e-b4ce-e65e06941745&status=pending 
[2026-02-18T03:55:34.794Z] [INFO] GET /api/assistance?userId=67125ea6-c050-4b6e-b4ce-e65e06941745&status=pending 
[2026-02-18T03:55:37.608Z] [INFO] GET /api/assistance?userId=67125ea6-c050-4b6e-b4ce-e65e06941745&status=pending 
[2026-02-18T03:58:22.252Z] [INFO] GET /api/vehicles/67125ea6-c050-4b6e-b4ce-e65e06941745 
[2026-02-18T03:58:28.697Z] [INFO] POST /api/assistance 
[2026-02-18T03:58:31.291Z] [INFO] GET /api/assistance?zip=33327&status=pending 
[2026-02-18T03:58:35.604Z] [INFO] PATCH /api/assistance/f12bad3d-f05f-41fa-9d8b-121c3497fbba 
[2026-02-18T03:58:35.610Z] [INFO] Notification sent to user 67125ea6-c050-4b6e-b4ce-e65e06941745 assistance_update
[2026-02-18T03:58:35.786Z] [INFO] GET /api/appointments?userId=67125ea6-c050-4b6e-b4ce-e65e06941745 
[2026-02-18T03:58:35.786Z] [INFO] GET /api/assistance?userId=67125ea6-c050-4b6e-b4ce-e65e06941745 
[2026-02-18T03:58:35.920Z] [INFO] GET /api/assistance/f12bad3d-f05f-41fa-9d8b-121c3497fbba 
[2026-02-18T03:58:37.774Z] [INFO] GET /api/appointments?mechanicId=60b577d5-305f-423f-b6a2-fb3c13dcead3 
[2026-02-18T03:58:37.782Z] [INFO] GET /api/assistance?mechanicId=60b577d5-305f-423f-b6a2-fb3c13dcead3 
[2026-02-18T04:04:53.034Z] [INFO] GET /api/assistance/f12bad3d-f05f-41fa-9d8b-121c3497fbba 
[2026-02-18T04:07:29.847Z] [INFO] PATCH /api/assistance/f12bad3d-f05f-41fa-9d8b-121c3497fbba 
[2026-02-18T04:07:29.860Z] [INFO] Notification sent to user 67125ea6-c050-4b6e-b4ce-e65e06941745 assistance_update
[2026-02-18T04:07:29.861Z] [INFO] Notification sent to user 60b577d5-305f-423f-b6a2-fb3c13dcead3 assistance_update
[2026-02-18T04:07:29.936Z] [INFO] GET /api/appointments?mechanicId=60b577d5-305f-423f-b6a2-fb3c13dcead3 
[2026-02-18T04:07:29.937Z] [INFO] GET /api/assistance?mechanicId=60b577d5-305f-423f-b6a2-fb3c13dcead3 
[2026-02-18T04:07:30.162Z] [INFO] GET /api/appointments?userId=67125ea6-c050-4b6e-b4ce-e65e06941745 
[2026-02-18T04:07:30.164Z] [INFO] GET /api/assistance?userId=67125ea6-c050-4b6e-b4ce-e65e06941745 
[2026-02-18T04:07:30.167Z] [INFO] GET /api/appointments?userId=67125ea6-c050-4b6e-b4ce-e65e06941745 
[2026-02-18T04:07:30.169Z] [INFO] GET /api/assistance?userId=67125ea6-c050-4b6e-b4ce-e65e06941745 
[2026-02-18T04:07:30.511Z] [INFO] GET /api/users/60b577d5-305f-423f-b6a2-fb3c13dcead3 
[2026-02-18T04:07:35.883Z] [INFO] GET /api/users/60b577d5-305f-423f-b6a2-fb3c13dcead3 
[2026-02-18T04:07:35.884Z] [INFO] GET /api/users/67125ea6-c050-4b6e-b4ce-e65e06941745 
[2026-02-18T04:07:36.869Z] [INFO] PATCH /api/appointments/f12bad3d-f05f-41fa-9d8b-121c3497fbba 
[2026-02-18T04:07:38.750Z] [INFO] GET /api/appointments?mechanicId=60b577d5-305f-423f-b6a2-fb3c13dcead3 
[2026-02-18T04:07:38.753Z] [INFO] GET /api/assistance?mechanicId=60b577d5-305f-423f-b6a2-fb3c13dcead3 
[2026-02-18T04:07:48.851Z] [INFO] GET /api/appointments?userId=67125ea6-c050-4b6e-b4ce-e65e06941745 
[2026-02-18T04:07:48.853Z] [INFO] GET /api/assistance?userId=67125ea6-c050-4b6e-b4ce-e65e06941745 
[2026-02-18T04:07:57.144Z] [INFO] GET /api/users/60b577d5-305f-423f-b6a2-fb3c13dcead3 
[2026-02-18T04:07:59.378Z] [INFO] GET /api/appointments?userId=67125ea6-c050-4b6e-b4ce-e65e06941745 
[2026-02-18T04:07:59.379Z] [INFO] GET /api/assistance?userId=67125ea6-c050-4b6e-b4ce-e65e06941745 
[2026-02-18T04:08:02.213Z] [INFO] GET /api/assistance/f12bad3d-f05f-41fa-9d8b-121c3497fbba 
[2026-02-18T04:08:09.049Z] [INFO] GET /api/assistance/f12bad3d-f05f-41fa-9d8b-121c3497fbba 
[2026-02-18T04:08:13.180Z] [INFO] GET /api/appointments?userId=67125ea6-c050-4b6e-b4ce-e65e06941745 
[2026-02-18T04:08:13.184Z] [INFO] GET /api/assistance?userId=67125ea6-c050-4b6e-b4ce-e65e06941745 
[2026-02-18T04:08:15.923Z] [INFO] GET /api/users/60b577d5-305f-423f-b6a2-fb3c13dcead3 
[2026-02-18T04:08:26.484Z] [INFO] PATCH /api/appointments/f12bad3d-f05f-41fa-9d8b-121c3497fbba 
[2026-02-18T04:08:26.490Z] [INFO] Notification sent to user 60b577d5-305f-423f-b6a2-fb3c13dcead3 assistance_update
[2026-02-18T04:08:26.549Z] [INFO] GET /api/appointments?mechanicId=60b577d5-305f-423f-b6a2-fb3c13dcead3 
[2026-02-18T04:08:26.551Z] [INFO] GET /api/assistance?mechanicId=60b577d5-305f-423f-b6a2-fb3c13dcead3 
[2026-02-18T04:08:27.035Z] [INFO] GET /api/appointments?userId=67125ea6-c050-4b6e-b4ce-e65e06941745 
[2026-02-18T04:08:27.037Z] [INFO] GET /api/assistance?userId=67125ea6-c050-4b6e-b4ce-e65e06941745 
[2026-02-18T04:09:14.910Z] [INFO] GET /api/appointments 
[2026-02-18T04:09:14.915Z] [INFO] GET /api/assistance 
[2026-02-18T04:09:14.918Z] [INFO] GET /api/appointments 
[2026-02-18T04:09:14.919Z] [INFO] GET /api/assistance 
[2026-02-18T04:14:13.832Z] [INFO] GET /api/appointments?userId=67125ea6-c050-4b6e-b4ce-e65e06941745 
[2026-02-18T04:14:13.838Z] [INFO] GET /api/assistance?userId=67125ea6-c050-4b6e-b4ce-e65e06941745 
[2026-02-18T04:14:15.516Z] [INFO] GET /api/appointments?mechanicId=60b577d5-305f-423f-b6a2-fb3c13dcead3 
[2026-02-18T04:14:15.518Z] [INFO] GET /api/assistance?mechanicId=60b577d5-305f-423f-b6a2-fb3c13dcead3 
[2026-02-18T04:14:17.745Z] [INFO] GET /api/assistance?zip=33327&status=pending 
[2026-02-18T04:14:20.970Z] [INFO] GET /api/appointments?userId=67125ea6-c050-4b6e-b4ce-e65e06941745 
[2026-02-18T04:14:20.971Z] [INFO] GET /api/assistance?userId=67125ea6-c050-4b6e-b4ce-e65e06941745 
[2026-02-18T04:14:25.484Z] [INFO] GET /api/assistance?userId=67125ea6-c050-4b6e-b4ce-e65e06941745&status=pending 
[2026-02-18T04:14:27.958Z] [INFO] GET /api/vehicles/67125ea6-c050-4b6e-b4ce-e65e06941745 
[2026-02-18T04:14:42.579Z] [INFO] POST /api/assistance 
[2026-02-18T04:14:45.766Z] [INFO] GET /api/assistance?zip=33327&status=pending 
[2026-02-18T04:14:48.455Z] [INFO] PATCH /api/assistance/01fe96b5-9f0f-4fb8-9e2f-655c6969512d 
[2026-02-18T04:14:48.459Z] [INFO] Notification sent to user 67125ea6-c050-4b6e-b4ce-e65e06941745 assistance_update
[2026-02-18T04:14:48.587Z] [INFO] GET /api/appointments?userId=67125ea6-c050-4b6e-b4ce-e65e06941745 
[2026-02-18T04:14:48.588Z] [INFO] GET /api/assistance?userId=67125ea6-c050-4b6e-b4ce-e65e06941745 
[2026-02-18T04:14:48.752Z] [INFO] GET /api/assistance/01fe96b5-9f0f-4fb8-9e2f-655c6969512d 
[2026-02-18T04:14:50.762Z] [INFO] GET /api/appointments?mechanicId=60b577d5-305f-423f-b6a2-fb3c13dcead3 
[2026-02-18T04:14:50.776Z] [INFO] GET /api/assistance?mechanicId=60b577d5-305f-423f-b6a2-fb3c13dcead3 
[2026-02-18T04:14:56.745Z] [INFO] PATCH /api/assistance/01fe96b5-9f0f-4fb8-9e2f-655c6969512d 
[2026-02-18T04:14:56.747Z] [INFO] Notification sent to user 67125ea6-c050-4b6e-b4ce-e65e06941745 assistance_update
[2026-02-18T04:14:56.747Z] [INFO] Notification sent to user 60b577d5-305f-423f-b6a2-fb3c13dcead3 assistance_update
[2026-02-18T04:14:56.799Z] [INFO] GET /api/appointments?mechanicId=60b577d5-305f-423f-b6a2-fb3c13dcead3 
[2026-02-18T04:14:56.799Z] [INFO] GET /api/assistance?mechanicId=60b577d5-305f-423f-b6a2-fb3c13dcead3 
[2026-02-18T04:14:56.913Z] [INFO] GET /api/appointments?userId=67125ea6-c050-4b6e-b4ce-e65e06941745 
[2026-02-18T04:14:56.915Z] [INFO] GET /api/assistance?userId=67125ea6-c050-4b6e-b4ce-e65e06941745 
[2026-02-18T04:14:56.916Z] [INFO] GET /api/appointments?userId=67125ea6-c050-4b6e-b4ce-e65e06941745 
[2026-02-18T04:14:56.916Z] [INFO] GET /api/assistance?userId=67125ea6-c050-4b6e-b4ce-e65e06941745 
[2026-02-18T04:14:57.211Z] [INFO] GET /api/users/60b577d5-305f-423f-b6a2-fb3c13dcead3 
[2026-02-18T04:14:57.248Z] [INFO] GET /api/users/60b577d5-305f-423f-b6a2-fb3c13dcead3 
[2026-02-18T04:15:01.302Z] [INFO] GET /api/users/60b577d5-305f-423f-b6a2-fb3c13dcead3 
[2026-02-18T04:15:01.303Z] [INFO] GET /api/users/67125ea6-c050-4b6e-b4ce-e65e06941745 
[2026-02-18T04:15:02.316Z] [INFO] PATCH /api/appointments/01fe96b5-9f0f-4fb8-9e2f-655c6969512d 
[2026-02-18T04:15:04.751Z] [INFO] GET /api/appointments?mechanicId=60b577d5-305f-423f-b6a2-fb3c13dcead3 
[2026-02-18T04:15:04.751Z] [INFO] GET /api/assistance?mechanicId=60b577d5-305f-423f-b6a2-fb3c13dcead3 
[2026-02-18T04:15:09.721Z] [INFO] GET /api/appointments?userId=67125ea6-c050-4b6e-b4ce-e65e06941745 
[2026-02-18T04:15:09.722Z] [INFO] GET /api/assistance?userId=67125ea6-c050-4b6e-b4ce-e65e06941745 
[2026-02-18T04:15:13.933Z] [INFO] GET /api/appointments?mechanicId=60b577d5-305f-423f-b6a2-fb3c13dcead3 
[2026-02-18T04:15:13.935Z] [INFO] GET /api/assistance?mechanicId=60b577d5-305f-423f-b6a2-fb3c13dcead3 
[2026-02-18T04:15:25.275Z] [INFO] GET /api/appointments?userId=67125ea6-c050-4b6e-b4ce-e65e06941745 
[2026-02-18T04:15:25.276Z] [INFO] GET /api/assistance?userId=67125ea6-c050-4b6e-b4ce-e65e06941745 
[2026-02-18T04:15:28.757Z] [INFO] GET /api/users/60b577d5-305f-423f-b6a2-fb3c13dcead3 
[2026-02-18T04:15:31.061Z] [INFO] PATCH /api/appointments/01fe96b5-9f0f-4fb8-9e2f-655c6969512d 
[2026-02-18T04:15:31.063Z] [INFO] Notification sent to user 60b577d5-305f-423f-b6a2-fb3c13dcead3 assistance_update
[2026-02-18T04:15:31.218Z] [INFO] GET /api/appointments?mechanicId=60b577d5-305f-423f-b6a2-fb3c13dcead3 
[2026-02-18T04:15:31.219Z] [INFO] GET /api/assistance?mechanicId=60b577d5-305f-423f-b6a2-fb3c13dcead3 
[2026-02-18T04:15:31.462Z] [INFO] GET /api/appointments?userId=67125ea6-c050-4b6e-b4ce-e65e06941745 
[2026-02-18T04:15:31.463Z] [INFO] GET /api/assistance?userId=67125ea6-c050-4b6e-b4ce-e65e06941745 
[2026-02-18T04:15:45.537Z] [INFO] GET /api/assistance?zip=33327&status=pending 
[2026-02-18T04:15:46.575Z] [INFO] GET /api/assistance?userId=67125ea6-c050-4b6e-b4ce-e65e06941745&status=pending 
[2026-02-18T04:15:48.838Z] [INFO] GET /api/vehicles/67125ea6-c050-4b6e-b4ce-e65e06941745 
[2026-02-18T04:15:57.478Z] [INFO] POST /api/assistance 
[2026-02-18T04:16:00.496Z] [INFO] GET /api/appointments?mechanicId=60b577d5-305f-423f-b6a2-fb3c13dcead3 
[2026-02-18T04:16:00.497Z] [INFO] GET /api/assistance?mechanicId=60b577d5-305f-423f-b6a2-fb3c13dcead3 
[2026-02-18T04:16:01.019Z] [INFO] GET /api/assistance?zip=33327&status=pending 
[2026-02-18T04:16:10.491Z] [INFO] PATCH /api/assistance/440b69bf-a1e1-4db5-9f0b-b7bab842e5ea 
[2026-02-18T04:16:10.493Z] [INFO] Notification sent to user 67125ea6-c050-4b6e-b4ce-e65e06941745 assistance_update
[2026-02-18T04:16:10.632Z] [INFO] GET /api/appointments?userId=67125ea6-c050-4b6e-b4ce-e65e06941745 
[2026-02-18T04:16:10.633Z] [INFO] GET /api/assistance?userId=67125ea6-c050-4b6e-b4ce-e65e06941745 
[2026-02-18T04:16:10.841Z] [INFO] GET /api/assistance/440b69bf-a1e1-4db5-9f0b-b7bab842e5ea 
[2026-02-18T04:16:12.586Z] [INFO] GET /api/appointments?mechanicId=60b577d5-305f-423f-b6a2-fb3c13dcead3 
[2026-02-18T04:16:12.597Z] [INFO] GET /api/assistance?mechanicId=60b577d5-305f-423f-b6a2-fb3c13dcead3 
[2026-02-18T04:16:14.127Z] [INFO] GET /api/assistance?zip=33327&status=pending 
[2026-02-18T04:16:14.711Z] [INFO] GET /api/appointments?mechanicId=60b577d5-305f-423f-b6a2-fb3c13dcead3 
[2026-02-18T04:16:14.711Z] [INFO] GET /api/assistance?mechanicId=60b577d5-305f-423f-b6a2-fb3c13dcead3 
[2026-02-18T04:16:21.212Z] [INFO] PATCH /api/assistance/440b69bf-a1e1-4db5-9f0b-b7bab842e5ea 
[2026-02-18T04:16:21.215Z] [INFO] Notification sent to user 67125ea6-c050-4b6e-b4ce-e65e06941745 assistance_update
[2026-02-18T04:16:21.215Z] [INFO] Notification sent to user 60b577d5-305f-423f-b6a2-fb3c13dcead3 assistance_update
[2026-02-18T04:16:21.304Z] [INFO] GET /api/appointments?mechanicId=60b577d5-305f-423f-b6a2-fb3c13dcead3 
[2026-02-18T04:16:21.306Z] [INFO] GET /api/assistance?mechanicId=60b577d5-305f-423f-b6a2-fb3c13dcead3 
[2026-02-18T04:16:21.401Z] [INFO] GET /api/appointments?userId=67125ea6-c050-4b6e-b4ce-e65e06941745 
[2026-02-18T04:16:21.403Z] [INFO] GET /api/assistance?userId=67125ea6-c050-4b6e-b4ce-e65e06941745 
[2026-02-18T04:16:21.403Z] [INFO] GET /api/appointments?userId=67125ea6-c050-4b6e-b4ce-e65e06941745 
[2026-02-18T04:16:21.404Z] [INFO] GET /api/assistance?userId=67125ea6-c050-4b6e-b4ce-e65e06941745 
[2026-02-18T04:16:21.797Z] [INFO] GET /api/users/60b577d5-305f-423f-b6a2-fb3c13dcead3 
[2026-02-18T04:16:21.836Z] [INFO] GET /api/users/60b577d5-305f-423f-b6a2-fb3c13dcead3 
[2026-02-18T04:16:23.464Z] [INFO] GET /api/users/60b577d5-305f-423f-b6a2-fb3c13dcead3 
[2026-02-18T04:16:23.464Z] [INFO] GET /api/users/67125ea6-c050-4b6e-b4ce-e65e06941745 
[2026-02-18T04:16:24.477Z] [INFO] PATCH /api/appointments/440b69bf-a1e1-4db5-9f0b-b7bab842e5ea 
[2026-02-18T04:16:26.493Z] [INFO] GET /api/appointments?userId=67125ea6-c050-4b6e-b4ce-e65e06941745 
[2026-02-18T04:16:26.493Z] [INFO] GET /api/assistance?userId=67125ea6-c050-4b6e-b4ce-e65e06941745 
[2026-02-18T04:16:31.063Z] [INFO] GET /api/users/60b577d5-305f-423f-b6a2-fb3c13dcead3 
[2026-02-18T04:16:31.100Z] [INFO] GET /api/users/60b577d5-305f-423f-b6a2-fb3c13dcead3 
[2026-02-18T04:19:13.907Z] [INFO] GET /api/users/60b577d5-305f-423f-b6a2-fb3c13dcead3 
[2026-02-18T04:19:13.908Z] [INFO] GET /api/users/60b577d5-305f-423f-b6a2-fb3c13dcead3 
[2026-02-18T04:19:13.965Z] [INFO] GET /api/users/60b577d5-305f-423f-b6a2-fb3c13dcead3 
[2026-02-18T04:19:13.965Z] [INFO] GET /api/users/67125ea6-c050-4b6e-b4ce-e65e06941745 
[2026-02-18T04:19:15.014Z] [INFO] PATCH /api/appointments/440b69bf-a1e1-4db5-9f0b-b7bab842e5ea 
[2026-02-18T04:19:35.516Z] [INFO] GET /api/appointments?userId=67125ea6-c050-4b6e-b4ce-e65e06941745 
[2026-02-18T04:19:35.518Z] [INFO] GET /api/assistance?userId=67125ea6-c050-4b6e-b4ce-e65e06941745 
[2026-02-18T04:19:44.894Z] [INFO] GET /api/users/60b577d5-305f-423f-b6a2-fb3c13dcead3 
[2026-02-18T04:19:44.936Z] [INFO] GET /api/users/60b577d5-305f-423f-b6a2-fb3c13dcead3 
[2026-02-18T04:19:50.834Z] [INFO] GET /api/appointments?userId=67125ea6-c050-4b6e-b4ce-e65e06941745 
[2026-02-18T04:19:50.835Z] [INFO] GET /api/assistance?userId=67125ea6-c050-4b6e-b4ce-e65e06941745 
[2026-02-18T04:19:52.779Z] [INFO] GET /api/assistance?userId=67125ea6-c050-4b6e-b4ce-e65e06941745&status=pending 
[2026-02-18T04:19:54.670Z] [INFO] GET /api/vehicles/67125ea6-c050-4b6e-b4ce-e65e06941745 
[2026-02-18T04:20:02.278Z] [INFO] POST /api/assistance 
[2026-02-18T04:20:04.298Z] [INFO] GET /api/appointments?mechanicId=60b577d5-305f-423f-b6a2-fb3c13dcead3 
[2026-02-18T04:20:04.299Z] [INFO] GET /api/assistance?mechanicId=60b577d5-305f-423f-b6a2-fb3c13dcead3 
[2026-02-18T04:20:05.426Z] [INFO] GET /api/assistance?zip=33327&status=pending 
[2026-02-18T04:20:08.559Z] [INFO] PATCH /api/assistance/bf083af2-e5bb-4e46-9cd4-07c05600bc68 
[2026-02-18T04:20:08.562Z] [INFO] Notification sent to user 67125ea6-c050-4b6e-b4ce-e65e06941745 assistance_update
[2026-02-18T04:20:08.776Z] [INFO] GET /api/appointments?userId=67125ea6-c050-4b6e-b4ce-e65e06941745 
[2026-02-18T04:20:08.778Z] [INFO] GET /api/assistance?userId=67125ea6-c050-4b6e-b4ce-e65e06941745 
[2026-02-18T04:20:09.028Z] [INFO] GET /api/assistance/bf083af2-e5bb-4e46-9cd4-07c05600bc68 
[2026-02-18T04:20:10.806Z] [INFO] GET /api/appointments?mechanicId=60b577d5-305f-423f-b6a2-fb3c13dcead3 
[2026-02-18T04:20:10.818Z] [INFO] GET /api/assistance?mechanicId=60b577d5-305f-423f-b6a2-fb3c13dcead3 
[2026-02-18T04:20:11.110Z] [INFO] PATCH /api/assistance/bf083af2-e5bb-4e46-9cd4-07c05600bc68 
[2026-02-18T04:20:11.112Z] [INFO] Notification sent to user 67125ea6-c050-4b6e-b4ce-e65e06941745 assistance_update
[2026-02-18T04:20:11.112Z] [INFO] Notification sent to user 60b577d5-305f-423f-b6a2-fb3c13dcead3 assistance_update
[2026-02-18T04:20:11.141Z] [INFO] GET /api/appointments?mechanicId=60b577d5-305f-423f-b6a2-fb3c13dcead3 
[2026-02-18T04:20:11.142Z] [INFO] GET /api/assistance?mechanicId=60b577d5-305f-423f-b6a2-fb3c13dcead3 
[2026-02-18T04:20:11.431Z] [INFO] GET /api/appointments?userId=67125ea6-c050-4b6e-b4ce-e65e06941745 
[2026-02-18T04:20:11.431Z] [INFO] GET /api/assistance?userId=67125ea6-c050-4b6e-b4ce-e65e06941745 
[2026-02-18T04:20:11.438Z] [INFO] GET /api/appointments?userId=67125ea6-c050-4b6e-b4ce-e65e06941745 
[2026-02-18T04:20:11.439Z] [INFO] GET /api/assistance?userId=67125ea6-c050-4b6e-b4ce-e65e06941745 
[2026-02-18T04:20:12.119Z] [INFO] GET /api/users/60b577d5-305f-423f-b6a2-fb3c13dcead3 
[2026-02-18T04:20:12.164Z] [INFO] GET /api/users/60b577d5-305f-423f-b6a2-fb3c13dcead3 
[2026-02-18T04:20:13.220Z] [INFO] GET /api/users/67125ea6-c050-4b6e-b4ce-e65e06941745 
[2026-02-18T04:20:13.221Z] [INFO] GET /api/users/60b577d5-305f-423f-b6a2-fb3c13dcead3 
[2026-02-18T04:20:14.248Z] [INFO] PATCH /api/appointments/bf083af2-e5bb-4e46-9cd4-07c05600bc68 
[2026-02-18T04:20:16.489Z] [INFO] GET /api/appointments?userId=67125ea6-c050-4b6e-b4ce-e65e06941745 
[2026-02-18T04:20:16.490Z] [INFO] GET /api/assistance?userId=67125ea6-c050-4b6e-b4ce-e65e06941745 
[2026-02-18T04:20:22.837Z] [INFO] GET /api/users/60b577d5-305f-423f-b6a2-fb3c13dcead3 
[2026-02-18T04:20:22.879Z] [INFO] GET /api/users/60b577d5-305f-423f-b6a2-fb3c13dcead3 
[2026-02-18T04:20:29.365Z] [INFO] GET /api/appointments?userId=67125ea6-c050-4b6e-b4ce-e65e06941745 
[2026-02-18T04:20:29.366Z] [INFO] GET /api/assistance?userId=67125ea6-c050-4b6e-b4ce-e65e06941745 
[2026-02-18T04:20:30.756Z] [INFO] GET /api/users/60b577d5-305f-423f-b6a2-fb3c13dcead3 
[2026-02-18T04:20:30.799Z] [INFO] GET /api/users/60b577d5-305f-423f-b6a2-fb3c13dcead3 
[2026-02-18T04:20:33.910Z] [INFO] GET /api/appointments?userId=67125ea6-c050-4b6e-b4ce-e65e06941745 
[2026-02-18T04:20:33.911Z] [INFO] GET /api/assistance?userId=67125ea6-c050-4b6e-b4ce-e65e06941745 
[2026-02-18T04:24:45.530Z] [INFO] GET /api/users/60b577d5-305f-423f-b6a2-fb3c13dcead3 
[2026-02-18T04:24:45.576Z] [INFO] GET /api/users/60b577d5-305f-423f-b6a2-fb3c13dcead3 
[2026-02-18T04:25:50.119Z] [INFO] GET /api/users/60b577d5-305f-423f-b6a2-fb3c13dcead3 
[2026-02-18T04:25:50.122Z] [INFO] GET /api/users/67125ea6-c050-4b6e-b4ce-e65e06941745 
[2026-02-18T04:25:50.164Z] [INFO] GET /api/users/60b577d5-305f-423f-b6a2-fb3c13dcead3 
[2026-02-18T04:25:50.171Z] [INFO] GET /api/users/60b577d5-305f-423f-b6a2-fb3c13dcead3 
[2026-02-18T04:25:51.125Z] [INFO] PATCH /api/appointments/bf083af2-e5bb-4e46-9cd4-07c05600bc68 
[2026-02-18T04:26:02.148Z] [INFO] GET /api/appointments?userId=67125ea6-c050-4b6e-b4ce-e65e06941745 
[2026-02-18T04:26:02.150Z] [INFO] GET /api/assistance?userId=67125ea6-c050-4b6e-b4ce-e65e06941745 
[2026-02-18T04:26:04.337Z] [INFO] GET /api/users/60b577d5-305f-423f-b6a2-fb3c13dcead3 
[2026-02-18T04:26:04.381Z] [INFO] GET /api/users/60b577d5-305f-423f-b6a2-fb3c13dcead3 
[2026-02-18T04:26:05.636Z] [INFO] GET /api/appointments?userId=67125ea6-c050-4b6e-b4ce-e65e06941745 
[2026-02-18T04:26:05.637Z] [INFO] GET /api/assistance?userId=67125ea6-c050-4b6e-b4ce-e65e06941745 
[2026-02-18T04:26:08.092Z] [INFO] GET /api/users/60b577d5-305f-423f-b6a2-fb3c13dcead3 
[2026-02-18T04:26:08.133Z] [INFO] GET /api/users/60b577d5-305f-423f-b6a2-fb3c13dcead3 
[2026-02-18T04:26:09.728Z] [INFO] GET /api/appointments?userId=67125ea6-c050-4b6e-b4ce-e65e06941745 
[2026-02-18T04:26:09.729Z] [INFO] GET /api/assistance?userId=67125ea6-c050-4b6e-b4ce-e65e06941745 
[2026-02-18T04:28:39.802Z] [INFO] GET /api/users/60b577d5-305f-423f-b6a2-fb3c13dcead3 
[2026-02-18T04:28:39.846Z] [INFO] GET /api/users/60b577d5-305f-423f-b6a2-fb3c13dcead3 
[2026-02-18T04:30:43.510Z] [INFO] GET /api/users/60b577d5-305f-423f-b6a2-fb3c13dcead3 
[2026-02-18T04:30:43.515Z] [INFO] GET /api/users/67125ea6-c050-4b6e-b4ce-e65e06941745 
[2026-02-18T04:30:43.598Z] [INFO] GET /api/users/60b577d5-305f-423f-b6a2-fb3c13dcead3 
[2026-02-18T04:30:43.599Z] [INFO] GET /api/users/60b577d5-305f-423f-b6a2-fb3c13dcead3 
[2026-02-18T04:30:44.509Z] [INFO] PATCH /api/appointments/bf083af2-e5bb-4e46-9cd4-07c05600bc68 
[2026-02-18T04:31:10.072Z] [INFO] GET /api/appointments?userId=67125ea6-c050-4b6e-b4ce-e65e06941745 
[2026-02-18T04:31:10.074Z] [INFO] GET /api/assistance?userId=67125ea6-c050-4b6e-b4ce-e65e06941745 
[2026-02-18T04:31:11.410Z] [INFO] GET /api/users/60b577d5-305f-423f-b6a2-fb3c13dcead3 
[2026-02-18T04:31:11.454Z] [INFO] GET /api/users/60b577d5-305f-423f-b6a2-fb3c13dcead3 
[2026-02-18T04:31:18.087Z] [INFO] GET /api/appointments?userId=67125ea6-c050-4b6e-b4ce-e65e06941745 
[2026-02-18T04:31:18.088Z] [INFO] GET /api/assistance?userId=67125ea6-c050-4b6e-b4ce-e65e06941745 
[2026-02-18T04:31:24.619Z] [INFO] GET /api/assistance?userId=67125ea6-c050-4b6e-b4ce-e65e06941745&status=pending 
[2026-02-18T04:31:26.163Z] [INFO] GET /api/appointments?userId=67125ea6-c050-4b6e-b4ce-e65e06941745 
[2026-02-18T04:31:26.164Z] [INFO] GET /api/assistance?userId=67125ea6-c050-4b6e-b4ce-e65e06941745 
[2026-02-18T04:31:28.607Z] [INFO] GET /api/users/60b577d5-305f-423f-b6a2-fb3c13dcead3 
[2026-02-18T04:31:30.713Z] [INFO] PATCH /api/appointments/440b69bf-a1e1-4db5-9f0b-b7bab842e5ea 
[2026-02-18T04:31:30.717Z] [INFO] Notification sent to user 60b577d5-305f-423f-b6a2-fb3c13dcead3 assistance_update
[2026-02-18T04:31:30.803Z] [INFO] GET /api/appointments?mechanicId=60b577d5-305f-423f-b6a2-fb3c13dcead3 
[2026-02-18T04:31:30.803Z] [INFO] GET /api/assistance?mechanicId=60b577d5-305f-423f-b6a2-fb3c13dcead3 
[2026-02-18T04:31:31.410Z] [INFO] GET /api/appointments?userId=67125ea6-c050-4b6e-b4ce-e65e06941745 
[2026-02-18T04:31:31.413Z] [INFO] GET /api/assistance?userId=67125ea6-c050-4b6e-b4ce-e65e06941745 
[2026-02-18T04:31:34.601Z] [INFO] GET /api/assistance?mechanicId=60b577d5-305f-423f-b6a2-fb3c13dcead3 
[2026-02-18T04:31:34.602Z] [INFO] GET /api/appointments?mechanicId=60b577d5-305f-423f-b6a2-fb3c13dcead3 
[2026-02-18T04:31:35.912Z] [INFO] GET /api/assistance?zip=33327&status=pending 
[2026-02-18T04:31:36.621Z] [INFO] GET /api/assistance?mechanicId=60b577d5-305f-423f-b6a2-fb3c13dcead3 
[2026-02-18T04:31:36.622Z] [INFO] GET /api/appointments?mechanicId=60b577d5-305f-423f-b6a2-fb3c13dcead3 
[2026-02-18T04:31:38.750Z] [INFO] GET /api/users/60b577d5-305f-423f-b6a2-fb3c13dcead3 
[2026-02-18T04:31:41.562Z] [INFO] PATCH /api/appointments/bf083af2-e5bb-4e46-9cd4-07c05600bc68 
[2026-02-18T04:31:41.564Z] [INFO] Notification sent to user 60b577d5-305f-423f-b6a2-fb3c13dcead3 assistance_update
[2026-02-18T04:31:41.686Z] [INFO] GET /api/appointments?mechanicId=60b577d5-305f-423f-b6a2-fb3c13dcead3 
[2026-02-18T04:31:41.687Z] [INFO] GET /api/assistance?mechanicId=60b577d5-305f-423f-b6a2-fb3c13dcead3 
[2026-02-18T04:31:42.197Z] [INFO] GET /api/appointments?userId=67125ea6-c050-4b6e-b4ce-e65e06941745 
[2026-02-18T04:31:42.199Z] [INFO] GET /api/assistance?userId=67125ea6-c050-4b6e-b4ce-e65e06941745 
[2026-02-18T04:31:44.419Z] [INFO] GET /api/assistance?zip=33327&status=pending 
[2026-02-18T04:31:45.453Z] [INFO] GET /api/assistance?zip=33327&status=pending 
[2026-02-18T04:31:45.887Z] [INFO] GET /api/assistance?zip=33327&status=pending 
[2026-02-18T04:31:46.517Z] [INFO] GET /api/assistance?zip=33327&status=pending 
[2026-02-18T04:31:47.359Z] [INFO] GET /api/assistance?zip=33327&status=pending 
[2026-02-18T04:31:48.801Z] [INFO] GET /api/assistance?userId=67125ea6-c050-4b6e-b4ce-e65e06941745&status=pending 
[2026-02-18T04:31:51.425Z] [INFO] GET /api/vehicles/67125ea6-c050-4b6e-b4ce-e65e06941745 
[2026-02-18T04:31:59.681Z] [INFO] POST /api/assistance 
[2026-02-18T04:32:02.182Z] [INFO] GET /api/appointments?mechanicId=60b577d5-305f-423f-b6a2-fb3c13dcead3 
[2026-02-18T04:32:02.183Z] [INFO] GET /api/assistance?mechanicId=60b577d5-305f-423f-b6a2-fb3c13dcead3 
[2026-02-18T04:32:02.564Z] [INFO] GET /api/assistance?zip=33327&status=pending 
[2026-02-18T04:32:05.937Z] [INFO] GET /api/assistance?zip=33327&status=pending 
[2026-02-18T04:32:07.904Z] [INFO] GET /api/appointments?mechanicId=60b577d5-305f-423f-b6a2-fb3c13dcead3 
[2026-02-18T04:32:07.915Z] [INFO] GET /api/assistance?mechanicId=60b577d5-305f-423f-b6a2-fb3c13dcead3 
[2026-02-18T04:32:09.789Z] [INFO] GET /api/assistance?zip=33327&status=pending 
[2026-02-18T04:32:11.289Z] [INFO] GET /api/assistance?userId=67125ea6-c050-4b6e-b4ce-e65e06941745&status=pending 
[2026-02-18T04:32:14.312Z] [INFO] GET /api/appointments?userId=67125ea6-c050-4b6e-b4ce-e65e06941745 
[2026-02-18T04:32:14.315Z] [INFO] GET /api/assistance?userId=67125ea6-c050-4b6e-b4ce-e65e06941745 
[2026-02-18T04:32:15.553Z] [INFO] GET /api/assistance?userId=67125ea6-c050-4b6e-b4ce-e65e06941745&status=pending 
[2026-02-18T04:32:22.299Z] [INFO] GET /api/appointments?mechanicId=60b577d5-305f-423f-b6a2-fb3c13dcead3 
[2026-02-18T04:32:22.300Z] [INFO] GET /api/assistance?mechanicId=60b577d5-305f-423f-b6a2-fb3c13dcead3 
[2026-02-18T04:32:22.699Z] [INFO] GET /api/assistance?zip=33327&status=pending 
[2026-02-18T04:32:23.964Z] [INFO] GET /api/assistance?userId=67125ea6-c050-4b6e-b4ce-e65e06941745 
[2026-02-18T04:32:23.969Z] [INFO] GET /api/appointments?userId=67125ea6-c050-4b6e-b4ce-e65e06941745 
[2026-02-18T04:32:28.582Z] [INFO] PATCH /api/appointments/4262031f-92a6-4f7e-ad5c-bbe2966a57a2 
[2026-02-18T04:32:29.279Z] [INFO] GET /api/appointments?userId=67125ea6-c050-4b6e-b4ce-e65e06941745 
[2026-02-18T04:32:29.280Z] [INFO] GET /api/assistance?userId=67125ea6-c050-4b6e-b4ce-e65e06941745 
[2026-02-18T04:32:30.656Z] [INFO] GET /api/assistance?userId=67125ea6-c050-4b6e-b4ce-e65e06941745&status=pending 
[2026-02-18T04:33:02.333Z] [INFO] GET /api/vehicles/67125ea6-c050-4b6e-b4ce-e65e06941745 
[2026-02-18T04:33:09.076Z] [INFO] GET /api/assistance?userId=67125ea6-c050-4b6e-b4ce-e65e06941745&status=pending 
[2026-02-18T04:33:11.760Z] [INFO] GET /api/appointments?userId=67125ea6-c050-4b6e-b4ce-e65e06941745 
[2026-02-18T04:33:11.762Z] [INFO] GET /api/assistance?userId=67125ea6-c050-4b6e-b4ce-e65e06941745 
[2026-02-18T04:33:27.645Z] [INFO] PATCH /api/users/67125ea6-c050-4b6e-b4ce-e65e06941745 
[2026-02-18T04:33:32.573Z] [INFO] GET /api/appointments?userId=67125ea6-c050-4b6e-b4ce-e65e06941745 
[2026-02-18T04:33:32.576Z] [INFO] GET /api/assistance?userId=67125ea6-c050-4b6e-b4ce-e65e06941745 
[2026-02-18T04:33:33.146Z] [INFO] GET /api/assistance?userId=67125ea6-c050-4b6e-b4ce-e65e06941745&status=pending 
[2026-02-18T04:33:34.936Z] [INFO] GET /api/vehicles/67125ea6-c050-4b6e-b4ce-e65e06941745 
[2026-02-18T04:33:44.400Z] [INFO] POST /api/assistance 
[2026-02-18T04:33:47.830Z] [INFO] GET /api/appointments?mechanicId=60b577d5-305f-423f-b6a2-fb3c13dcead3 
[2026-02-18T04:33:47.831Z] [INFO] GET /api/assistance?mechanicId=60b577d5-305f-423f-b6a2-fb3c13dcead3 
[2026-02-18T04:33:48.358Z] [INFO] GET /api/assistance?zip=33327&status=pending 
[2026-02-18T04:33:50.359Z] [INFO] PATCH /api/assistance/dcddb9be-965c-42c2-b6fe-648340b2178d 
[2026-02-18T04:33:50.363Z] [INFO] Notification sent to user 67125ea6-c050-4b6e-b4ce-e65e06941745 assistance_update
[2026-02-18T04:33:50.819Z] [INFO] GET /api/appointments?userId=67125ea6-c050-4b6e-b4ce-e65e06941745 
[2026-02-18T04:33:50.823Z] [INFO] GET /api/assistance?userId=67125ea6-c050-4b6e-b4ce-e65e06941745 
[2026-02-18T04:33:51.233Z] [INFO] GET /api/assistance/dcddb9be-965c-42c2-b6fe-648340b2178d 
[2026-02-18T04:33:52.521Z] [INFO] GET /api/assistance?mechanicId=60b577d5-305f-423f-b6a2-fb3c13dcead3 
[2026-02-18T04:33:52.523Z] [INFO] GET /api/appointments?mechanicId=60b577d5-305f-423f-b6a2-fb3c13dcead3 
[2026-02-18T04:33:54.019Z] [INFO] PATCH /api/assistance/dcddb9be-965c-42c2-b6fe-648340b2178d 
[2026-02-18T04:33:54.022Z] [INFO] Notification sent to user 67125ea6-c050-4b6e-b4ce-e65e06941745 assistance_update
[2026-02-18T04:33:54.022Z] [INFO] Notification sent to user 60b577d5-305f-423f-b6a2-fb3c13dcead3 assistance_update
[2026-02-18T04:33:54.236Z] [INFO] GET /api/assistance?mechanicId=60b577d5-305f-423f-b6a2-fb3c13dcead3 
[2026-02-18T04:33:54.237Z] [INFO] GET /api/appointments?mechanicId=60b577d5-305f-423f-b6a2-fb3c13dcead3 
[2026-02-18T04:33:54.473Z] [INFO] GET /api/appointments?userId=67125ea6-c050-4b6e-b4ce-e65e06941745 
[2026-02-18T04:33:54.474Z] [INFO] GET /api/assistance?userId=67125ea6-c050-4b6e-b4ce-e65e06941745 
[2026-02-18T04:33:54.481Z] [INFO] GET /api/appointments?userId=67125ea6-c050-4b6e-b4ce-e65e06941745 
[2026-02-18T04:33:54.482Z] [INFO] GET /api/assistance?userId=67125ea6-c050-4b6e-b4ce-e65e06941745 
[2026-02-18T04:33:55.408Z] [INFO] GET /api/users/60b577d5-305f-423f-b6a2-fb3c13dcead3 
[2026-02-18T04:33:55.460Z] [INFO] GET /api/users/60b577d5-305f-423f-b6a2-fb3c13dcead3 
[2026-02-18T04:33:57.939Z] [INFO] GET /api/users/67125ea6-c050-4b6e-b4ce-e65e06941745 
[2026-02-18T04:33:57.940Z] [INFO] GET /api/users/60b577d5-305f-423f-b6a2-fb3c13dcead3 
[2026-02-18T04:33:58.951Z] [INFO] PATCH /api/appointments/dcddb9be-965c-42c2-b6fe-648340b2178d 
[2026-02-18T04:34:01.297Z] [INFO] GET /api/appointments?userId=67125ea6-c050-4b6e-b4ce-e65e06941745 
[2026-02-18T04:34:01.300Z] [INFO] GET /api/assistance?userId=67125ea6-c050-4b6e-b4ce-e65e06941745 
[2026-02-18T04:34:05.321Z] [INFO] GET /api/users/60b577d5-305f-423f-b6a2-fb3c13dcead3 
[2026-02-18T04:34:05.376Z] [INFO] GET /api/users/60b577d5-305f-423f-b6a2-fb3c13dcead3 
[2026-02-18T04:34:07.694Z] [INFO] GET /api/appointments?userId=67125ea6-c050-4b6e-b4ce-e65e06941745 
[2026-02-18T04:34:07.697Z] [INFO] GET /api/assistance?userId=67125ea6-c050-4b6e-b4ce-e65e06941745 
[2026-02-18T04:34:10.141Z] [INFO] GET /api/appointments?userId=67125ea6-c050-4b6e-b4ce-e65e06941745 
[2026-02-18T04:34:10.141Z] [INFO] GET /api/assistance?userId=67125ea6-c050-4b6e-b4ce-e65e06941745 
[2026-02-18T04:34:12.167Z] [INFO] GET /api/users/60b577d5-305f-423f-b6a2-fb3c13dcead3 
[2026-02-18T04:34:15.555Z] [INFO] GET /api/appointments?mechanicId=60b577d5-305f-423f-b6a2-fb3c13dcead3 
[2026-02-18T04:34:15.559Z] [INFO] GET /api/assistance?mechanicId=60b577d5-305f-423f-b6a2-fb3c13dcead3 
[2026-02-18T04:34:18.350Z] [INFO] PATCH /api/appointments/dcddb9be-965c-42c2-b6fe-648340b2178d 
[2026-02-18T04:34:18.353Z] [INFO] Notification sent to user 60b577d5-305f-423f-b6a2-fb3c13dcead3 assistance_update
[2026-02-18T04:34:18.432Z] [INFO] GET /api/appointments?mechanicId=60b577d5-305f-423f-b6a2-fb3c13dcead3 
[2026-02-18T04:34:18.433Z] [INFO] GET /api/assistance?mechanicId=60b577d5-305f-423f-b6a2-fb3c13dcead3 
[2026-02-18T04:34:19.261Z] [INFO] GET /api/appointments?userId=67125ea6-c050-4b6e-b4ce-e65e06941745 
[2026-02-18T04:34:19.262Z] [INFO] GET /api/assistance?userId=67125ea6-c050-4b6e-b4ce-e65e06941745 
[2026-02-18T04:36:30.227Z] [INFO] Client disconnected: 67125ea6-c050-4b6e-b4ce-e65e06941745 
[2026-02-18T04:53:55.110Z] [INFO] Client disconnected: 60b577d5-305f-423f-b6a2-fb3c13dcead3 
[2026-02-18T15:25:12.632Z] [INFO] GET /api/appointments 
[2026-02-18T15:25:12.639Z] [INFO] GET /api/assistance 
[2026-02-18T15:45:07.706Z] [INFO] GET /api/appointments?mechanicId=60b577d5-305f-423f-b6a2-fb3c13dcead3 
[2026-02-18T15:45:07.714Z] [INFO] GET /api/assistance?mechanicId=60b577d5-305f-423f-b6a2-fb3c13dcead3 
[2026-02-18T15:45:07.718Z] [INFO] Client connected 
[2026-02-18T15:45:07.735Z] [INFO] Registered user: 60b577d5-305f-423f-b6a2-fb3c13dcead3 
[2026-02-18T15:45:10.554Z] [INFO] POST /api/login 
[2026-02-18T15:45:10.834Z] [INFO] GET /api/assistance?zip=33327&status=pending 
[2026-02-18T15:45:13.235Z] [INFO] GET /api/assistance?zip=33327&status=pending 
[2026-02-18T15:58:40.498Z] [INFO] Client disconnected: 60b577d5-305f-423f-b6a2-fb3c13dcead3 
[2026-02-18T18:28:21.908Z] [INFO] GET /api/users 
[2026-02-18T18:28:30.510Z] [INFO] GET /api/users 
[2026-02-18T18:28:30.548Z] [INFO] GET /api/users 
[2026-02-18T18:31:27.593Z] [INFO] GET /api/users 
[2026-02-18T18:31:27.594Z] [INFO] GET /api/users 
[2026-02-18T18:52:42.928Z] [INFO] GET /api/users 
[2026-02-18T18:52:42.962Z] [INFO] GET /api/users 
[2026-02-18T18:52:50.892Z] [INFO] GET /api/users 
[2026-02-18T18:52:50.915Z] [INFO] GET /api/users 
[2026-02-18T18:53:04.649Z] [INFO] OPTIONS /api/users/4edcf783-5f46-4cef-a302-06b571d1d976 
[2026-02-18T18:53:04.658Z] [INFO] DELETE /api/users/4edcf783-5f46-4cef-a302-06b571d1d976 
[2026-02-18T18:53:34.169Z] [INFO] GET /api/users 
[2026-02-20T16:06:18.874Z] [INFO] Client connected 
[2026-02-20T16:06:18.894Z] [INFO] Registered user: 67125ea6-c050-4b6e-b4ce-e65e06941745 
[2026-02-20T16:06:19.627Z] [INFO] Client connected 
[2026-02-20T16:06:19.652Z] [INFO] Registered user: 67125ea6-c050-4b6e-b4ce-e65e06941745 
[2026-02-20T16:06:29.188Z] [INFO] GET /api/assistance 
[2026-02-20T16:06:29.205Z] [INFO] GET /api/appointments 
[2026-02-20T16:06:29.216Z] [INFO] GET /api/users 
[2026-02-20T16:06:29.242Z] [INFO] GET /api/users/check-phone/1234 
[2026-02-20T16:06:29.251Z] [INFO] GET /api/assistance 
[2026-02-20T16:06:29.294Z] [INFO] GET /api/appointments 
[2026-02-20T16:06:29.312Z] [INFO] GET /api/users 
